eul_aid,eul_wid,author_display_string,work_display_string,work_english,work_greek,domain,grc_md,grc_md_bytes,grc_md_text_offset
jlu,jlu-aa,abydenus-the-historian,abydenus-assyrian-median-history,On Assyrian and Median History,Ἀποσπάσματα,History,grc/abydenus-assyrian-median-history-jlu-aa.grc.md,12143,2399
dha,dha-aa,achaios-of-eretria,achaios-eretria-athletes-satyrs,Fragments on Athletes and Satyrs,Ἀποσπάσματα περὶ Ἀθλητῶν καὶ Σατύρων,Drama,grc/achaios-eretria-athletes-satyrs-dha-aa.grc.md,8907,1832
que,que-aa,achilles-tatius-of-alexandria,achilles-tatius-alexandria-adventures-of-leucippe-and-clitophon,Adventures of Leucippe and Clitophon,τὰ κατὰ Λευκίππην καὶ Κλειτοφῶντα,Fiction,grc/achilles-tatius-alexandria-adventures-of-leucippe-and-clitophon-que-aa.grc.md,520524,2021
pbo,pbo-aa,achilles-tatius-the-astronomer,achilles-tatius-excerpted-introduction,Excerpted Introduction,Ἐκλογὴ Εἰσαγωγῆς,Science,grc/achilles-tatius-excerpted-introduction-pbo-aa.grc.md,159433,1687
bls,bls-ad,acusilaus-of-argos,acusilaus-argos-cosmogony,Fragments on Cosmogony,Ἀποσπάσματα περὶ Κοσμογονίας,History,grc/acusilaus-argos-cosmogony-bls-ad.grc.md,23631,2098
bls,bls-ac,acusilaus-of-argos,acusilaus-argos-rivers,Fragments on Rivers,Ἀποσπάσματα περὶ Ποταμῶν,History,grc/acusilaus-argos-rivers-bls-ac.grc.md,36994,2020
bls,bls-aa,acusilaus-of-argos,acusilaus-argos-testimonies,Testimonies 1,Μαρτυρίαι Α',History,grc/acusilaus-argos-testimonies-bls-aa.grc.md,6822,1881
bls,bls-ab,acusilaus-of-argos,acusilaus-argos-testimonies,Testimonies 2,Μαρτυρίαι Β',History,grc/acusilaus-argos-testimonies-bls-ab.grc.md,3767,1801
ayg,ayg-aa,aegimius,aegimius-text,Aegimius,Αἰγίμιος,Epic,grc/aegimius-text-ayg-aa.grc.md,2654,1230
ria,ria-ad,aelian-of-praeneste,aelian-praeneste-excerpts,Excerpts,Ἀποσπασμάτια,Oratory,grc/aelian-praeneste-excerpts-ria-ad.grc.md,172913,1697
ria,ria-aa,aelian-of-praeneste,aelian-praeneste-rustic-letters,From Aelian's Rustic Letters,ἐκ τῶν Αἰλιανοῦ ἀγροικικῶν ἐπιστολῶν,Oratory,grc/aelian-praeneste-rustic-letters-ria-aa.grc.md,28133,1709
ria,ria-ab,aelian-of-praeneste,aelian-praeneste-nature-animals,On the Nature of Animals,Περὶ ζῴων ἰδιότητος,Oratory,grc/aelian-praeneste-nature-animals-ria-ab.grc.md,1271020,1794
ria,ria-ac,aelian-of-praeneste,aelian-praeneste-varied-history,Varied History,Ποικίλη ἱστορία,Oratory,grc/aelian-praeneste-varied-history-ria-ac.grc.md,491626,1997
opg,opg-aa,aelian-the-tactician,aelian-tactician-tactics,Tactics,Τακτικά,Science,grc/aelian-tactician-tactics-opg-aa.grc.md,128203,1980
pnc,pnc-ab,aelius-aristides-of-smyrna,aelius-aristides-smyrna-christian-apologetic,Christian Apologetic Fragments,Ἀπολογητικὰ Χριστιανικὰ Ἀποσπάσματα,Theology,grc/aelius-aristides-smyrna-christian-apologetic-pnc-ab.grc.md,6501,2241
pnc,pnc-ac,aelius-aristides-of-smyrna,aelius-aristides-smyrna-nature-god-humanity,On the Nature of God and Humanity,Ἀποσπάσματα,Theology,grc/aelius-aristides-smyrna-nature-god-humanity-pnc-ac.grc.md,40694,2111
pnc,pnc-aa,aelius-aristides-of-smyrna,aelius-aristides-smyrna-philosophical-fragments,Philosophical Fragments,Φιλοσοφικὰ Ἀποσπάσματα,Theology,grc/aelius-aristides-smyrna-philosophical-fragments-pnc-aa.grc.md,3296,1741
psw,psw-aa,aelius-dionysius,aelius-dionysius-halicarnassus-attic-names,Attic Names,Ἀττικὰ ὀνόματα,Grammar,grc/aelius-dionysius-halicarnassus-attic-names-psw-aa.grc.md,193181,1898
mvc,mvc-aa,aelius-dius-the-historian,aelius-dius-alexandria,Fragments on Alexandria,Ἀποσπάσματα περὶ Ἀλεξανδρείας,History,grc/aelius-dius-alexandria-mvc-aa.grc.md,4470,1706
rdk,rdk-aa,aelius-moeris-the-atticist,aelius-moeris-attic-lexicon,Attic Lexicon,Ἀττικὸν Λεξικόν,Grammar,grc/aelius-moeris-attic-lexicon-rdk-aa.grc.md,80240,1767
nxo,nxo-aa,aelius-theon-the-sophist,aelius-theon-preliminary-exercises,Preliminary Exercises,Προγυμνάσματα,Oratory,grc/aelius-theon-preliminary-exercises-nxo-aa.grc.md,227077,2098
tfg,tfg-ab,aeneas-of-gaza,aeneas-gaza-letters-to-john,Letters to John,Ἐπιστολαὶ πρὸς Ἰωάννην,Philosophy,grc/aeneas-gaza-letters-to-john-tfg-ab.grc.md,37939,1778
tfg,tfg-aa,aeneas-of-gaza,aeneas-gaza-immortality-resurrection,Theophrastus or-the Immortality of Souls and Resurrection of Bodies Dialogue,Θεόφραστος ἢ Περὶ Ἀθανασίας Ψυχῶν καὶ Ἀναστάσεως,Philosophy,grc/aeneas-gaza-immortality-resurrection-tfg-aa.grc.md,187677,2441
ftq,ftq-aa,aeneas-of-stymphalus,aeneas-stymphalus-under-siege-resist,On How Those Under Siege Should Resist,Περὶ τοῦ πῶς χρὴ πολιορκουμένους ἀντέχειν,Science,grc/aeneas-stymphalus-under-siege-resist-ftq-aa.grc.md,183319,2506
ule,ule-aa,aeschines-lives,aeschines-lives,Lives of Aeschines,Βίοι Αἰσχίνου,Biography,grc/aeschines-lives-ule-aa.grc.md,17056,2016
hbm,hbm-aa,aeschines-of-athens,aeschines-athens-against-ctesiphon,Against Ctesiphon,Κατά Κτησιφώντος,Oratory,grc/aeschines-athens-against-ctesiphon-hbm-aa.grc.md,242455,1913
hbm,hbm-ab,aeschines-of-athens,aeschines-athens-against-timarchus,Against Timarchus,Κατὰ Τιμάρχου,Oratory,grc/aeschines-athens-against-timarchus-hbm-ab.grc.md,176873,2025
hbm,hbm-ad,aeschines-of-athens,aeschines-athens-letters-delos,Letters from Delos,Ἐπιστολαὶ ἐκ Δήλου,Oratory,grc/aeschines-athens-letters-delos-hbm-ad.grc.md,56536,2117
hbm,hbm-ac,aeschines-of-athens,aeschines-athens-embassy,On the Embassy,Περὶ τῆς παραπρεσβείας,Oratory,grc/aeschines-athens-embassy-hbm-ac.grc.md,164278,2280
dys,dys-ab,aeschines-of-sphettus,aeschines-sphettus-fragments-education,Fragments on Socrates and Education,Ἀποσπάσματα περὶ Σωκράτους καὶ Παιδείας,Philosophy,grc/aeschines-sphettus-fragments-education-dys-ab.grc.md,11811,2610
dys,dys-aa,aeschines-of-sphettus,aeschines-sphettus-socrates-education,Fragments on Socrates and Education,Ἀποσπάσματα περὶ Σωκράτους καὶ Παιδείας,Philosophy,grc/aeschines-sphettus-socrates-education-dys-aa.grc.md,47832,2098
hvc,hvc-ab,aeschrion-of-samos,aeschrion-samos-epigram,Epigram,Ἐπίγραμμα,Poetry,grc/aeschrion-samos-epigram-hvc-ab.grc.md,2961,1856
hvc,hvc-aa,aeschrion-of-samos,aeschrion-samos-fragments,Fragments and Titles,Ἀποσπάσματα καὶ Τίτλοι,Poetry,grc/aeschrion-samos-fragments-hvc-aa.grc.md,3540,1934
mjy,mjy-aa,aeschylus-of-alexandria,aeschylus-alexandria-testimony,Testimony,Μαρτυρία,Drama,grc/aeschylus-alexandria-testimony-mjy-aa.grc.md,1822,1256
tro,tro-aa,aeschylus-scholia,aeschylus-scholia-persians-glosses,Argument and Interlinear Glosses-the Persians,Ἐπιχείρημα καὶ Ἐνδιάμεσοι Γλῶσσαι εἰς Πέρσας,Scholia,grc/aeschylus-scholia-persians-glosses-tro-aa.grc.md,132781,2392
tro,tro-ak,aeschylus-scholia,aeschylus-scholia-catalogue-fables,Catalogue of Fables,Κατάλογος Μύθων,Scholia,grc/aeschylus-scholia-catalogue-fables-tro-ak.grc.md,3468,1410
tro,tro-af,aeschylus-scholia,aeschylus-scholia-prometheus-bound,Later Scholia on Prometheus Bound,Σχόλια εἰς Προμηθέα Δεσμώτην,Scholia,grc/aeschylus-scholia-prometheus-bound-tro-af.grc.md,329808,2142
tro,tro-an,aeschylus-scholia,aeschylus-scholia-persians,Magister's Commentary on Persians,Σχόλια εἰς Πέρσας,Scholia,grc/aeschylus-scholia-persians-tro-an.grc.md,314957,1918
tro,tro-ao,aeschylus-scholia,aeschylus-scholia-persians,Marginal Scholia on Persians,Σχόλια εἰς Πέρσας,Scholia,grc/aeschylus-scholia-persians-tro-ao.grc.md,55129,2249
tro,tro-al,aeschylus-scholia,aeschylus-scholia-persians,Old Scholia on Persians,Σχόλια εἰς Πέρσας,Scholia,grc/aeschylus-scholia-persians-tro-al.grc.md,55435,1590
tro,tro-ae,aeschylus-scholia,aeschylus-scholia-prometheus-bound,Old Scholia on Prometheus Bound,Σχόλια εἰς Προμηθέα Δεσμώτην,Scholia,grc/aeschylus-scholia-prometheus-bound-tro-ae.grc.md,391163,2032
tro,tro-ab,aeschylus-scholia,aeschylus-scholia-prototriclinian,Prototriclinian Scholia-Aeschylus,Πρωτοτρικλίνια Σχόλια εἰς Αἰσχύλον,Scholia,grc/aeschylus-scholia-prototriclinian-tro-ab.grc.md,32375,2315
tro,tro-ac,aeschylus-scholia,aeschylus-scholia-persians,Scholia and Glosses on Persians,Σχόλια καὶ Γλῶσσαι εἰς Πέρσας,Scholia,grc/aeschylus-scholia-persians-tro-ac.grc.md,14043,2152
tro,tro-ag,aeschylus-scholia,aeschylus-scholia-text,Scholia on Aeschylus (Agamemnon),Σχόλια εἰς Αἰσχύλον,Scholia,grc/aeschylus-scholia-text-tro-ag.grc.md,1466699,2326
tro,tro-ai,aeschylus-scholia,aeschylus-scholia-text,Scholia on Aeschylus (Prometheus and Other Plays),Σχόλια εἰς Αἰσχύλον,Scholia,grc/aeschylus-scholia-text-tro-ai.grc.md,1118727,2164
tro,tro-ad,aeschylus-scholia,aeschylus-scholia-meters,Scholia-Aeschylus's Meters,Σχόλια εἰς τοὺς Μέτρους τοῦ Αἰσχύλου,Scholia,grc/aeschylus-scholia-meters-tro-ad.grc.md,60609,2398
tro,tro-aj,aeschylus-scholia,aeschylus-scholia-eumenides,Scholia-Eumenides,Σχόλια εἰς Εὐμενίδας,Scholia,grc/aeschylus-scholia-eumenides-tro-aj.grc.md,39960,2177
tro,tro-am,aeschylus-scholia,aeschylus-scholia-persians,Scholia-Persians,Σχόλια εἰς Πέρσας,Scholia,grc/aeschylus-scholia-persians-tro-am.grc.md,177307,1889
tro,tro-ah,aeschylus-scholia,aeschylus-scholia-text,Triclinian Scholia on Aeschylus (Agamemnon),Σχόλια εἰς Αἰσχύλον,Scholia,grc/aeschylus-scholia-text-tro-ah.grc.md,306113,1861
emo,emo-ae,aeschylus-the-tragedian,aeschylus-agamemnon,Agamemnon,Ἀγαμέμνων,Drama,grc/aeschylus-agamemnon-emo-ae.grc.md,130613,1779
emo,emo-ai,aeschylus-the-tragedian,aeschylus-epigrams,Epigrams,Ἐπιγράμματα,Drama,grc/aeschylus-epigrams-emo-ai.grc.md,2306,1364
emo,emo-af,aeschylus-the-tragedian,aeschylus-eumenides,Eumenides,Εὐμενίδες,Drama,grc/aeschylus-eumenides-emo-af.grc.md,84355,2452
emo,emo-ag,aeschylus-the-tragedian,aeschylus-oresteia-fragments,Fragments of the Oresteia,Ἀποσπάσματα τῆς Ὀρεστείας,Drama,grc/aeschylus-oresteia-fragments-emo-ag.grc.md,489764,2139
emo,emo-ah,aeschylus-the-tragedian,aeschylus-palici-thebes,Fragments on the Palici and Thebes,Ἀποσπάσματα περὶ Παλικῶν καὶ Θηβῶν,Drama,grc/aeschylus-palici-thebes-emo-ah.grc.md,114779,2115
emo,emo-ab,aeschylus-the-tragedian,aeschylus-libation-bearers,Libation Bearers,Χοηφόροι,Drama,grc/aeschylus-libation-bearers-emo-ab.grc.md,86864,1916
emo,emo-aj,aeschylus-the-tragedian,aeschylus-persians,Persians,Πέρσαι,Drama,grc/aeschylus-persians-emo-aj.grc.md,83998,2249
emo,emo-ac,aeschylus-the-tragedian,aeschylus-prometheus-bound,Prometheus Bound,Προμηθεὺς Δεσμώτης,Drama,grc/aeschylus-prometheus-bound-emo-ac.grc.md,92260,2451
emo,emo-aa,aeschylus-the-tragedian,aeschylus-seven-thebes,Seven-Thebes,Ἑπτὰ ἐπὶ Θήβας,Drama,grc/aeschylus-seven-thebes-emo-aa.grc.md,84659,2738
emo,emo-ad,aeschylus-the-tragedian,aeschylus-supplicants,Supplicants,Ἱκέτιδες,Drama,grc/aeschylus-supplicants-emo-ad.grc.md,81471,1947
pqy,pqy-ab,aesop-life-anon,aesop-mythical-book,Aesop's Mythical Book,Βιβλίον μυθικὸν τοῦ Αἰσώπου,Fiction,grc/aesop-mythical-book-pqy-ab.grc.md,4407,2143
pqy,pqy-ad,aesop-life-anon,aesop-life-g,Life G,Βίος Γ,Fiction,grc/aesop-life-g-pqy-ad.grc.md,216664,2003
pqy,pqy-ac,aesop-life-anon,aesop-life,Life of Aesop,Βίος Αἰσώπου,Fiction,grc/aesop-life-pqy-ac.grc.md,6225,2079
pqy,pqy-aa,aesop-life-anon,aesop-life,Life of Aesop Pl or Accursiana,Βίος Αἰσώπου Πλ ἢ Ἀκκουρσιανός,Fiction,grc/aesop-life-pqy-aa.grc.md,143811,2224
pqy,pqy-ae,aesop-life-anon,aesop-life-w,Life W,Βίος,Fiction,grc/aesop-life-w-pqy-ae.grc.md,170701,2026
aqo,aqo-aq,aesop-the-fabulist,aesop-fables,Aesopic Fables (Anonymous Collection),Μῦθοι,Fiction,grc/aesop-fables-aqo-aq.grc.md,6874,2542
aqo,aqo-ap,aesop-the-fabulist,aesop-fables,Aesopic Fables (Augustana Collection),Αισώπειων μύθων συναγωγή,Fiction,grc/aesop-fables-aqo-ap.grc.md,575301,2124
aqo,aqo-af,aesop-the-fabulist,aesop-fables,Aesopic Fables (Dionian Recension),Μῦθοι Δίωνι Χρυσόστομῳ ἀνατιθέμενοι,Fiction,grc/aesop-fables-aqo-af.grc.md,6065,1851
aqo,aqo-am,aesop-the-fabulist,aesop-proverbs,Aesopic Proverbs,Μῦθοι,Fiction,grc/aesop-proverbs-aqo-am.grc.md,4363,2614
aqo,aqo-ao,aesop-the-fabulist,aesop-epigrams,Epigram,Ἐπίγραμμα,Fiction,grc/aesop-epigrams-aqo-ao.grc.md,2574,1694
aqo,aqo-ai,aesop-the-fabulist,aesop-nicephorus-fable,Fable of Nicephorus,Μῦθος Νικηφόρου,Fiction,grc/aesop-nicephorus-fable-aqo-ai.grc.md,3400,1978
aqo,aqo-ah,aesop-the-fabulist,aesop-fables-dodecasyllables,Fables in Dodecasyllables,Μῦθοι ἐν Δωδεκασυλλάβοις,Fiction,grc/aesop-fables-dodecasyllables-aqo-ah.grc.md,121061,1936
aqo,aqo-ad,aesop-the-fabulist,aesop-aphthonius-fables,Fables of Aphthonius the Rhetorician,Μῦθοι Ἀφθονίου τοῦ Ῥήτορος,Fiction,grc/aesop-aphthonius-fables-aqo-ad.grc.md,36777,1939
aqo,aqo-aj,aesop-the-fabulist,aesop-dositheus-fables,Fables of Dositheus,Μῦθοι Δοσιθέου,Fiction,grc/aesop-dositheus-fables-aqo-aj.grc.md,17015,1827
aqo,aqo-ak,aesop-the-fabulist,aesop-fables,Fables of Libanius,Μῦθοι Λιβανίου,Fiction,grc/aesop-fables-aqo-ak.grc.md,7887,1813
aqo,aqo-ag,aesop-the-fabulist,aesop-syntipas-fables,Fables of Syntipas the Philosopher,Μῦθοι Συντίπα τοῦ Φιλοσόφου,Fiction,grc/aesop-syntipas-fables-aqo-ag.grc.md,62452,2007
aqo,aqo-aa,aesop-the-fabulist,aesop-brancatian-fables,Fables of the Anonymous Brancatian Rhetorician,Μῦθοι τοῦ Ἀνωνύμου Βρανκατιανοῦ Ῥήτορος,Fiction,grc/aesop-brancatian-fables-aqo-aa.grc.md,5269,1623
aqo,aqo-ae,aesop-the-fabulist,aesop-themistius-fables,Fables of Themistius the Rhetorician,Μῦθοι Θεμιστίου τοῦ Ῥήτορος,Fiction,grc/aesop-themistius-fables-aqo-ae.grc.md,3384,1809
aqo,aqo-ac,aesop-the-fabulist,aesop-theophylact-fables,Fables of Theophylact Simocatta the Scholar,Μῦθοι Θεοφυλάκτου Σιμοκάττου τοῦ Σχολαστικοῦ,Fiction,grc/aesop-theophylact-fables-aqo-ac.grc.md,7197,2093
aqo,aqo-ab,aesop-the-fabulist,aesop-preserved-wax-tablets,Fables Preserved-Assendelftian Wax Tablets,Μῦθοι ἐν δέλτοις Ἀσσενδελφτίοις σωθέντες,Fiction,grc/aesop-preserved-wax-tablets-aqo-ab.grc.md,5765,2224
aqo,aqo-an,aesop-the-fabulist,aesop-proverbs,Greek Proverbs (Paroemiae),Παροιμίαι,Fiction,grc/aesop-proverbs-aqo-an.grc.md,42308,1473
aqo,aqo-al,aesop-the-fabulist,aesop-sentences,Sentences,Γνῶμαι,Fiction,grc/aesop-sentences-aqo-al.grc.md,13395,1968
aci,aci-aa,aethiopis,aethiopis-text,Aethiopis,Αἰθιοπίς,Epic,grc/aethiopis-text-aci-aa.grc.md,2969,2295
fza,fza-aa,aethlius-of-samos,aethlius-samos-seasons,On the Seasons of Samos,Ἀποσπάσματα,History,grc/aethlius-samos-seasons-fza-aa.grc.md,4504,1865
vhc,vhc-am,aetius-of-amida,aetius-amida-medical-book-1,Medical Book I,Ἰατρικὸν Βιβλίον Αʹ,Medicine,grc/aetius-amida-medical-book-1-vhc-am.grc.md,420035,1835
vhc,vhc-ag,aetius-of-amida,aetius-amida-medical-book-ii,Medical Book II,Ἰατρικὸν Βιβλίον Βʹ,Medicine,grc/aetius-amida-medical-book-ii-vhc-ag.grc.md,369269,2076
vhc,vhc-ac,aetius-of-amida,aetius-amida-medical-book-iii,Medical Book III,Ἰατρικὸν Βιβλίον Γʹ,Medicine,grc/aetius-amida-medical-book-iii-vhc-ac.grc.md,346876,2322
vhc,vhc-ah,aetius-of-amida,aetius-amida-medical-book-iv,Medical Book IV,Ἰατρικὸν Βιβλίον Δʹ,Medicine,grc/aetius-amida-medical-book-iv-vhc-ah.grc.md,185513,2059
vhc,vhc-ai,aetius-of-amida,aetius-amida-medical-book-ix,Medical Book IX,Ἰατρικὸν Βιβλίον Θʹ,Medicine,grc/aetius-amida-medical-book-ix-vhc-ai.grc.md,447490,2164
vhc,vhc-an,aetius-of-amida,aetius-amida-medical-book-v,Medical Book V,Ἰατρικὸν Βιβλίον Εʹ,Medicine,grc/aetius-amida-medical-book-v-vhc-an.grc.md,407835,2176
vhc,vhc-aj,aetius-of-amida,aetius-amida-medical-book-6,Medical Book VI,Ἰατρικὸν Βιβλίον Ϛʹ,Medicine,grc/aetius-amida-medical-book-6-vhc-aj.grc.md,434075,2444
vhc,vhc-ad,aetius-of-amida,aetius-amida-medical-book-vii,Medical Book VII,Ἰατρικὸν Βιβλίον Ζʹ,Medicine,grc/aetius-amida-medical-book-vii-vhc-ad.grc.md,483065,2153
vhc,vhc-aa,aetius-of-amida,aetius-amida-medical-book-viii,Medical Book VIII,Ἰατρικὸν Βιβλίον Ηʹ,Medicine,grc/aetius-amida-medical-book-viii-vhc-aa.grc.md,517124,2725
vhc,vhc-ak,aetius-of-amida,aetius-amida-medical-book-xi,Medical Book XI,Ἰατρικὸν Βιβλίον ΙΑʹ,Medicine,grc/aetius-amida-medical-book-xi-vhc-ak.grc.md,241188,1951
vhc,vhc-ae,aetius-of-amida,aetius-amida-medical-book-12,Medical Book XII,Ἰατρικὸν Βιβλίον ΙΒʹ,Medicine,grc/aetius-amida-medical-book-12-vhc-ae.grc.md,322135,2283
vhc,vhc-ab,aetius-of-amida,aetius-amida-medical-book-13,Medical Book XIII,Ἰατρικὸν Βιβλίον ΙΓʹ,Medicine,grc/aetius-amida-medical-book-13-vhc-ab.grc.md,64437,1881
vhc,vhc-al,aetius-of-amida,aetius-amida-medical-book-xv,Medical Book XV,Ἰατρικὸν Βιβλίον ΙΕʹ,Medicine,grc/aetius-amida-medical-book-xv-vhc-al.grc.md,329930,1472
vhc,vhc-af,aetius-of-amida,aetius-amida-medical-book-xvi,Medical Book XVI,Ἰατρικὸν Βιβλίον ΙϚʹ,Medicine,grc/aetius-amida-medical-book-xvi-vhc-af.grc.md,503563,1903
ovu,ovu-aa,aetius-the-doxographer,aetius-doctrines-remnants,Opinions (Stobaean Tradition),Περὶ Δογμάτων Ἀπολείμματα,Philosophy,grc/aetius-doctrines-remnants-ovu-aa.grc.md,148066,1912
ovu,ovu-ab,aetius-the-doxographer,aetius-doctrines-remnants,Opinions (Theodoret Tradition),Περὶ Δογμάτων Ἀπολείμματα,Philosophy,grc/aetius-doctrines-remnants-ovu-ab.grc.md,32914,2225
qjk,qjk-aa,agaclytus-the-historian,agaclytus-olympic-dedications,On the Olympic Dedications,Ἀπόσπασμα,History,grc/agaclytus-olympic-dedications-qjk-aa.grc.md,4207,1300
dbq,dbq-aa,agamestor,agamestor-achilles-naming,Fragments on Achilles' Naming,Ἀποσπάσματα περὶ τῆς τοῦ Ἀχιλλέως Ὀνομασίας,Poetry,grc/agamestor-achilles-naming-dbq-aa.grc.md,2223,1553
lue,lue-aa,agatharchides-of-cnidus,agatharchides-cnidus-red-sea,Excerpts from Agatharchides-the Red Sea,Ἐκλογαὶ Ἀγαθαρχίδου περὶ Ἐρυθρᾶς Θαλάσσης,Geography,grc/agatharchides-cnidus-red-sea-lue-aa.grc.md,155630,2182
lue,lue-ab,agatharchides-of-cnidus,agatharchides-cnidus-uncertain-fragments,Fragments of Uncertain Placement,Ἀποσπάσματα Ἀδήλου Θέσεως,Geography,grc/agatharchides-cnidus-uncertain-fragments-lue-ab.grc.md,8275,1879
lue,lue-ad,agatharchides-of-cnidus,agatharchides-cnidus-asia-egypt-fragments,Fragments on Asia and Egypt,Ἀποσπάσματα περὶ Ἀσίας καὶ Αἰγύπτου,Geography,grc/agatharchides-cnidus-asia-egypt-fragments-lue-ad.grc.md,80820,2259
lue,lue-ac,agatharchides-of-cnidus,agatharchides-cnidus-testimonies,Testimonies,Μαρτυρίαι,Geography,grc/agatharchides-cnidus-testimonies-lue-ac.grc.md,8877,1593
luy,luy-aa,agatharchides-of-samos,agatharchides-samos-persian-wars,Fragments on Persian Wars,Ἀποσπάσματα περὶ τῶν Περσικῶν Πολέμων,History,grc/agatharchides-samos-persian-wars-luy-aa.grc.md,4942,1788
rps,rps-aa,agathemerus-the-geographer,agathemerus-geography,InformatiGeography,Πληροφορίαι περὶ γεωγραφίας,Geography,grc/agathemerus-geography-rps-aa.grc.md,27062,1859
izw,izw-aa,agathocles-of-cyzicus,agathocles-cyzicus-legends,On Cyzicus and Its Legends,Ἀποσπάσματα,History,grc/agathocles-cyzicus-legends-izw-aa.grc.md,9721,1854
izw,izw-ab,agathocles-of-cyzicus,agathocles-cyzicus-pontus-river,On the Pontus River,Ἀπόσπασμα,History,grc/agathocles-cyzicus-pontus-river-izw-ab.grc.md,2063,1535
pua,pua-aa,agathodaemon-of-alexandria,agathodaemon-alexandria-oracle,"Agathodaemthe Oracle of Orpheus, Collection and Commentary",Ἀγαθοδαίμων εἰς τὸν χρησμὸν Ὀρφέως συναγωγὴ καὶ,Science,grc/agathodaemon-alexandria-oracle-pua-aa.grc.md,12969,2070
eaq,eaq-aa,agathon-of-athens,agathon-athens-art-chance-frailty,"On Art, Chance, and Human Frailty",Ἀποσπάσματα,Drama,grc/agathon-athens-art-chance-frailty-eaq-aa.grc.md,7018,2138
dca,dca-aa,agathon-of-samos,agathon-samos-scythian-egyptian-histories,Scythian and Egyptian Histories,Ἀποσπάσματα,History,grc/agathon-samos-scythian-egyptian-histories-dca-aa.grc.md,6210,1650
ezg,ezg-aa,agesilaus-ii-of-sparta,agesilaus-sparta-italian-gods,On the Italian Gods,Ἀπόσπασμα,History,grc/agesilaus-sparta-italian-gods-ezg-aa.grc.md,2106,1403
aby,aby-aa,agias-of-troezen,agias-troezen-histories-myths,Argolic Histories and Myths,Ἀποσπάσματα,History,grc/agias-troezen-histories-myths-aby-aa.grc.md,3461,1610
qja,qja-ab,aglaias-of-byzantium,aglaias-byzantium-medical-recipe,Medical Recipe for Demetrius,Ἀπόσπασμα,Poetry,grc/aglaias-byzantium-medical-recipe-qja-ab.grc.md,4400,1494
qja,qja-aa,aglaias-of-byzantium,aglaias-byzantium-initial-discharges,To the Initial Discharges,Πρὸς τὰς ἀρχομένας ὑποχύσεις,Poetry,grc/aglaias-byzantium-initial-discharges-qja-aa.grc.md,4675,2042
hlm,hlm-aa,aglaosthenes-naxius,aglaosthenes-naxius-mythological-fragments,Naxian Mythological Fragments,Ἀποσπάσματα,History,grc/aglaosthenes-naxius-mythological-fragments-hlm-aa.grc.md,6821,2333
kbe,kbe-aa,agroetas,agroetas-libyan-myths,Libyan Myths and Genealogies,Ἀποσπάσματα,History,grc/agroetas-libyan-myths-kbe-aa.grc.md,5457,1780
nhu,nhu-ab,akesandros-the-historian,akesandros-cyrenean-myths,Fragments on Cyrenean Myths,Ἀποσπάσματα περὶ τῶν Κυρηναϊκῶν Μύθων,History,grc/akesandros-cyrenean-myths-nhu-ab.grc.md,2886,1820
nhu,nhu-aa,akesandros-the-historian,akesandros-mythological-genealogy,Fragments on Mythological Genealogy,Ἀποσπάσματα περὶ Μυθολογικῆς Γενεαλογίας,History,grc/akesandros-mythological-genealogy-nhu-aa.grc.md,8650,1821
qhm,qhm-aa,albinus-the-platonist,albinus-plato-dialogues-intro,Introduction to the Dialogues of Plato,Εἰσαγογὴ εἰς τοὺς Πλάτωνος διαλόγους,Philosophy,grc/albinus-plato-dialogues-intro-qhm-aa.grc.md,19728,2209
qhm,qhm-ab,albinus-the-platonist,albinus-plato-doctrines,Teaching of Plato's Doctrines,Διδασκαλικὸς τῶν Πλάτωνος δογμάτων,Philosophy,grc/albinus-plato-doctrines-qhm-ab.grc.md,160336,2216
asm,asm-aa,alcaeus-of-mytilene,alcaeus-mytilene-marriage-kingship,Fragments on Marriage and Kingship,Ἀποσπάσματα περὶ Γάμου καὶ Βασιλείας,Poetry,grc/alcaeus-mytilene-marriage-kingship-asm-aa.grc.md,93920,2059
asm,asm-ab,alcaeus-of-mytilene,alcaeus-mytilene-war-exile,Fragments on War and Exile,Ἀποσπάσματα περὶ Πολέμου καὶ Φυγῆς,Poetry,grc/alcaeus-mytilene-war-exile-asm-ab.grc.md,9970,1862
fim,fim-ab,alcaeus-the-comic-poet,alcaeus-comic-daily-life,Comic Fragments on Daily Life,Ἀποσπάσματα περὶ Βίου Καθημερινοῦ Κωμικά,Comedy,grc/alcaeus-comic-daily-life-fim-ab.grc.md,4045,1895
fim,fim-aa,alcaeus-the-comic-poet,alcaeus-comic-daily-life,Fragments on Daily Life,Ἀποσπάσματα περὶ Βίου Καθημερινοῦ,Comedy,grc/alcaeus-comic-daily-life-fim-aa.grc.md,4740,2001
fim,fim-ac,alcaeus-the-comic-poet,alcaeus-comic-homeric-parody,On Homeric Parody,Ἀπόσπασμα,Comedy,grc/alcaeus-comic-homeric-parody-fim-ac.grc.md,2691,1861
rrg,rrg-bv,alchemist-i,alchemist-i-fragment,Alchemical Fragment,Ἀλχημικὸν Ἀπόσπασμα,Science,grc/alchemist-i-fragment-rrg-bv.grc.md,3796,1901
rrg,rrg-br,alchemist-i,alchemist-i-fragment,Alchemical Fragment,Χημικὸν Ἀπόσπασμα,Science,grc/alchemist-i-fragment-rrg-br.grc.md,2545,1651
rrg,rrg-bs,alchemist-i,alchemist-i-fragment,Alchemical Fragment,Χημικὸν Ἀπόσπασμα,Science,grc/alchemist-i-fragment-rrg-bs.grc.md,3765,1645
rrg,rrg-bx,alchemist-i,alchemist-i-fragment,Alchemical Fragment,Χημικὸν Ἀπόσπασμα,Science,grc/alchemist-i-fragment-rrg-bx.grc.md,2950,1801
rrg,rrg-bq,alchemist-i,alchemist-i-fragment,Alchemical Fragment,Ἀλχημικὸν Ἀπόσπασμα,Science,grc/alchemist-i-fragment-rrg-bq.grc.md,2677,1978
rrg,rrg-bt,alchemist-i,alchemist-i-fragment,Alchemical Fragment,Χημικὸν Ἀπόσπασμα,Science,grc/alchemist-i-fragment-rrg-bt.grc.md,3974,2374
rrg,rrg-bu,alchemist-i,alchemist-i-fragment,Alchemical Fragment,Ἀλχημικὸν Ἀπόσπασμα,Science,grc/alchemist-i-fragment-rrg-bu.grc.md,3172,2277
rrg,rrg-bw,alchemist-i,alchemist-i-fragment,Alchemical Fragment,Ἀλχημικὸν Ἀπόσπασμα,Science,grc/alchemist-i-fragment-rrg-bw.grc.md,2968,1583
rrg,rrg-cb,alchemist-i,alchemist-i-lexicon,Alchemical Lexicon,Λεξικὸν κατὰ στοιχεῖον τῆς,Science,grc/alchemist-i-lexicon-rrg-cb.grc.md,23160,1799
rrg,rrg-by,alchemist-i,alchemist-i-treatise,Alchemical Treatise (Recension A),Χημικὸν Σύγγραμμα,Science,grc/alchemist-i-treatise-rrg-by.grc.md,48092,1996
rrg,rrg-bz,alchemist-i,alchemist-i-treatise,Alchemical Treatise (Recension B),Χημικὸν Σύγγραμμα,Science,grc/alchemist-i-treatise-rrg-bz.grc.md,85335,2063
rrg,rrg-bl,alchemist-i,alchemist-i-poem-conclusion,Conclusion of the Poem,Συμπέρασμα τῆς ποιήσεως,Science,grc/alchemist-i-poem-conclusion-rrg-bl.grc.md,2908,1794
rrg,rrg-ch,alchemist-i,alchemist-i-gold-creation,Creation of Gold,Χρυσοῦ ποίησις,Science,grc/alchemist-i-gold-creation-rrg-ch.grc.md,4619,2363
rrg,rrg-ci,alchemist-i,alchemist-i-lime-creation,Creation of Lime,Ποίησις ἀσβέστου,Science,grc/alchemist-i-lime-creation-rrg-ci.grc.md,3774,1908
rrg,rrg-ba,alchemist-i,alchemist-i-creation-whole,Creation Rather of the Whole,Ποίησις μᾶλλον τοῦ παντός,Science,grc/alchemist-i-creation-whole-rrg-ba.grc.md,8590,2072
rrg,rrg-bh,alchemist-i,alchemist-i-dedication-theodorus,Dedication to Theodorus,Πρὸς Θεόδωρον Ἀφιέρωσις,Science,grc/alchemist-i-dedication-theodorus-rrg-bh.grc.md,4521,2217
rrg,rrg-aa,alchemist-i,alchemist-i-solar-universe-diagram,Diagram of the Great Solar Work Compared to the Economy of the Universe,Διάγραμμα τῆς μεγάλης ἡλιουργίας παραβαλλόμενον,Science,grc/alchemist-i-solar-universe-diagram-rrg-aa.grc.md,5264,2980
rrg,rrg-aq,alchemist-i,alchemist-i-lead-gold,Differences of Lead and Gold Leaf,Διαφοραὶ μολίβδου καὶ χρυσοπετάλου,Science,grc/alchemist-i-lead-gold-rrg-aq.grc.md,9037,2114
rrg,rrg-an,alchemist-i,alchemist-i-persian-bronze,Dyeing of Persian Bronze Found by Philip,Βαφὴ τοῦ παρὰ Πέρσαις ἐξευρημένου χαλκοῦ,Science,grc/alchemist-i-persian-bronze-rrg-an.grc.md,6081,2507
rrg,rrg-ag,alchemist-i,alchemist-i-dyeing-stones-emeralds,"Dyeing of Stones, Emeralds, Lichnites, and Hyacinths",Καταβαφὴ λίθων καὶ σμαράγδων καὶ λιχνιτῶν καὶ,Science,grc/alchemist-i-dyeing-stones-emeralds-rrg-ag.grc.md,47067,2298
rrg,rrg-co,alchemist-i,alchemist-i-economy,Economy,Ἡ οἰκονομία,Science,grc/alchemist-i-economy-rrg-co.grc.md,3966,1225
rrg,rrg-cg,alchemist-i,alchemist-i-months,Excerpt-Months,Ἐκλογὴ περὶ Μηνῶν,Science,grc/alchemist-i-months-rrg-cg.grc.md,3647,2034
rrg,rrg-cc,alchemist-i,alchemist-i-metallics,From the Metallics,Ἐκ τῶν μεταλλικῶν,Science,grc/alchemist-i-metallics-rrg-cc.grc.md,3033,1687
rrg,rrg-ay,alchemist-i,alchemist-i-trismegistus-instrument,Hermes Trismegistus Instrument,Ἑρμοῦ τρισμεγίστου ὄργανον,Science,grc/alchemist-i-trismegistus-instrument-rrg-ay.grc.md,3370,2163
rrg,rrg-ac,alchemist-i,alchemist-i-molds-casts-thunderbolt,"If You Want to Make Molds and Casts from Thunderbolt, Do Thus",Εἰ θέλεις ποιῆσαι φούρμας καὶ τύλους ἀπὸ,Science,grc/alchemist-i-molds-casts-thunderbolt-rrg-ac.grc.md,8236,2440
rrg,rrg-bc,alchemist-i,alchemist-i-labyrinth-solomon,Labyrinth Built by Solomon,Λαβύρινθος ἥνπερ Σολομὼν ἐτεκτήνατο,Science,grc/alchemist-i-labyrinth-solomon-rrg-bc.grc.md,4209,2113
rrg,rrg-cm,alchemist-i,alchemist-i-ash-making,Making of Ash,Στάκτης ποίησις,Science,grc/alchemist-i-ash-making-rrg-cm.grc.md,5350,1588
rrg,rrg-cd,alchemist-i,alchemist-i-crystals,Making of Crystals,Ποίησις κρυσταλλίων,Science,grc/alchemist-i-crystals-rrg-cd.grc.md,6306,1841
rrg,rrg-cj,alchemist-i,alchemist-i-silver,Making of Silver,Ποίησις ἀργύρου,Science,grc/alchemist-i-silver-rrg-cj.grc.md,4067,2126
rrg,rrg-ce,alchemist-i,alchemist-i-lime-management,Management of Lime,Οἰκονομία τῆς ἀσβέστου,Science,grc/alchemist-i-lime-management-rrg-ce.grc.md,3581,1696
rrg,rrg-ca,alchemist-i,alchemist-i-goldsmiths,Names of Goldsmiths,Ὀνόματα τῶν χρυσοποιητῶν,Science,grc/alchemist-i-goldsmiths-rrg-ca.grc.md,3716,1899
rrg,rrg-bi,alchemist-i,alchemist-i-oath-philosopher,Oath of the Philosopher,Ὅρκος τοῦ φιλοσόφου,Science,grc/alchemist-i-oath-philosopher-rrg-bi.grc.md,3627,1773
rrg,rrg-cl,alchemist-i,alchemist-i-dyeing-iron,On Dyeing Iron,Περὶ βαφῆς σιδήρου,Science,grc/alchemist-i-dyeing-iron-rrg-cl.grc.md,11996,2152
rrg,rrg-ck,alchemist-i,alchemist-i-gilding-iron,On Gilding Iron,Περὶ τοῦ χρυσῶσαι σίδηρον,Science,grc/alchemist-i-gilding-iron-rrg-ck.grc.md,5641,1808
rrg,rrg-bm,alchemist-i,alchemist-i-cheese-glue,On Making Cheese Glue,Περὶ τοῦ ποιῆσαι τυρόκολλαν,Science,grc/alchemist-i-cheese-glue-rrg-bm.grc.md,4760,2543
rrg,rrg-cf,alchemist-i,alchemist-i-making-oxysapon,On Making Oxysapon,Περὶ τοῦ ποιῆσαι ὀξυγγοσάπουνον,Science,grc/alchemist-i-making-oxysapon-rrg-cf.grc.md,3239,1790
rrg,rrg-cn,alchemist-i,alchemist-i-orichalcum,On Orichalcum,Περὶ τοῦ ὀρειχάλκου,Science,grc/alchemist-i-orichalcum-rrg-cn.grc.md,2471,1582
rrg,rrg-as,alchemist-i,alchemist-i-pearls-excerpts,"On Pearls, Collection of Excerpts",Περὶ μαργαριτῶν,Science,grc/alchemist-i-pearls-excerpts-rrg-as.grc.md,13768,2057
rrg,rrg-av,alchemist-i,alchemist-i-creation-unmarked,On the Creation of the Unmarked,Περὶ ποιήσεως ἀσήμου,Science,grc/alchemist-i-creation-unmarked-rrg-av.grc.md,4088,1984
rrg,rrg-ak,alchemist-i,alchemist-i-divine-sacred-art,On the Divine and Sacred Art of Philosophers,Περὶ τῆς θείας καὶ ἱερᾶς τέχνης τῶν φιλοσόφων,Science,grc/alchemist-i-divine-sacred-art-rrg-ak.grc.md,9523,2859
rrg,rrg-ad,alchemist-i,alchemist-i-dyeing-indian-iron,On the Dyeing of Indian Iron,Βαφὴ τοῦ ἰνδικοῦ σιδήρου γραφεῖσα ἀπὸ ἀρχῆς,Science,grc/alchemist-i-dyeing-indian-iron-rrg-ad.grc.md,5281,2602
rrg,rrg-at,alchemist-i,alchemist-i-egg-ancients-say,"On the Egg, the Ancients Say Thus",Περὶ τοῦ ὠοῦ οἱ παλαιοί φασιν οὕτως,Science,grc/alchemist-i-egg-ancients-say-rrg-at.grc.md,7871,2270
rrg,rrg-bp,alchemist-i,alchemist-i-four-elements,On the Four Elements,Περὶ τῶν τεσσάρων στοιχείων,Science,grc/alchemist-i-four-elements-rrg-bp.grc.md,17612,2113
rrg,rrg-au,alchemist-i,alchemist-i-gathering-philosophers,On the Gathering of Philosophers,Περὶ συνάξεως τῶν φιλοσόφων,Science,grc/alchemist-i-gathering-philosophers-rrg-au.grc.md,4964,2235
rrg,rrg-bb,alchemist-i,alchemist-i-incombustible-sulfur,On the Incombustible Sulfur,Περὶ τοῦ θείου ἀκαύστου,Science,grc/alchemist-i-incombustible-sulfur-rrg-bb.grc.md,2870,1755
rrg,rrg-bn,alchemist-i,alchemist-i-beer-making,On the Making of Beer,Περὶ ζύθων ποιήσεως,Science,grc/alchemist-i-beer-making-rrg-bn.grc.md,3379,1784
rrg,rrg-be,alchemist-i,alchemist-i-cinnabar,On the Making of Cinnabar,Περὶ ποιήσεως κινναβάρεως,Science,grc/alchemist-i-cinnabar-rrg-be.grc.md,4396,2445
rrg,rrg-al,alchemist-i,alchemist-i-metallic-stone,On the Metallic Stone and Where It Is Made,Περὶ τοῦ μεταλλικοῦ λιθοῦ ἐν οἷς τοῖς τόποις,Science,grc/alchemist-i-metallic-stone-rrg-al.grc.md,4789,2775
rrg,rrg-aj,alchemist-i,alchemist-i-precious-goldsmithing,On the Most Precious and Renowned Goldsmithing,Περὶ τῆς τιμιωτάτης καὶ πολυφήμου χρυσοχοϊκῆς,Science,grc/alchemist-i-precious-goldsmithing-rrg-aj.grc.md,51291,2130
rrg,rrg-bd,alchemist-i,alchemist-i-philosophers-stone,On the Philosopher's Stone,Περὶ τοῦ λίθου τῶν φιλοσόφων,Science,grc/alchemist-i-philosophers-stone-rrg-bd.grc.md,8978,2040
rrg,rrg-ah,alchemist-i,alchemist-i-dyed-wool-komaros,"On the Weight of Dyed Wool, Komaros, and Dye-waters",Πόσος ὁ τῶν βαπτομένων ἐρίων σταθμὸς ὤφειλεν καὶ,Science,grc/alchemist-i-dyed-wool-komaros-rrg-ah.grc.md,3439,2323
rrg,rrg-ar,alchemist-i,alchemist-i-whitening-copper,On the Whitening of Copper,Περὶ λευκώσεως (χαλκοῦ),Science,grc/alchemist-i-whitening-copper-rrg-ar.grc.md,4492,1918
rrg,rrg-az,alchemist-i,alchemist-i-whitening-split-male,On the Whitening of Split Male,Περὶ λευκώσεως τοῦ ἀρσενικοῦ τοῦ σχιστοῦ,Science,grc/alchemist-i-whitening-split-male-rrg-az.grc.md,3776,2278
rrg,rrg-af,alchemist-i,alchemist-i-egg-mystery-art,"Onomatopoeia of the Egg, It Is the Mystery of the Art",Ὀνοματοποιία τοῦ ὠοῦ· αὐτὸ γάρ ἐστιν τὸ,Science,grc/alchemist-i-egg-mystery-art-rrg-af.grc.md,4514,1888
rrg,rrg-aw,alchemist-i,alchemist-i-ouroboros-dragon-version-1,"Ouroboros Dragon, Version 1",Ὁ οὐροβόρος δράκων,Science,grc/alchemist-i-ouroboros-dragon-version-1-rrg-aw.grc.md,4832,2094
rrg,rrg-ax,alchemist-i,alchemist-i-ouroboros-dragon-version-2,"Ouroboros Dragon, Version 2",Ὁ οὐροβόρος δράκων,Science,grc/alchemist-i-ouroboros-dragon-version-2-rrg-ax.grc.md,3292,1970
rrg,rrg-bk,alchemist-i,alchemist-i-philosophers-stone,Philosopher's Stone,Ὁ λίθος τῆς φιλοσοφίας,Science,grc/alchemist-i-philosophers-stone-rrg-bk.grc.md,3255,1545
rrg,rrg-cp,alchemist-i,alchemist-i-poetry,Poetry,Ἡ ποίησις,Science,grc/alchemist-i-poetry-rrg-cp.grc.md,2614,1907
rrg,rrg-bo,alchemist-i,alchemist-i-prayer-beehive,Prayer to the Beehive,Εὐχὴ εἰς τὸ μελίσσιον,Science,grc/alchemist-i-prayer-beehive-rrg-bo.grc.md,4978,2654
rrg,rrg-bj,alchemist-i,alchemist-i-cinnabar,Preparation of Cinnabar,Κινναβάρεως σκευασία,Science,grc/alchemist-i-cinnabar-rrg-bj.grc.md,5421,1901
rrg,rrg-ae,alchemist-i,alchemist-i-foam-joining-metals,"Preparation of Foam for Joining Gold, Silver, and Bronze",Σκευασία ἀφρονίτρου τοῦ ζητουμένου εἰς τὰς,Science,grc/alchemist-i-foam-joining-metals-rrg-ae.grc.md,2699,1846
rrg,rrg-am,alchemist-i,alchemist-i-form-composite,That the Form Is Composite and Not Simple,Ὅτι σύνθετον καὶ οὐχ ἁπλοῦν τὸ εἶδος καὶ τίς ἡ,Science,grc/alchemist-i-form-composite-rrg-am.grc.md,9492,1903
rrg,rrg-bf,alchemist-i,alchemist-i-justinian,Use of Emperor Justinian,Χρῆσις Ἰουστινιανοῦ βασιλέως,Science,grc/alchemist-i-justinian-rrg-bf.grc.md,11289,1924
rrg,rrg-ai,alchemist-i,alchemist-i-pursuer-knowledge,What Character Should the Pursuer of Knowledge Have,Ποῖον εἶναι χρὴ τοῖς ἤθεσι τὸν μετιόντα τὴν,Science,grc/alchemist-i-pursuer-knowledge-rrg-ai.grc.md,3119,1984
rrg,rrg-bg,alchemist-i,alchemist-i-ancient-lime,What is the Ancient Lime,Τίς ἡ τῶν ἀρχαίων ἄσβεστος,Science,grc/alchemist-i-ancient-lime-rrg-bg.grc.md,5096,2311
rrg,rrg-ap,alchemist-i,alchemist-i-management-after-healing,What is the Management After Healing,Τίς ἡ μετὰ τὴν ἴωσιν οἰκονομία,Science,grc/alchemist-i-management-after-healing-rrg-ap.grc.md,2815,1623
rrg,rrg-ao,alchemist-i,alchemist-i-preparation-black-dry,What Is the Preparation of the Black Dry,Τίς ἡ τοῦ μέλανος ξηρίου κατασκευή,Science,grc/alchemist-i-preparation-black-dry-rrg-ao.grc.md,2904,1988
rrg,rrg-ab,alchemist-i,alchemist-i-whitening-arsenic-sandarac,"Whitening of Water, Through Which Arsenic and Sandarac are Whitened","Λεύκωσις ὕδατος, δι’ οὗ λευκαίνεται οἰκονομούμενον",Science,grc/alchemist-i-whitening-arsenic-sandarac-rrg-ab.grc.md,2937,1844
dkm,dkm-aa,alcidamas-of-elaea,alcidamas-elaea-odysseus,Odysseus,Ὀδυσσεύς,Oratory,grc/alcidamas-elaea-odysseus-dkm-aa.grc.md,51295,2016
ijs,ijs-aa,alcimus-of-sicily,alcimus-sicily-italian-antiquities,Sicilian and Italian Antiquities,Ἀποσπάσματα,History,grc/alcimus-sicily-italian-antiquities-ijs-aa.grc.md,12861,1353
quo,quo-aa,alciphron-the-sophist,alciphron-sea-letters,Fishermen's Sea Letters,Ἐπιστολαί,Oratory,grc/alciphron-sea-letters-quo-aa.grc.md,245860,1954
bmw,bmw-ab,alcmaeon-of-croton,alcmaeon-croton-nature,Fragments on Nature,Ἀποσπάσματα περὶ Φύσεως,Philosophy,grc/alcmaeon-croton-nature-bmw-ab.grc.md,4991,2053
bmw,bmw-aa,alcmaeon-of-croton,alcmaeon-croton-testimonies,Testimonies,Μαρτυρίαι,Philosophy,grc/alcmaeon-croton-testimonies-bmw-aa.grc.md,18866,2567
adw,adw-ab,alcman-lacedaemonius,alcman-lacedaemonius-poetry-fragments,Fragments on Poetry,Ἀποσπάσματα περὶ Ποίησεως,Poetry,grc/alcman-lacedaemonius-poetry-fragments-adw-ab.grc.md,3416,1833
adw,adw-aa,alcman-lacedaemonius,alcman-lacedaemonius-hymn-dioscuri-heroes,Hymn to the Dioscuri and Heroes,Ἀποσπάσματα,Poetry,grc/alcman-lacedaemonius-hymn-dioscuri-heroes-adw-aa.grc.md,41241,2028
iuc,iuc-ab,alexander-of-aetolia,alexander-aetolia-epigrams,Epigrams,Ἐπιγράμματα,Poetry,grc/alexander-aetolia-epigrams-iuc-ab.grc.md,3386,1734
iuc,iuc-aa,alexander-of-aetolia,alexander-aetolia-helios-heroes,Fragments on Helios and Heroes,Ἀποσπάσματα περὶ Ἡλίου καὶ Ἡρώων,Poetry,grc/alexander-aetolia-helios-heroes-iuc-aa.grc.md,9278,1661
ree,ree-aa,alexander-of-aphrodisias,alexander-aphrodisias-satyr-play-fragments,Fragments on a Satyr Play,Ἀποσπάσματα περὶ Σατυρικοῦ Δράματος,Philosophy,grc/alexander-aphrodisias-satyr-play-fragments-ree-aa.grc.md,2726,1804
ree,ree-ab,alexander-of-aphrodisias,alexander-aphrodisias-domestic-life,Fragments on Domestic Life,Ἀποσπάσματα περὶ Οἰκιακοῦ Βίου,Philosophy,grc/alexander-aphrodisias-domestic-life-ree-ab.grc.md,2723,1762
reo,reo-af,alexander-of-aphrodisias,alexander-aphrodisias-commentaries-aristotle,Commentaries-Aristotle in Greek,Ὑπομνήματα εἰς τὸν Ἀριστοτέλην ἐν Ἑλληνικοῖς,Philosophy,grc/alexander-aphrodisias-commentaries-aristotle-reo-af.grc.md,588955,2356
reo,reo-aj,alexander-of-aphrodisias,alexander-aphrodisias-ethical-problems,Ethical Problems,Ἠθικὰ προβλήματα,Philosophy,grc/alexander-aphrodisias-ethical-problems-reo-aj.grc.md,204855,1715
reo,reo-am,alexander-of-aphrodisias,alexander-aphrodisias-intellect-fragments,Fragments on Aristotelian Intellect,Ἀποσπάσματα περὶ τοῦ Ἀριστοτελικοῦ Νοῦ,Philosophy,grc/alexander-aphrodisias-intellect-fragments-reo-am.grc.md,17355,2183
reo,reo-ae,alexander-of-aphrodisias,alexander-aphrodisias-metaphysics-commentary,"On Aristotle's Metaphysics, Commentary",Εἰς τὰ Μετὰ τὰ Φυσικὰ Ἀριστοτέλους Ὑπομνήματα,Philosophy,grc/alexander-aphrodisias-metaphysics-commentary-reo-ae.grc.md,3793422,2215
reo,reo-ad,alexander-of-aphrodisias,alexander-aphrodisias-meteorology-commentary,"On Aristotle's Meteorology Books, Commentary",Εἰς τὰ Μετεωρολογικὰ Βιβλία Ἀριστοτέλους,Philosophy,grc/alexander-aphrodisias-meteorology-commentary-reo-ad.grc.md,974843,2208
reo,reo-aa,alexander-of-aphrodisias,alexander-aphrodisias-prior-analytics-commentary,On Aristotle's Prior Analytics Book I. Commentary,Εἰς τὸ Πρῶτον Βιβλίον Ἀναλυτικῶν Προτέρων,Philosophy,grc/alexander-aphrodisias-prior-analytics-commentary-reo-aa.grc.md,1870695,2278
reo,reo-ac,alexander-of-aphrodisias,alexander-aphrodisias-topics-commentary,"On Aristotle's Topics Books Eight, Commentary",Εἰς τὰ Ὀκτὼ Βιβλία Τοπικῶν Ἀριστοτέλους Ὑπομνήματα,Philosophy,grc/alexander-aphrodisias-topics-commentary-reo-ac.grc.md,2160378,2364
reo,reo-ap,alexander-of-aphrodisias,alexander-aphrodisias-on-fate,On Fate,Περὶ Εἱμαρμένης,Philosophy,grc/alexander-aphrodisias-on-fate-reo-ap.grc.md,196352,2038
reo,reo-an,alexander-of-aphrodisias,alexander-aphrodisias-fevers,On Fevers,Περὶ Πυρετῶν,Philosophy,grc/alexander-aphrodisias-fevers-reo-an.grc.md,99063,1857
reo,reo-al,alexander-of-aphrodisias,alexander-aphrodisias-mixture,On Mixture,Περὶ Μίξεως,Philosophy,grc/alexander-aphrodisias-mixture-reo-al.grc.md,121286,2647
reo,reo-ab,alexander-of-aphrodisias,alexander-aphrodisias-posterior-analytics-commentary,"On the Posterior Analytics, Commentary Fragments",Εἰς τὰ Ἀναλυτικὰ Ὕστερα Ἀποσπάσματα Ὑπομνημάτων,Philosophy,grc/alexander-aphrodisias-posterior-analytics-commentary-reo-ab.grc.md,18133,2260
reo,reo-ak,alexander-of-aphrodisias,alexander-aphrodisias-soul,On the Soul,Περὶ Ψυχῆς,Philosophy,grc/alexander-aphrodisias-soul-reo-ak.grc.md,351090,2901
reo,reo-ag,alexander-of-aphrodisias,alexander-aphrodisias-soul-supplementary,"On the Soul, Supplementary Books",Περὶ Ψυχῆς,Philosophy,grc/alexander-aphrodisias-soul-supplementary-reo-ag.grc.md,405267,1933
reo,reo-ah,alexander-of-aphrodisias,alexander-aphrodisias-problems-1-2,"Problems, Books 1–2",Προβλήματα,Philosophy,grc/alexander-aphrodisias-problems-1-2-reo-ah.grc.md,289590,1888
reo,reo-ai,alexander-of-aphrodisias,alexander-aphrodisias-problems-3-4,"Problems, Books 3–4",Προβλήματα,Philosophy,grc/alexander-aphrodisias-problems-3-4-reo-ai.grc.md,178524,2063
reo,reo-ao,alexander-of-aphrodisias,alexander-aphrodisias-questions,Questions,Ἀπορίαι καὶ λύσεις,Philosophy,grc/alexander-aphrodisias-questions-reo-ao.grc.md,487568,1906
ufa,ufa-aa,alexander-of-lycopolis,alexander-lycopolis-manichaean-doctrines,Treatise-the Doctrines of the Manichaeans,Πραγματεία Περὶ τῶν Μανιχαίων Δογμάτων,Theology,grc/alexander-lycopolis-manichaean-doctrines-ufa-aa.grc.md,90313,2341
mte,mte-aa,alexander-of-miletus,alexander-miletus-assyrian-kings,Fragments on Assyrian Kings,Ἀποσπάσματα περὶ τῶν Ἀσσυρίων Βασιλέων,Grammar,grc/alexander-miletus-assyrian-kings-mte-aa.grc.md,152218,2562
vcc,vcc-ab,alexander-of-tralles,alexander-tralleis-dedication-cosmas,Dedication to Cosmas,Ἀφιέρωσις πρὸς Κοσμᾶν,Medicine,grc/alexander-tralleis-dedication-cosmas-vcc-ab.grc.md,4153,2031
vcc,vcc-ac,alexander-of-tralles,alexander-tralleis-letter-worms,Letter-Worms,Ἐπιστολὴ περὶ σκωλήκων,Medicine,grc/alexander-tralleis-letter-worms-vcc-ac.grc.md,25361,1971
vcc,vcc-ae,alexander-of-tralles,alexander-tralleis-fevers,On Fevers,Περὶ πυρετῶν,Medicine,grc/alexander-tralleis-fevers-vcc-ae.grc.md,252604,2013
vcc,vcc-aa,alexander-of-tralles,alexander-tralleis-eyes,"On the Eyes, Three Books",Περὶ ὀφθαλμῶν,Medicine,grc/alexander-tralleis-eyes-vcc-aa.grc.md,75266,1843
vcc,vcc-ad,alexander-of-tralles,alexander-tralleis-therapeutics,Therapeutics,Θεραπευτικά,Medicine,grc/alexander-tralleis-therapeutics-vcc-ad.grc.md,1180669,2047
qko,qko-aa,alexander-son-of-numenius,alexander-numenius-figures-thought-speech,On Figures of Thought and Speech,Περὶ τῶν τῆς διανοίας καὶ τῆς λέξεως σχημάτων,Oratory,grc/alexander-numenius-figures-thought-speech-qko-aa.grc.md,87211,2253
qko,qko-ab,alexander-son-of-numenius,alexander-numenius-rhetorical-topics,On Rhetorical Topics,Περὶ ῥητορικῶν ἀφορμῶν,Oratory,grc/alexander-numenius-rhetorical-topics-qko-ab.grc.md,18634,2360
lfy,lfy-aa,alexander-the-ephesian-poet,alexander-ephesian-fragments,Fragments and Title,Ἀποσπάσματα καὶ Τίτλος,Oratory,grc/alexander-ephesian-fragments-lfy-aa.grc.md,5163,1552
hgm,hgm-aa,alexander-the-great-letters,alexander-letters-aristotle-darius,Letters to Aristotle and Darius,Ἐπιστολαὶ πρὸς Ἀριστοτέλην καὶ Δαρεῖον,History,grc/alexander-letters-aristotle-darius-hgm-aa.grc.md,7300,2114
mhq,mhq-aa,alexandrian-philosopher-anon,alexandrian-anon-pythagorean-cosmology,On Pythagorean Cosmology,Ἀποσπάσματα,Philosophy,grc/alexandrian-anon-pythagorean-cosmology-mhq-aa.grc.md,13750,2574
lpy,lpy-aa,alexarchus-of-macedon,alexarchus-macedon-historical-italy,Historical Fragments on Italy,Ἀποσπάσματα περὶ τῆς Ἰταλίας,History,grc/alexarchus-macedon-historical-italy-lpy-aa.grc.md,3383,1887
hye,hye-aa,alexis-of-samos,alexis-samos-chronicles-customs,Samian Chronicles and Customs,Ἀποσπάσματα,History,grc/alexis-samos-chronicles-customs-hye-aa.grc.md,4149,1392
ivq,ivq-ac,alexis-the-comic-poet,alexis-servants-masters,Fragments on Servants and Masters,Ἀποσπάσματα περὶ Δούλων καὶ Δεσποτῶν,Comedy,grc/alexis-servants-masters-ivq-ac.grc.md,3392,2133
ivq,ivq-aa,alexis-the-comic-poet,alexis-sympotic-fragments,Sympotic Fragments of Alexis,Ἀποσπάσματα Συμποτικὰ Ἀλεξίδου,Comedy,grc/alexis-sympotic-fragments-ivq-aa.grc.md,106968,1997
ivq,ivq-ab,alexis-the-comic-poet,alexis-sympotic-fragments,Sympotic Fragments of Alexis,Ἀποσπάσματα Συμποτικὰ Ἀλεξίδος,Comedy,grc/alexis-sympotic-fragments-ivq-ab.grc.md,102191,2599
vrw,vrw-aa,alphabetical-commentary,alpha-commentary-gnomic-poetry,Gnomic Poetry Fragments,Γνωμικῆς Ποιήσεως Ἀποσπάσματα,Scholia,grc/alpha-commentary-gnomic-poetry-vrw-aa.grc.md,5447,1866
vrw,vrw-ab,alphabetical-commentary,alpha-commentary-sympotic-poetry,Sympotic Poetry Fragments,Συμποτικῆς Ποιήσεως Ἀποσπάσματα,Scholia,grc/alpha-commentary-sympotic-poetry-vrw-ab.grc.md,3066,1829
etw,etw-aa,amasis-letters,amasis-letters-fortune-rule,Amasis on Fortune and Rule,Ἐπιστολαί,Oratory,grc/amasis-letters-fortune-rule-etw-aa.grc.md,4486,1862
dwa,dwa-ab,ameipsias-the-comic-poet,ameipsias-comic-fragments,Comic Fragments on Socrates,Ἀποσπάσματα περὶ Σωκράτους Κωμικά,Comedy,grc/ameipsias-comic-fragments-dwa-ab.grc.md,5362,2026
dwa,dwa-aa,ameipsias-the-comic-poet,ameipsias-daily-life,Fragments on Daily Life,Ἀποσπάσματα περὶ Βίου Καθημερινοῦ,Comedy,grc/ameipsias-daily-life-dwa-aa.grc.md,6316,2186
cas,cas-aa,amelesagoras-of-chalcedon,amelesagoras-chalcedon-atthid,Atthid Fragments,Ἀποσπάσματα,History,grc/amelesagoras-chalcedon-atthid-cas-aa.grc.md,4815,2105
rrq,rrq-aa,amelius-letters,amelius-letters-letter,Letter Of Amelius,Ἐπιστολὴ Ἀμελίου,Philosophy,grc/amelius-letters-letter-rrq-aa.grc.md,5074,1828
uqo,uqo-aa,ammonius-of-alexandria-phil,ammonius-alexandria-aristotle-interpretation,"On Aristotle's Book-Interpretation, Commentary",Σχόλια εἰς τὸ περὶ ἑρμηνείας Ἀριστοτέλους,Philosophy,grc/ammonius-alexandria-aristotle-interpretation-uqo-aa.grc.md,1171826,2542
uqo,uqo-ac,ammonius-of-alexandria-phil,ammonius-alexandria-categories-commentary,"On Aristotle's Categories, Commentary",Σχόλια εἰς τὰς κατηγορίας Ἀριστοτέλους,Philosophy,grc/ammonius-alexandria-categories-commentary-uqo-ac.grc.md,331515,3022
uqo,uqo-ab,ammonius-of-alexandria-phil,ammonius-alexandria-prior-analytics-commentary,On Aristotle's Prior Analytics Book I. Commentary,"Σχόλια εἰς τὰ ἀναλυτικὰ πρότερα Ἀριστοτέλους,",Philosophy,grc/ammonius-alexandria-prior-analytics-commentary-uqo-ab.grc.md,174128,2232
uqo,uqo-ae,ammonius-of-alexandria-phil,ammonius-alexandria-necessary-syllogisms,On Necessary Syllogisms,Εἰς τοὺς ἀναγκαίους συλλογισμούς,Philosophy,grc/ammonius-alexandria-necessary-syllogisms-uqo-ae.grc.md,239271,2029
uqo,uqo-ad,ammonius-of-alexandria-phil,ammonius-alexandria-porphyry-isagoge,On Porphyry's Isagoge or Five Voices,Περὶ τῆς Πορφυρίου Εἰσαγωγῆς ἢ Πέντε Φωναί,Philosophy,grc/ammonius-alexandria-porphyry-isagoge-uqo-ad.grc.md,399867,2059
swu,swu-ab,ammonius-the-grammarian,ammonius-improprieties,On Improprieties,Περὶ ἀκυρολογίας,Grammar,grc/ammonius-improprieties-swu-ab.grc.md,24604,2102
swu,swu-aa,ammonius-the-grammarian,ammonius-similar-different-words,On Similar and Different Words,περὶ ὁμοίων καὶ διαφόρων λέξεων,Grammar,grc/ammonius-similar-different-words-swu-aa.grc.md,214253,1687
cnk,cnk-aa,amometus-the-historian,amometus-distant-lands,Fragments on Distant Lands,Ἀποσπάσματα περὶ Μακρῶν Χωρῶν,History,grc/amometus-distant-lands-cnk-aa.grc.md,3251,1602
ejw,ejw-aa,amphicrates-atheniensis,amphicrates-athens-illustrious-men,On Illustrious Men,Ἀποσπάσματα,Oratory,grc/amphicrates-athens-illustrious-men-ejw-aa.grc.md,2786,1598
foq,foq-ab,amphis-comicus,amphis-life-pleasure,Comic Fragments on Life and Pleasure,Ἀποσπάσματα περὶ Βίου καὶ Ἡδονῆς,Comedy,grc/amphis-life-pleasure-foq-ab.grc.md,13488,2066
foq,foq-aa,amphis-comicus,amphis-courtesans-life,Fragments on Courtesans and Life,Ἀποσπάσματα περὶ Ἑταιρῶν καὶ Βίου,Comedy,grc/amphis-courtesans-life-foq-aa.grc.md,13923,1825
gxg,gxg-aa,amyntas-of-telmessos,amyntas-telmessos-elegiac-fragments,Elegiac Poetry Fragments,Ἐλεγειακῆς Ποιήσεως Ἀποσπάσματα,Poetry,grc/amyntas-telmessos-elegiac-fragments-gxg-aa.grc.md,3845,1891
ars,ars-aa,anacharsis-the-scythian,anacharsis-scythian-barbarians-greeks,Fragments on Barbarians and Greeks,Ἀποσπάσματα περὶ Βαρβάρων καὶ Ἑλλήνων,,grc/anacharsis-scythian-barbarians-greeks-ars-aa.grc.md,20371,2681
bfy,bfy-ac,anacreon-of-teos,anacreon-teos-epigrams,Epigrams,Ἐπιγράμματα,Poetry,grc/anacreon-teos-epigrams-bfy-ac.grc.md,8408,2003
bfy,bfy-ab,anacreon-of-teos,anacreon-teos-desire-festivity,Fragments on Desire and Festivity,Ἀποσπάσματα περὶ Ἐπιθυμίας καὶ Ἑορτῆς,Poetry,grc/anacreon-teos-desire-festivity-bfy-ab.grc.md,24455,1945
bfy,bfy-aa,anacreon-of-teos,anacreon-teos-wine-love,Fragments on Wine and Love,Ἀποσπάσματα περὶ Οἴνου καὶ Ἔρωτος,Poetry,grc/anacreon-teos-wine-love-bfy-aa.grc.md,4514,2528
bgi,bgi-aa,anacreon-of-teos,anacreon-teos-lover-of-mirmillo,Lover of Mirmillo,Ὁ Ἐραστὴς τοῦ Μιρμίλλου,Poetry,grc/anacreon-teos-lover-of-mirmillo-bgi-aa.grc.md,3019,1697
nfc,nfc-aa,anacreontea,anacreontea-text,Anacreontea,Ἀνακρεόντεια,Poetry,grc/anacreontea-text-nfc-aa.grc.md,57176,2103
eqa,eqa-aa,ananius-the-iambic-poet,ananius-pleasures,Fragments on Pleasures,Ἀποσπάσματα περὶ Ἡδονῶν,Poetry,grc/ananius-pleasures-eqa-aa.grc.md,3691,1697
uak,uak-aa,anatolius-of-alexandria,anatolius-alexandria-decade-numbers,On the Decade and the Numbers Within It,Περὶ δεκάδος καὶ τῶν ἐντὸς αὐτῆς ἀριθμῶν,Mathematics,grc/anatolius-alexandria-decade-numbers-uak-aa.grc.md,33004,2056
btk,btk-ab,anaxagoras-of-clazomenae,anaxagoras-clazomenae-nature,On the Nature of Things,Ἀποσπάσματα,Philosophy,grc/anaxagoras-clazomenae-nature-btk-ab.grc.md,25183,2236
btk,btk-aa,anaxagoras-of-clazomenae,anaxagoras-clazomenae-testimonies,Testimonies,Μαρτυρίαι,Philosophy,grc/anaxagoras-clazomenae-testimonies-btk-aa.grc.md,123176,2787
eug,eug-aa,anaxandridas-the-historian,anaxandridas-delphic-oracle,On the Delphic Oracle and Offerings,Ἀποσπάσματα,History,grc/anaxandridas-delphic-oracle-eug-aa.grc.md,9018,1976
hbw,hbw-aa,anaxandrides-comicus,anaxandrides-drinking-fate,Fragments on Drinking and Fate,Ἀποσπάσματα περὶ Πόσεως καὶ Εἱμαρμένης,Comedy,grc/anaxandrides-drinking-fate-hbw-aa.grc.md,25097,2345
hbw,hbw-ab,anaxandrides-comicus,anaxandrides-fate,Fragments on Fate,Ἀποσπάσματα περὶ Εἱμαρμένης,Comedy,grc/anaxandrides-fate-hbw-ab.grc.md,23711,1950
fhs,fhs-ab,anaxarchus-of-abdera,anaxarchus-abdera-kingship-wisdom,On Kingship and Wisdom,Ἀποσπάσματα,Philosophy,grc/anaxarchus-abdera-kingship-wisdom-fhs-ab.grc.md,4679,2687
fhs,fhs-aa,anaxarchus-of-abdera,anaxarchus-abdera-testimonies,Testimonies,Μαρτυρίαι,Philosophy,grc/anaxarchus-abdera-testimonies-fhs-aa.grc.md,22185,1851
iio,iio-aa,anaxicrates-historicus,anaxicrates-argolic-histories,Argolic Histories,Ἀποσπάσματα,History,grc/anaxicrates-argolic-histories-iio-aa.grc.md,3660,1383
hdu,hdu-ab,anaxilas-the-comic-poet,anaxilas-comic-fragments,Comic Fragments on Daily Life,Ἀποσπάσματα περὶ Βίου Καθημερινοῦ,Comedy,grc/anaxilas-comic-fragments-hdu-ab.grc.md,11326,1891
hdu,hdu-aa,anaxilas-the-comic-poet,anaxilas-rural-life,Fragments on Rural Life,Ἀποσπάσματα περὶ Βίου Ἀγροικοῦ,Comedy,grc/anaxilas-rural-life-hdu-aa.grc.md,11868,1877
aua,aua-ab,anaximander-of-miletus,anaximander-miletus-nature-infinite,On the Nature of the Infinite,Ἀποσπάσματα,Philosophy,grc/anaximander-miletus-nature-infinite-aua-ab.grc.md,4419,2484
aua,aua-aa,anaximander-of-miletus,anaximander-miletus-testimonies,Testimonies,Μαρτυρίαι,Philosophy,grc/anaximander-miletus-testimonies-aua-aa.grc.md,38011,3178
fhi,fhi-ac,anaximenes-of-lampsacus,anaximenes-lampsacus-historical-rhetorical,Historical and Rhetorical Fragments,Ἀποσπάσματα,History,grc/anaximenes-lampsacus-historical-rhetorical-fhi-ac.grc.md,59864,1815
fhi,fhi-aa,anaximenes-of-lampsacus,anaximenes-lampsacus-rhetoric-alexander,Rhetoric to Alexander,Τέχνη Ῥητορικὴ πρὸς Ἀλέξανδρον,History,grc/anaximenes-lampsacus-rhetoric-alexander-fhi-aa.grc.md,239005,2264
fhi,fhi-ab,anaximenes-of-lampsacus,anaximenes-lampsacus-testimonies,Testimonies,Μαρτυρίαι,History,grc/anaximenes-lampsacus-testimonies-fhi-ab.grc.md,18753,1585
bcm,bcm-ab,anaximenes-of-miletus,anaximenes-miletus-cold-heat,Fragments on Cold and Heat,Ἀποσπάσματα περὶ Ψύχους καὶ Θέρμης,Philosophy,grc/anaximenes-miletus-cold-heat-bcm-ab.grc.md,5760,2097
bcm,bcm-aa,anaximenes-of-miletus,anaximenes-miletus-testimonies,Testimonies,Μαρτυρίαι,Philosophy,grc/anaximenes-miletus-testimonies-bcm-aa.grc.md,20144,2050
etm,etm-aa,anaximenes-ps-miletus-letters,anaximenes-miletus-letters-philosophers,Letters on Philosophers,Ἐπιστολαὶ περὶ Φιλοσόφων,Oratory,grc/anaximenes-miletus-letters-philosophers-etm-aa.grc.md,3993,1627
hvw,hvw-ab,anaxippus-the-comic-poet,anaxippus-cooks-art-and-death,Cook's Art and Death,Ἀποσπάσματα,Comedy,grc/anaxippus-cooks-art-and-death-hvw-ab.grc.md,8515,2034
hvw,hvw-aa,anaxippus-the-comic-poet,anaxippus-cooking-fragments,Fragments on Cooking,Ἀποσπάσματα περὶ Ὀψοποιίας,Comedy,grc/anaxippus-cooking-fragments-hvw-aa.grc.md,8661,2104
eym,eym-ab,andocides,andocides-against-alcibiades,Against Alcibiades,Κατὰ Ἀλκιβιάδου,Oratory,grc/andocides-against-alcibiades-eym-ab.grc.md,39345,1974
eym,eym-ae,andocides,andocides-political-speeches,Fragments of Political Speeches,Ἀποσπάσματα πολιτικῶν λόγων,Oratory,grc/andocides-political-speeches-eym-ae.grc.md,3399,1874
eym,eym-ac,andocides,andocides-descent,On His Own Descent,Περὶ τῆς ἑαυτοῦ καθόδου,Oratory,grc/andocides-descent-eym-ac.grc.md,26540,2059
eym,eym-aa,andocides,andocides-peace-lacedaemonians,On Peace with the Lacedaemonians,Περὶ τῆς πρὸς Λακεδαιμονίους εἰρήνης,Oratory,grc/andocides-peace-lacedaemonians-eym-aa.grc.md,38099,2364
eym,eym-ad,andocides,andocides-mysteries,On the Mysteries,Περὶ τῶν μυστηρίων,Oratory,grc/andocides-mysteries-eym-ad.grc.md,127942,1825
saw,saw-aa,andreas-the-historian,andreas-sicilian-cities,Fragments on Sicilian Cities,Ἀποσπάσματα περὶ Σικελικῶν Πόλεων,History,grc/andreas-sicilian-cities-saw-aa.grc.md,3024,1889
lze,lze-aa,andriscus-the-pretender,andriscus-naxian-tales-of-polycrite,Naxian Tales of Polycrite,Ἀποσπάσματα,History,grc/andriscus-naxian-tales-of-polycrite-lze-aa.grc.md,8601,1203
gue,gue-aa,androetas-of-tenos,androetas-tenos-periplus-propontis,Periplus of the Propontis,Ἀπόσπασμα,History,grc/androetas-tenos-periplus-propontis-gue-aa.grc.md,2971,1613
obk,obk-aa,andromachus-the-elder,andromachus-crete-hymn-nero,Hymn to Nero the Antidote,Ἀπόσπασμα,Poetry,grc/andromachus-crete-hymn-nero-obk-aa.grc.md,18237,2265
mps,mps-aa,andron-of-alexandria,andron-alexandria-education,Fragments on Alexandrian Education,Ἀποσπάσματα περὶ τῆς Ἀλεξανδρείας Παιδείας,History,grc/andron-alexandria-education-mps-aa.grc.md,3712,1788
fmi,fmi-aa,andron-of-ephesus,andron-ephesus-seven-sages-pythagoras,On the Seven Sages and Pythagoras,Ἀποσπάσματα,History,grc/andron-ephesus-seven-sages-pythagoras-fmi-aa.grc.md,6326,1786
bpe,bpe-aa,andron-of-halicarnassus,andron-halicarnassus-genealogies,Fragments on Genealogies,Ἀποσπάσματα περὶ Γενεαλογιῶν,History,grc/andron-halicarnassus-genealogies-bpe-aa.grc.md,13831,2036
cte,cte-aa,andron-of-halicarnassus,andron-halicarnassus-ii-geography-fragments,Fragments on Geography,Ἀποσπάσματα περὶ Γεωγραφίας,Geography,grc/andron-halicarnassus-ii-geography-fragments-cte-aa.grc.md,4108,1663
nbq,nbq-aa,andronicus-of-rhodes,andronicus-rhodes-passions-book-1,"On Passions, Book 1",Περὶ παθῶν,Philosophy,grc/andronicus-rhodes-passions-book-1-nbq-aa.grc.md,14428,1976
nbq,nbq-ab,andronicus-of-rhodes,andronicus-rhodes-passions-book-2,"On Passions, Book 2",Περὶ παθῶν,Philosophy,grc/andronicus-rhodes-passions-book-2-nbq-ab.grc.md,30381,1617
ebu,ebu-aa,androtion-atheniensis,androtion-athens-fragments,Fragments on Athenian History,Ἀποσπάσματα περὶ τῆς Ἀθηναίων Ἱστορίας,History,grc/androtion-athens-fragments-ebu-aa.grc.md,25545,1852
wbc,wbc-aa,anon-gramm-scholia,anon-gramm-scholia-epimerisms,Epimerisms-Iliad,Ἐπιμερισμοὶ εἰς τὴν Ἰλιάδα,Grammar,grc/anon-gramm-scholia-epimerisms-wbc-aa.grc.md,418472,609
wbc,wbc-ab,anon-gramm-scholia,anon-gramm-scholia-epimerisms,Scholia-Iliad,Σχόλια εἰς τὴν Ἰλιάδα,Grammar,grc/anon-gramm-scholia-epimerisms-wbc-ab.grc.md,40293,579
ktv,ktv-aa,anonymous-author-pherc-1667,anonymous-author-pherc-1667-philosophical-treatise,Anonymous Philosophical Treatise (PHerc. 1667),,Philosophy,grc/anonymous-author-pherc-1667-philosophical-treatise-ktv-aa.grc.md,8336,605
rbw,rbw-aa,anonymous-avircius-marcellus,anon-avircius-marcellus-cataphrygians,To Avircius Marcellus-the Cataphrygians,,,grc/anon-avircius-marcellus-cataphrygians-rbw-aa.grc.md,17375,621
xum,xum-aa,anonymous-comm-aristotle-post-analytics-1,anon-comm-aristotle-first-book-posterior-analytics,Commentary-the First Book of Posterior Analytics,,,grc/anon-comm-aristotle-first-book-posterior-analytics-xum-aa.grc.md,62140,729
wmg,wmg-aa,anonymous-comm-aristotle-post-analytics-2,anon-comm-aristotle-posterior-analytics-2,Anonymous Commentary-the Second Book of Posterior Analytics,,,grc/anon-comm-aristotle-posterior-analytics-2-wmg-aa.grc.md,202883,759
tqk,tqk-aa,anonymous-greek-lexicon,anonymous-greek-lexicon-fragment,Lexicon Fragment,Λεξικοῦ Ἀπόσπασμα,Lexicography,grc/anonymous-greek-lexicon-fragment-tqk-aa.grc.md,82222,1638
jco,jco-ab,antagoras-of-rhodes,antagoras-rhodes-epigrams,Epigrams (Anthologia Selection),Ἐπιγράμματα,Epic,grc/antagoras-rhodes-epigrams-jco-ab.grc.md,2968,1704
jco,jco-aa,antagoras-of-rhodes,antagoras-rhodes-epigrams,Epigrams (Hymn-Fragments),Ἐπιγράμματα,Epic,grc/antagoras-rhodes-epigrams-jco-aa.grc.md,3195,1455
bfo,bfo-aa,antenor-of-athens,antenor-athens-bees-migration,On Cretan Bees and Migration,Ἀπόσπασμα,History,grc/antenor-athens-bees-migration-bfo-aa.grc.md,3188,1513
vdg,vdg-aa,anthemius-of-tralles,anthemius-tralles-mathematical-fragment,Mathematical Fragment from Bobbio,Μαθηματικὸν Ἀπόσπασμα ἐκ Βοβίου,Mathematics,grc/anthemius-tralles-mathematical-fragment-vdg-aa.grc.md,13621,1823
vdg,vdg-ab,anthemius-of-tralles,anthemius-tralles-paradoxical-machines,On Paradoxical Machines,Περὶ παραδόξων μηχανημάτων,Mathematics,grc/anthemius-tralles-paradoxical-machines-vdg-ab.grc.md,24797,1901
tpg,tpg-aa,anthology-anon,anthology-anon-philogelos-jokes,"Philogelos or Jokes, Under Authors Hierocles and Philagrius",Φιλόγελως,Poetry,grc/anthology-anon-philogelos-jokes-tpg-aa.grc.md,109389,1918
cks,cks-aa,antidotus-the-comic-poet,antidotus-comic-healing,Fragments on Healing,Ἀποσπάσματα περὶ Ἰάσεως,Comedy,grc/antidotus-comic-healing-cks-aa.grc.md,2880,1706
cks,cks-ab,antidotus-the-comic-poet,antidotus-comic-art-parasitism,Fragments on the Art of Parasitism,Ἀποσπάσματα περὶ Τέχνης Παρασιτισμοῦ,Comedy,grc/antidotus-comic-art-parasitism-cks-ab.grc.md,3006,1859
lhm,lhm-aa,antigenes-the-historian,antigenes-rivers-macedonia,On the Rivers of Macedonia,Ἀπόσπασμα,History,grc/antigenes-rivers-macedonia-lhm-aa.grc.md,2453,1850
hty,hty-aa,antigonus-letters,antigonus-letters-zeno,Letter to Zeno,Ἐπιστολή,Oratory,grc/antigonus-letters-zeno-hty-aa.grc.md,3312,1777
kku,kku-aa,antigonus-of-carystus,antigonus-carystus-italic-history,Fragments on Italic History,Ἀποσπάσματα περὶ τῆς Ἰταλικῆς Ἱστορίας,Biography,grc/antigonus-carystus-italic-history-kku-aa.grc.md,3476,1905
knc,knc-aa,antigonus-of-carystus,antigonus-carystus-marvelous-histories,Collection of Marvelous Histories,Συναγωγὴ Θαυμασίων Ἱστοριῶν,Biography,grc/antigonus-carystus-marvelous-histories-knc-aa.grc.md,83923,1688
knc,knc-ac,antigonus-of-carystus,antigonus-carystus-epigram,Epigram,Ἐπίγραμμα,Biography,grc/antigonus-carystus-epigram-knc-ac.grc.md,2637,1800
knc,knc-ab,antigonus-of-carystus,antigonus-carystus-natural-wonders,Fragments on Natural Wonders,Ἀποσπάσματα περὶ Θαυμασίων Φύσεως,Biography,grc/antigonus-carystus-natural-wonders-knc-ab.grc.md,3431,1531
mks,mks-aa,antileon-the-historian,antileon-chronicles-time,Chronicles of Time,Ἀποσπάσματα,History,grc/antileon-chronicles-time-mks-aa.grc.md,2141,1371
ehe,ehe-ad,antimachus-of-colophon,antimachus-colophon-epigram,Epigram,Ἐπίγραμμα,Poetry,grc/antimachus-colophon-epigram-ehe-ad.grc.md,2574,1706
ehe,ehe-ab,antimachus-of-colophon,antimachus-colophon-thebaid-fragments,Fragments of the Thebaid,Ἀποσπάσματα τῆς Θηβαΐδος,Poetry,grc/antimachus-colophon-thebaid-fragments-ehe-ab.grc.md,14643,1834
ehe,ehe-aa,antimachus-of-colophon,antimachus-colophon-myth-ships,Fragments on Myth and Ships,Ἀποσπάσματα περὶ Μύθων καὶ Νεῶν,Poetry,grc/antimachus-colophon-myth-ships-ehe-aa.grc.md,3754,1936
ehe,ehe-ac,antimachus-of-colophon,antimachus-colophon-thebes-titans,Fragments on Thebes and Titans,Ἀποσπάσματα περὶ Θηβῶν καὶ Τιτάνων,Poetry,grc/antimachus-colophon-thebes-titans-ehe-ac.grc.md,8324,2122
msk,msk-aa,antiochus-of-ascalon,antiochus-ascalon-fragments,Fragments on Antiochus of Ascalon,Ἀποσπάσματα περὶ Ἀντιόχου τοῦ Ἀσκαλωνίτου,Philosophy,grc/antiochus-ascalon-fragments-msk-aa.grc.md,16522,2747
dxe,dxe-aa,antiochus-of-syracuse,antiochus-syracuse-sicily-italy,On Sicily and Italy,Ἀποσπάσματα,History,grc/antiochus-syracuse-sicily-italy-dxe-aa.grc.md,18925,2098
lcc,lcc-aa,antipater-of-tarsus,antipater-of-tarsus-testimonies,Testimonies and Fragments,Μαρτυρίαι καὶ Ἀποσπάσματα,Philosophy,grc/antipater-of-tarsus-testimonies-lcc-aa.grc.md,48413,1174
fgy,fgy-ab,antiphanes-the-comic-poet,antiphanes-comic-food-folly,Comic Fragments on Food and Folly,Ἀποσπάσματα περὶ Σίτων καὶ Μωρίας,Comedy,grc/antiphanes-comic-food-folly-fgy-ab.grc.md,99141,2902
fgy,fgy-aa,antiphanes-the-comic-poet,antiphanes-love-feasting,Comic Fragments on Love and Feasting,Ἀποσπάσματα περὶ Ἔρωτος καὶ Συμποσίου,Comedy,grc/antiphanes-love-feasting-fgy-aa.grc.md,104339,2875
bqs,bqs-ai,antiphon-of-athens,antiphon-athens-oligarchy-democracy,Fragments on Oligarchy and Democracy,Ἀποσπάσματα περὶ Ὀλιγαρχίας καὶ Δημοκρατίας,Oratory,grc/antiphon-athens-oligarchy-democracy-bqs-ai.grc.md,5866,1903
bqs,bqs-ah,antiphon-of-athens,antiphon-athens-sedition-defense,On Sedition and Political Defense,Ἀποσπάσματα,Oratory,grc/antiphon-athens-sedition-defense-bqs-ah.grc.md,35670,2644
bqs,bqs-aa,antiphon-of-athens,antiphon-athens-sorcery-stepmother,On Sorcery-The Stepmother,Φαρμακείας κατὰ τῆς μητρυιᾶς,Oratory,grc/antiphon-athens-sorcery-stepmother-bqs-aa.grc.md,24193,2022
bqs,bqs-ac,antiphon-of-athens,antiphon-athens-dancer,On the Dancer,Περὶ τοῦ χορευτοῦ,Oratory,grc/antiphon-athens-dancer-bqs-ac.grc.md,44952,1578
bqs,bqs-ab,antiphon-of-athens,antiphon-athens-murder-herodes,On the Murder of Herodes,Περὶ τοῦ Ἡρῷδου φόνου,Oratory,grc/antiphon-athens-murder-herodes-bqs-ab.grc.md,80357,2246
bqs,bqs-ag,antiphon-of-athens,antiphon-athens-samothracian-tribute,On the Samothracian Tribute,Ἀποσπάσματα,Oratory,grc/antiphon-athens-samothracian-tribute-bqs-ag.grc.md,10298,2295
bqs,bqs-ad,antiphon-of-athens,antiphon-athens-tetralogy-a,Tetralogy A,Τετραλογία Α΄,Oratory,grc/antiphon-athens-tetralogy-a-bqs-ad.grc.md,35239,2176
bqs,bqs-ae,antiphon-of-athens,antiphon-athens-tetralogy-b,Tetralogy B,Τετραλογία Β΄,Oratory,grc/antiphon-athens-tetralogy-b-bqs-ae.grc.md,30238,2278
bqs,bqs-af,antiphon-of-athens,antiphon-athens-tetralogy-c,Tetralogy C,Τετραλογία Γ΄,Oratory,grc/antiphon-athens-tetralogy-c-bqs-af.grc.md,27110,2033
dbg,dbg-aa,antiphon-of-rhamnus,antiphon-rhamnus-meleager-hunt,Fragments on Meleager and the Hunt,Ἀποσπάσματα περὶ Μελεάγρου καὶ τῆς Κυνηγίας,Drama,grc/antiphon-rhamnus-meleager-hunt-dbg-aa.grc.md,2855,2077
brc,brc-ad,antiphon-the-sophist-of-athens,antiphon-athens-human-nature-barbarians,On Human Nature and Barbarians,Ἀποσπάσματα,Oratory,grc/antiphon-athens-human-nature-barbarians-brc-ad.grc.md,15701,1958
brc,brc-ab,antiphon-the-sophist-of-athens,antiphon-athens-nature-justice,On Nature and Justice,Ἀποσπάσματα,Oratory,grc/antiphon-athens-nature-justice-brc-ab.grc.md,23221,1657
brc,brc-ac,antiphon-the-sophist-of-athens,antiphon-athens-truth,On Truth,Ἀποσπάσματα,Oratory,grc/antiphon-athens-truth-brc-ac.grc.md,58631,1911
brc,brc-aa,antiphon-the-sophist-of-athens,antiphon-athens-testimonies,Testimonies,Μαρτυρίαι,Oratory,grc/antiphon-athens-testimonies-brc-aa.grc.md,17693,2162
dhu,dhu-aa,antisthenes-of-athens,antisthenes-athens-declamations,Declamations Fragments,Αἴας ἢ Αἴαντος λόγος,Philosophy,grc/antisthenes-athens-declamations-dhu-aa.grc.md,21105,1682
dhu,dhu-ab,antisthenes-of-athens,antisthenes-athens-exhortation-fragments,Fragments on Exhortation,Ὀδυσσεὺς ἢ Ὀδυσσέως λόγος,Philosophy,grc/antisthenes-athens-exhortation-fragments-dhu-ab.grc.md,77813,1923
frs,frs-aa,antisthenes-of-athens,antisthenes-athens-testimonies,Testimonies,Μαρτυρίαι,Philosophy,grc/antisthenes-athens-testimonies-frs-aa.grc.md,2619,1493
ppk,ppk-aa,antoninus-pius-letters,antoninus-pius-asia-letter,Letter to the Community of Asia,Πρὸς τὴν Ἀσίαν Κοινότητα,History,grc/antoninus-pius-asia-letter-ppk-aa.grc.md,5811,2405
rey,rey-aa,antoninus-the-mythographer,antoninus-mythographer-metamorphoses,Collection of Metamorphoses,Συναγωγὴ Μεταμορφώσεων,Fiction,grc/antoninus-mythographer-metamorphoses-rey-aa.grc.md,132059,2419
qhw,qhw-ab,antonius-diogenes,antonius-diogenes-incredible-things,On Incredible Things (Fragment A),Περὶ Ἀπίστων,Fiction,grc/antonius-diogenes-incredible-things-qhw-ab.grc.md,4172,1622
qhw,qhw-ac,antonius-diogenes,antonius-diogenes-incredible-things,On Incredible Things (Fragment B),Περὶ Ἀπίστων,Fiction,grc/antonius-diogenes-incredible-things-qhw-ac.grc.md,2879,2025
qhw,qhw-aa,antonius-diogenes,antonius-diogenes-incredible-things,On Incredible Things or Herpyllis,Περὶ Ἀπίστων ἢ Ἑρπυλλίδος,Fiction,grc/antonius-diogenes-incredible-things-qhw-aa.grc.md,8608,2360
qig,qig-aa,antyllus-the-surgeon,antyllus-work-enemas-three-reasons,"From the Work-Enemas, That They are Taken for Three Reasons",Ἐκ τοῦ περὶ κλυσμῶν ὅτι διὰ τρεῖς αἰτίας,Medicine,grc/antyllus-work-enemas-three-reasons-qig-aa.grc.md,6574,2250
vng,vng-ab,aphthonius-commentary-anon,anon-comm-aphthonius-prolegomena,Prolegomena to Progymnasmata,Προλεγόμενα εἰς Προγυμνάσματα,Oratory,grc/anon-comm-aphthonius-prolegomena-vng-ab.grc.md,19965,1971
vng,vng-aa,aphthonius-commentary-anon,anon-comm-aphthonius-prolegomena,Prolegomena to Progymnasmata by an Uncertain Author,Προλεγόμενα εἰς Προγυμνάσματα ὑπὸ Ἀδήλου,Oratory,grc/anon-comm-aphthonius-prolegomena-vng-aa.grc.md,39888,2198
txi,txi-aa,aphthonius-of-antioch,aphthonius-antioch-preliminary-exercises,Preliminary Exercises,Προγυμνάσματα,Oratory,grc/aphthonius-antioch-preliminary-exercises-txi-aa.grc.md,103883,1942
nlq,nlq-ac,apion-alexandrinus,apion-alexandrinus-egyptian-histories,Egyptian Histories Fragments,Ἀποσπάσματα,Grammar,grc/apion-alexandrinus-egyptian-histories-nlq-ac.grc.md,34006,1693
nlq,nlq-aa,apion-alexandrinus,apion-alexandrinus-homeric-glosses,Homeric Glosses (Recension A),Ἀποσπάσματα περὶ Ὁμηρικῶν Γλωσσῶν,Grammar,grc/apion-alexandrinus-homeric-glosses-nlq-aa.grc.md,74866,1852
nlq,nlq-ab,apion-alexandrinus,apion-alexandrinus-homeric-glosses,Homeric Glosses (Recension B),Ἀποσπάσματα περὶ Ὁμηρικῶν Γλωσσῶν,Grammar,grc/apion-alexandrinus-homeric-glosses-nlq-ab.grc.md,64527,1742
imu,imu-aa,apollas-ponticus,apollas-ponticus-delphi-peloponnesian,On Delphi and Peloponnesian Cities,Ἀποσπάσματα,History,grc/apollas-ponticus-delphi-peloponnesian-imu-aa.grc.md,3694,1492
moe,moe-aa,apollodorus-of-artemita,apollodorus-artemita-historical-parthia,Historical Fragments on Parthia,Ἀποσπάσματα περὶ Παρθίας,History,grc/apollodorus-artemita-historical-parthia-moe-aa.grc.md,7628,1829
lcm,lcm-aa,apollodorus-of-athens,apollodorus-athens-word-origins,Fragments on Word Origins,Ἀποσπάσματα περὶ Ἐτυμολογίας,History,grc/apollodorus-athens-word-origins-lcm-aa.grc.md,8639,1974
lcm,lcm-ab,apollodorus-of-athens,apollodorus-athens-gods,On the Gods,Ἀποσπάσματα,History,grc/apollodorus-athens-gods-lcm-ab.grc.md,152668,1886
ihu,ihu-ab,apollodorus-of-carystus,apollodorus-carystus-ii-life-duty,Fragments on Life and Duty,Ἀποσπάσματα περὶ Βίου καὶ Καθήκοντος,Comedy,grc/apollodorus-carystus-ii-life-duty-ihu-ab.grc.md,7782,2046
ihu,ihu-aa,apollodorus-of-carystus,apollodorus-carystus-ii-life-old-age,Fragments on Life and Old Age,Ἀποσπάσματα περὶ Βίου καὶ Γήρως,Comedy,grc/apollodorus-carystus-ii-life-old-age-ihu-aa.grc.md,7909,1698
iie,iie-aa,apollodorus-of-carystus,apollodorus-carystus-life-fortune,Fragments on Life and Fortune,Ἀποσπάσματα περὶ Βίου καὶ Τύχης,Comedy,grc/apollodorus-carystus-life-fortune-iie-aa.grc.md,7517,2299
iie,iie-ab,apollodorus-of-carystus,apollodorus-carystus-life-pleasure,Fragments on Life and Pleasure,Ἀποσπάσματα περὶ Βίου καὶ Ἡδονῆς,Comedy,grc/apollodorus-carystus-life-pleasure-iie-ab.grc.md,7055,2215
iie,iie-ac,apollodorus-of-carystus,apollodorus-carystus-household-harmony,On Household Harmony,Ἀπόσπασμα,Comedy,grc/apollodorus-carystus-household-harmony-iie-ac.grc.md,2880,1639
dei,dei-aa,apollodorus-of-cyzicus,apollodorus-cyzicus-testimonies,Testimonies,Μαρτυρίαι,Philosophy,grc/apollodorus-cyzicus-testimonies-dei-aa.grc.md,2261,1506
owo,owo-aa,apollodorus-of-damascus,apollodorus-damascus-siegecraft,Siegecraft,Πολιορκητικά,Science,grc/apollodorus-damascus-siegecraft-owo-aa.grc.md,76456,1945
hee,hee-aa,apollodorus-of-gela,apollodorus-gela-greed-possessions,Fragments on Greed and Possessions,Ἀποσπάσματα περὶ Πλεονεξίας καὶ Κτημάτων,Comedy,grc/apollodorus-gela-greed-possessions-hee-aa.grc.md,2944,1811
hee,hee-ab,apollodorus-of-gela,apollodorus-gela-household-management,Fragments on Household Management,Ἀποσπάσματα περὶ Οἰκονομίας,Comedy,grc/apollodorus-gela-household-management-hee-ab.grc.md,2901,1842
mlc,mlc-aa,apollodorus-of-seleucia,apollodorus-seleucia-stoic-fragments,Fragments on Stoic Philosophy,Ἀποσπάσματα περὶ τῆς Στωικῆς Φιλοσοφίας,Philosophy,grc/apollodorus-seleucia-stoic-fragments-mlc-aa.grc.md,11048,1873
kbo,kbo-aa,apollonides-the-tragic-poet,apollonides-virtues-men-women,On the Virtues of Men and Women,Ἀποσπάσματα,Drama,grc/apollonides-virtues-men-women-kbo-aa.grc.md,2865,2019
pka,pka-ac,apollonius-grammarian,apollonius-grammarian-adverbs,On Adverbs,Περὶ ἐπιρρημάτων,Grammar,grc/apollonius-grammarian-adverbs-pka-ac.grc.md,306730,1770
pka,pka-aa,apollonius-grammarian,apollonius-grammarian-conjunctions,On Conjunctions,Περὶ συνδέσμων,Grammar,grc/apollonius-grammarian-conjunctions-pka-aa.grc.md,148645,1637
pka,pka-ab,apollonius-grammarian,apollonius-grammarian-pronouns,On Pronouns,Περὶ ἀντωνυμίας,Grammar,grc/apollonius-grammarian-pronouns-pka-ab.grc.md,327687,1917
pka,pka-ad,apollonius-grammarian,apollonius-grammarian-syntax,On Syntax,Περὶ συντάξεως,Grammar,grc/apollonius-grammarian-syntax-pka-ad.grc.md,743517,2216
kdw,kdw-aa,apollonius-of-aphrodisias,apollonius-aphrodisias-geographical-caria,Geographical Fragments on Caria,Ἀποσπάσματα περὶ Καρίας,History,grc/apollonius-aphrodisias-geographical-caria-kdw-aa.grc.md,8058,1929
ndo,ndo-aa,apollonius-of-citium,apollonius-citium-commentary-joints,Commentary-Hippocrates-Joints,Ὑπόμνημα εἰς Ἱπποκράτους Περὶ Ἄρθρων,Medicine,grc/apollonius-citium-commentary-joints-ndo-aa.grc.md,156458,2650
kle,kle-aa,apollonius-of-perga,apollonius-perga-conics,Conics,Κωνικά,Mathematics,grc/apollonius-perga-conics-kle-aa.grc.md,591255,2384
jfq,jfq-aa,apollonius-of-rhodes,apollonius-rhodes-argonautica,Argonautica,Ἀργοναυτικά,Epic,grc/apollonius-rhodes-argonautica-jfq-aa.grc.md,607886,1881
jfq,jfq-ab,apollonius-of-rhodes,apollonius-rhodes-argonautica-fragments,Fragments on the Argonautic Voyage,Ἀποσπάσματα περὶ τῆς Ἀργοναυτικῆς Πλόης,Epic,grc/apollonius-rhodes-argonautica-fragments-jfq-ab.grc.md,6284,2131
oag,oag-aa,apollonius-of-rhodes-scholia,apollonius-rhodius-scholia-argonautica,Scholia-Apollonius Rhodius's Argonautica,Σχόλια εἰς Ἀργοναυτικά Ἀπολλωνίου,Scholia,grc/apollonius-rhodius-scholia-argonautica-oag-aa.grc.md,769413,2217
nwu,nwu-aa,apollonius-of-tyana,apollonius-tyana-life-aeschines,Life of Aeschines,Βίος Αἰσχίνου,Philosophy,grc/apollonius-tyana-life-aeschines-nwu-aa.grc.md,9505,1687
nxe,nxe-ac,apollonius-of-tyana,apollonius-tyana-effects,Effects,Ἐπιδράσεις,Biography,grc/apollonius-tyana-effects-nxe-ac.grc.md,31521,1780
nxe,nxe-ab,apollonius-of-tyana,apollonius-tyana-letters,Letters of Apollonius,Ἐπιστολαὶ Ἀπολλωνίου,Biography,grc/apollonius-tyana-letters-nxe-ab.grc.md,67203,2086
nxe,nxe-aa,apollonius-of-tyana,apollonius-tyana-hours-day-night,On the Hours of Day and Night,Περὶ ὡρῶν ἡμέρας καὶ νυκτός,Biography,grc/apollonius-tyana-hours-day-night-nxe-aa.grc.md,21712,1832
pjq,pjq-aa,apollonius-the-grammarian,apollonius-grammarian-lexicon,Homeric Lexicon,Λεξικὸν Ὁμηρικόν,Grammar,grc/apollonius-grammarian-lexicon-pjq-aa.grc.md,527012,1593
kvo,kvo-aa,apollonius-the-paradoxographer,apollonius-paradoxographer-marvelous-histories,Marvelous Histories,Θαυμασίαι Ἱστορίαι,History,grc/apollonius-paradoxographer-marvelous-histories-kvo-aa.grc.md,32363,1958
eem,eem-ab,apollophanes-of-athens,apollophanes-athens-banquets-merriment,Fragments on Banquets and Merriment,Ἀποσπάσματα περὶ Συμποσίων καὶ Εὐωχίας,Comedy,grc/apollophanes-athens-banquets-merriment-eem-ab.grc.md,2600,1809
eem,eem-aa,apollophanes-of-athens,apollophanes-athens-feasting-merriment,Fragments on Feasting and Merriment,Ἀποσπάσματα περὶ Εὐωχίας καὶ Εὐφροσύνης,Comedy,grc/apollophanes-athens-feasting-merriment-eem-aa.grc.md,2668,1743
jzg,jzg-aa,apollophanes-the-stoic,apollophanes-stoic-physics-perception,Fragments on Physics and Perception,Ἀποσπάσματα περὶ Φυσικῆς καὶ Αἰσθήσεως,Philosophy,grc/apollophanes-stoic-physics-perception-jzg-aa.grc.md,3981,1998
psc,psc-aa,appendix-of-proverbs,appendix-proverbs-text,Appendix of Proverbs,Παροιμιῶν Παράρτημα,Philosophy,grc/appendix-proverbs-text-psc-aa.grc.md,56999,2050
pdc,pdc-ah,appian-of-alexandria,appian-alexandria-first-civil-war,First Civil War,Ἐμφυλίων Πρώτη,History,grc/appian-alexandria-first-civil-war-pdc-ah.grc.md,1482184,1962
pdc,pdc-ab,appian-of-alexandria,appian-alexandria-roman-history,Fragments of Roman History,Ἀποσπάσματα Ῥωμαϊκῆς Ἱστορίας,History,grc/appian-alexandria-roman-history-pdc-ab.grc.md,10052,1901
pdc,pdc-ai,appian-of-alexandria,appian-alexandria-celtic,From the Celtic,ἐκ τῆς Κελτῖκης,History,grc/appian-alexandria-celtic-pdc-ai.grc.md,32236,2019
pdc,pdc-af,appian-of-alexandria,appian-alexandria-italian,From the Italian,ἐκ τῆς Ἰταλικῆς,History,grc/appian-alexandria-italian-pdc-af.grc.md,17866,2129
pdc,pdc-ad,appian-of-alexandria,appian-alexandria-macedonian,From the Macedonian,ἐκ τῆς Μακεδονικῆς,History,grc/appian-alexandria-macedonian-pdc-ad.grc.md,50881,1980
pdc,pdc-ag,appian-of-alexandria,appian-alexandria-nomadic,From the Nomadic,ἐκ τῆς Νομαδικῆς,History,grc/appian-alexandria-nomadic-pdc-ag.grc.md,6776,1629
pdc,pdc-aj,appian-of-alexandria,appian-alexandria-from-royal,From the Royal,ἐκ τῆς βασιλικῆς,History,grc/appian-alexandria-from-royal-pdc-aj.grc.md,19506,1799
pdc,pdc-ae,appian-of-alexandria,appian-alexandria-saunitic,From the Saunitic,ἐκ τῆς Σαυνιτικῆς,History,grc/appian-alexandria-saunitic-pdc-ae.grc.md,47760,1899
pdc,pdc-aa,appian-of-alexandria,appian-alexandria-sicily-islands,From the Sicilian and Island,ἐκ τῆς Σικελῖκης καὶ νησιωτικής,History,grc/appian-alexandria-sicily-islands-pdc-aa.grc.md,15347,1831
pdc,pdc-al,appian-of-alexandria,appian-alexandria-hannibalic,Hannibalic,Ἀννιβαϊκή,History,grc/appian-alexandria-hannibalic-pdc-al.grc.md,128675,1848
pdc,pdc-ao,appian-of-alexandria,appian-alexandria-iberian,Iberian,Ιβηρική,History,grc/appian-alexandria-iberian-pdc-ao.grc.md,213451,1862
pdc,pdc-an,appian-of-alexandria,appian-alexandria-illyrian,Illyrian,Ἰλλυρική,History,grc/appian-alexandria-illyrian-pdc-an.grc.md,65411,2000
pdc,pdc-ac,appian-of-alexandria,appian-alexandria-letter-fronto,Letter of Appian to Fronto,Ἐπιστολὴ Ἀππιανοῦ πρὸς Φρόντωνα,History,grc/appian-alexandria-letter-fronto-pdc-ac.grc.md,6410,2340
pdc,pdc-aq,appian-of-alexandria,appian-alexandria-libyan,Libyan,Λιβυκή,History,grc/appian-alexandria-libyan-pdc-aq.grc.md,329606,2513
pdc,pdc-ak,appian-of-alexandria,appian-alexandria-mithridatic,Mithridatic,Μιθριδάτειος,History,grc/appian-alexandria-mithridatic-pdc-ak.grc.md,320359,2531
pdc,pdc-ap,appian-of-alexandria,appian-alexandria-preface,Preface,Προοίμιον,History,grc/appian-alexandria-preface-pdc-ap.grc.md,32068,2145
pdc,pdc-ar,appian-of-alexandria,appian-alexandria-syriac,Syriac,Συριακή,History,grc/appian-alexandria-syriac-pdc-ar.grc.md,181644,1940
pdc,pdc-am,appian-of-alexandria,appian-alexandria-testimony,Testimony,Μαρτυρία,History,grc/appian-alexandria-testimony-pdc-am.grc.md,2232,1327
ela,ela-aa,araethus-the-historian,araethus-historical-fragments,Arcadian Historical Fragments,Ἀποσπάσματα,History,grc/araethus-historical-fragments-ela-aa.grc.md,6703,1806
fgo,fgo-aa,araros-son-of-aristophanes,araros-comic-daily-life,Comic Fragments on Daily Life,Ἀποσπάσματα περὶ Βίου Καθημερινοῦ Κωμικά,Comedy,grc/araros-comic-daily-life-fgo-aa.grc.md,3757,1759
fgo,fgo-ab,araros-son-of-aristophanes,araros-divine-judgment,Fragments on Divine Judgment,Ἀποσπάσματα περὶ Θείας Κρίσεως,Comedy,grc/araros-divine-judgment-fgo-ab.grc.md,3109,1654
iru,iru-ai,aratus-lives,aratus-astronomical-appendix,Astronomical Appendix,Ἀστρονομικά,Biography,grc/aratus-astronomical-appendix-iru-ai.grc.md,5005,2153
iru,iru-af,aratus-lives,aratus-preface-phenomena,Excerpt from Preface-Phenomena,Ἐκλογὴ ἐκ τῆς Προοιμίου Περὶ Φαινομένων,Biography,grc/aratus-preface-phenomena-iru-af.grc.md,4998,1959
iru,iru-ae,aratus-lives,aratus-commentaries-introduction,Introduction from Other Commentaries,Ἐξ ἑτέρων σχολίων εἰσαγωγή,Biography,grc/aratus-commentaries-introduction-iru-ae.grc.md,34140,1740
iru,iru-ah,aratus-lives,aratus-introduction,Introduction to Aratus,Εἰσαγωγὴ εἰς τὸν Ἄρατον,Biography,grc/aratus-introduction-iru-ah.grc.md,19851,1846
iru,iru-ad,aratus-lives,aratus-introduction,"Introduction to Aratus,-Interpretation",Περὶ ἐξηγήσεως,Biography,grc/aratus-introduction-iru-ad.grc.md,8665,1802
iru,iru-aa,aratus-lives,aratus-letter-to-julian,Letter to Julian,Πρὸς Ἰουλιανὸν ἐπιστολή,Biography,grc/aratus-letter-to-julian-iru-aa.grc.md,3504,1310
iru,iru-ab,aratus-lives,aratus-life,Life of Aratus,Βίος Ἀράτου,Biography,grc/aratus-life-iru-ab.grc.md,7511,2235
iru,iru-aj,aratus-lives,aratus-life,Life of Aratus,Βίος Ἀράτου,Biography,grc/aratus-life-iru-aj.grc.md,12924,1594
iru,iru-ak,aratus-lives,aratus-life,Life of Aratus,Βίος Ἀράτου,Biography,grc/aratus-life-iru-ak.grc.md,7019,1833
iru,iru-al,aratus-lives,aratus-life,Life of Aratus,Βίος Ἄρατου,Biography,grc/aratus-life-iru-al.grc.md,5188,1850
iru,iru-am,aratus-lives,aratus-zodiac,On the Zodiac,Περὶ τοῦ Ζῳδιακοῦ,Biography,grc/aratus-zodiac-iru-am.grc.md,7816,1498
iru,iru-ac,aratus-lives,aratus-phenomena,Phenomena,Ἀποσπάσματα ἐκ τῶν Φαινομένων τοῦ Ἄρατου,Biography,grc/aratus-phenomena-iru-ac.grc.md,15518,2286
iru,iru-ag,aratus-lives,aratus-prooemium-phenomena,Prooemium to Aratus' Phenomena,Προοίμιον εἰς τὰ Φαινόμενα τοῦ Ἄρατου,Biography,grc/aratus-prooemium-phenomena-iru-ag.grc.md,42022,1798
iru,iru-an,aratus-lives,aratus-sphere,Sphere,Σφαῖρα,Biography,grc/aratus-sphere-iru-an.grc.md,15761,1533
jba,jba-aa,aratus-of-sicyon,aratus-sicyon-historical-commentary,Historical Commentary Fragments,Ἀποσπάσματα,History,grc/aratus-sicyon-historical-commentary-jba-aa.grc.md,10095,1933
hte,hte-ae,aratus-of-soli,aratus-soli-astronomical-calendar,Astronomical Calendar Fragment,Ἀπόσπασμα,Science,grc/aratus-soli-astronomical-calendar-hte-ae.grc.md,6424,1809
hte,hte-ac,aratus-of-soli,aratus-soli-epigrams,Epigrams,Ἐπιγράμματα,Science,grc/aratus-soli-epigrams-hte-ac.grc.md,2628,1569
hte,hte-aa,aratus-of-soli,aratus-soli-fragments,Fragments and Titles,Ἀποσπάσματα καὶ Τίτλοι,Science,grc/aratus-soli-fragments-hte-aa.grc.md,4090,1777
hte,hte-ad,aratus-of-soli,aratus-soli-solar-transits,On Solar Zodiacal Transits,Ἀπόσπασμα,Science,grc/aratus-soli-solar-transits-hte-ad.grc.md,5260,1657
hte,hte-ab,aratus-of-soli,aratus-soli-phenomena,Phenomena,Φαινόμενα,Science,grc/aratus-soli-phenomena-hte-ab.grc.md,120726,2026
ngq,ngq-ab,aratus-scholia,aratus-scholia-text,Scholia-Aratus,Σχόλια εἰς Ἄρατον,Scholia,grc/aratus-scholia-text-ngq-ab.grc.md,3918,2540
ngq,ngq-ae,aratus-scholia,aratus-scholia-text,Scholia-Aratus,Σχόλια εἰς Ἄρατον,Scholia,grc/aratus-scholia-text-ngq-ae.grc.md,3774,1942
ngq,ngq-af,aratus-scholia,aratus-scholia-text,Scholia-Aratus,Σχόλια εἰς Ἄρατον,Scholia,grc/aratus-scholia-text-ngq-af.grc.md,3178,2140
ngq,ngq-ad,aratus-scholia,aratus-scholia-text,Scholia-Aratus,Σχόλια εἰς Ἄρατον,Scholia,grc/aratus-scholia-text-ngq-ad.grc.md,11372,2421
ngq,ngq-aa,aratus-scholia,aratus-scholia-text,Scholia-Aratus,Σχόλια εἰς Ἄρατον,Scholia,grc/aratus-scholia-text-ngq-aa.grc.md,759221,2255
ngq,ngq-ac,aratus-scholia,aratus-scholia-text,Scholia-Aratus,Σχόλια εἰς Ἄρατον,Scholia,grc/aratus-scholia-text-ngq-ac.grc.md,5557,2057
qke,qke-aa,arcadius-of-antioch,arcadius-antioch-accents,On Accents,Περὶ Προσῳδιῶν,Grammar,grc/arcadius-antioch-accents-qke-aa.grc.md,419711,1656
ikm,ikm-aa,arcesilaus-of-pitane,arcesilaus-pitane-testamentary-letter,Letter with Testamentary Instructions,Ἐπιστολή,Philosophy,grc/arcesilaus-pitane-testamentary-letter-ikm-aa.grc.md,3160,1724
jem,jem-aa,arcesilaus-of-pitane,arcesilaus-pitane-epitaphs-dedications,Epitaphs and Dedications,Ἀποσπάσματα,Philosophy,grc/arcesilaus-pitane-epitaphs-dedications-jem-aa.grc.md,2995,1818
mnk,mnk-aa,archedemus-of-tarsus,archedemus-tarsus-stoic-fragments,Stoic Philosophical Fragments,Ἀποσπάσματα,Philosophy,grc/archedemus-tarsus-stoic-fragments-mnk-aa.grc.md,11297,1923
hrg,hrg-aa,archedicus-the-comic-poet,archedicus-misers-dinner-party,Miser's Dinner Party,Ἀποσπάσματα,Comedy,grc/archedicus-misers-dinner-party-hrg-aa.grc.md,4676,1906
hrg,hrg-ab,archedicus-the-comic-poet,archedicus-misers-dinner-party,Miser's Dinner Party,Ἀποσπάσματα,Comedy,grc/archedicus-misers-dinner-party-hrg-ab.grc.md,4356,1609
jcy,jcy-ab,archelaus-of-chersonesus,archelaus-chersonesus-epigram,Epigram,Ἐπίγραμμα,History,grc/archelaus-chersonesus-epigram-jcy-ab.grc.md,2203,1506
jcy,jcy-aa,archelaus-of-chersonesus,archelaus-chersonesus-marvels-nature,On Marvels of Nature,Ἀποσπάσματα,History,grc/archelaus-chersonesus-marvels-nature-jcy-aa.grc.md,2969,1669
byk,byk-ab,archelaus-of-miletus,archelaus-miletus-cimon-physics,Fragments on Cimon and Physics,Ἀποσπάσματα περὶ Κίμωνος καὶ Φυσικῶν,Philosophy,grc/archelaus-miletus-cimon-physics-byk-ab.grc.md,4510,1870
byk,byk-aa,archelaus-of-miletus,archelaus-miletus-testimonies,Testimonies,Μαρτυρίαι,Philosophy,grc/archelaus-miletus-testimonies-byk-aa.grc.md,13900,1581
vrm,vrm-aa,archelaus-the-alchemist,archelaus-divine-art-iambic,Archelaus the Philosopher-the Divine Art in Iambic Verses,Ἀρχελάου φιλοσόφου περὶ τῆς θείας τέχνης διὰ,Poetry,grc/archelaus-divine-art-iambic-vrm-aa.grc.md,29310,2127
lqi,lqi-aa,archemachus-of-euboea,archemachus-euboea-history-customs,Euboean History and Customs,Ἀποσπάσματα,History,grc/archemachus-euboea-history-customs-lqi-aa.grc.md,6264,1485
gtu,gtu-aa,archestratus-of-gela,archestratus-gela-fragments,Fragments and Titles,Ἀποσπάσματα καὶ Τίτλοι,Poetry,grc/archestratus-gela-fragments-gtu-aa.grc.md,36221,1975
gtu,gtu-ab,archestratus-of-gela,archestratus-gela-gastronomic-journey,Gastronomic Journey Fragments,Ἀποσπάσματα,Poetry,grc/archestratus-gela-gastronomic-journey-gtu-ab.grc.md,36879,1827
owe,owe-ab,archigenes-of-apamea,archigenes-apamea-spleen-inflammation,On Inflammation of the Spleen,Ἀποσπάσματα,Medicine,grc/archigenes-apamea-spleen-inflammation-owe-ab.grc.md,68270,1787
owe,owe-aa,archigenes-of-apamea,archigenes-apamea-unpublished-fragments,Unpublished Fragments,Ἀδημοσίευτα Ἀποσπάσματα,Medicine,grc/archigenes-apamea-unpublished-fragments-owe-aa.grc.md,24506,1967
afu,afu-ac,archilochus-of-paros,archilochus-paros-epigrams,Epigrams,Ἐπιγράμματα,Poetry,grc/archilochus-paros-epigrams-afu-ac.grc.md,2529,1886
afu,afu-aa,archilochus-of-paros,archilochus-paros-lyric-fragments,Lyric Fragments,Λυρικὰ Ἀποσπάσματα,Poetry,grc/archilochus-paros-lyric-fragments-afu-aa.grc.md,5345,1873
afu,afu-ab,archilochus-of-paros,archilochus-paros-life-wine,Warrior's Life and Wine,Ἀποσπάσματα,Poetry,grc/archilochus-paros-life-wine-afu-ab.grc.md,49526,1809
ixo,ixo-ag,archimedes-of-syracuse,archimedes-syracuse-assumptions,Book of Assumptions,Βιβλίον Ὑποθέσεων,Mathematics,grc/archimedes-syracuse-assumptions-ixo-ag.grc.md,39581,1738
ixo,ixo-aj,archimedes-of-syracuse,archimedes-syracuse-cattle-problem,Cattle Problem (Long Version),Βοῦς Πρόβλημα,Mathematics,grc/archimedes-syracuse-cattle-problem-ixo-aj.grc.md,11031,2201
ixo,ixo-ak,archimedes-of-syracuse,archimedes-syracuse-cattle-problem,Cattle Problem (Short Version),Βοῦς Πρόβλημα,Mathematics,grc/archimedes-syracuse-cattle-problem-ixo-ak.grc.md,5871,1987
ixo,ixo-ad,archimedes-of-syracuse,archimedes-syracuse-measurement-circle,Measurement of the Circle,Κύκλου Μέτρησις,Mathematics,grc/archimedes-syracuse-measurement-circle-ixo-ad.grc.md,12719,2086
ixo,ixo-af,archimedes-of-syracuse,archimedes-syracuse-method-eratosthenes,Method to Eratosthenes,Μέθοδος πρὸς Ἐρατοσθένην,Mathematics,grc/archimedes-syracuse-method-eratosthenes-ixo-af.grc.md,108862,2157
ixo,ixo-an,archimedes-of-syracuse,archimedes-syracuse-polyhedra,On Archimedean Polyhedra,Ἀποσπάσματα,Mathematics,grc/archimedes-syracuse-polyhedra-ixo-an.grc.md,35373,2206
ixo,ixo-ae,archimedes-of-syracuse,archimedes-syracuse-conoids-spheroids,On Conoids and Spheroids,Περὶ Κωνοειδῶν καὶ Σφαιροειδῶν,Mathematics,grc/archimedes-syracuse-conoids-spheroids-ixo-ae.grc.md,244664,2248
ixo,ixo-ah,archimedes-of-syracuse,archimedes-syracuse-floating-bodies,On Floating Bodies,Περὶ Τῶν Ἐπιπλεόντων Σωμάτων,Mathematics,grc/archimedes-syracuse-floating-bodies-ixo-ah.grc.md,88882,2391
ixo,ixo-ai,archimedes-of-syracuse,archimedes-syracuse-spirals,On Spiral Lines,Περὶ Ἑλίκων Γραμμῶν,Mathematics,grc/archimedes-syracuse-spirals-ixo-ai.grc.md,153526,2251
ixo,ixo-aa,archimedes-of-syracuse,archimedes-syracuse-equilibrium-planes,On the Equilibrium of Planes,Περὶ Ἰσορροπίας Ἐπιπέδων,Mathematics,grc/archimedes-syracuse-equilibrium-planes-ixo-aa.grc.md,94705,1932
ixo,ixo-ab,archimedes-of-syracuse,archimedes-syracuse-sphere-cylinder,On the Sphere and Cylinder,Περὶ Σφαίρας καὶ Κυλίνδρου,Mathematics,grc/archimedes-syracuse-sphere-cylinder-ixo-ab.grc.md,269252,2352
ixo,ixo-ac,archimedes-of-syracuse,archimedes-syracuse-quadrature-parabola,Quadrature of the Parabola,Παραβολῆς Τετραγωνισμός,Mathematics,grc/archimedes-syracuse-quadrature-parabola-ixo-ac.grc.md,60326,2097
ixo,ixo-al,archimedes-of-syracuse,archimedes-syracuse-sand-reckoner,Sand Reckoner,Ψαμμίτης,Mathematics,grc/archimedes-syracuse-sand-reckoner-ixo-al.grc.md,61825,1881
ixo,ixo-am,archimedes-of-syracuse,archimedes-syracuse-stomachion,Stomachion,Στομάχιον,Mathematics,grc/archimedes-syracuse-stomachion-ixo-am.grc.md,7074,1984
knm,knm-ab,archimelus-the-epigrammatist,archimelus-epigram,Epigram,Ἐπίγραμμα,Poetry,grc/archimelus-epigram-knm-ab.grc.md,2324,1475
knm,knm-aa,archimelus-the-epigrammatist,archimelus-ship-hiero-ii,Fragment-the Ship of Hiero II,Ἀπόσπασμα περὶ τοῦ πλοίου Ἱέρωνος Β',Poetry,grc/archimelus-ship-hiero-ii-knm-aa.grc.md,4075,2091
cnu,cnu-aa,archinus-the-historian,archinus-geography-myths,Thessalian Geography and Myths,Ἀποσπάσματα,History,grc/archinus-geography-myths-cnu-aa.grc.md,2614,1750
ebk,ebk-aa,archippus-the-comic-poet,archippus-comic-feast,Fragments of a Comic Feast,Ἀποσπάσματα Συμποσίου Κωμικοῦ,Comedy,grc/archippus-comic-feast-ebk-aa.grc.md,8091,2210
ebk,ebk-ab,archippus-the-comic-poet,archippus-fish-feasting,Fragments on Fish and Feasting,Ἀποσπάσματα περὶ Ἰχθύων καὶ Εὐωχίας,Comedy,grc/archippus-fish-feasting-ebk-ab.grc.md,6739,2535
ebk,ebk-ac,archippus-the-comic-poet,archippus-love-persuasion,Fragments on Love and Persuasion,Ἀποσπάσματα περὶ Ἔρωτος καὶ Πειθοῦς,Comedy,grc/archippus-love-persuasion-ebk-ac.grc.md,3093,2295
kaa,kaa-aa,archytas-of-amphissa,archytas-amphissa-makynna-desire,Fragments on Makynna and Desire,Ἀποσπάσματα περὶ Μακύννης καὶ Ἔρωτος,Epic,grc/archytas-amphissa-makynna-desire-kaa-aa.grc.md,2303,1505
faa,faa-ab,archytas-of-tarentum,archytas-tarentum-mathematics-harmony,Fragments on Mathematics and Harmony,Ἀποσπάσματα περὶ Μαθημάτων καὶ Ἁρμονίας,Philosophy,grc/archytas-tarentum-mathematics-harmony-faa-ab.grc.md,16846,2712
faa,faa-aa,archytas-of-tarentum,archytas-tarentum-testimonies,Testimonies,Μαρτυρίαι,Philosophy,grc/archytas-tarentum-testimonies-faa-aa.grc.md,39083,2145
dck,dck-aa,aresas-of-lucania,aresas-lucania-human-nature,On Human Nature,Ἀπόσπασμα,Philosophy,grc/aresas-lucania-human-nature-dck-aa.grc.md,7891,1518
gxq,gxq-aa,aretades-of-cnidus,aretades-cnidus-macedonian-history,Fragments on Macedonian History,Ἀποσπάσματα περὶ τῆς Μακεδονικῆς Ἱστορίας,History,grc/aretades-cnidus-macedonian-history-gxq-aa.grc.md,4045,1753
qao,qao-ab,aretaeus-the-cappadocian,aretaeus-cappadocian-acute-diseases,On Causes and Signs of Acute Diseases,Περὶ αἰτίων καὶ σημείων ὀξέων παθών,Medicine,grc/aretaeus-cappadocian-acute-diseases-qao-ab.grc.md,120050,2106
qao,qao-aa,aretaeus-the-cappadocian,aretaeus-cappadocian-chronic-diseases,On Causes and Signs of Chronic Diseases,Περὶ αἰτίων καὶ σημείων χρονίων παθῶν,Medicine,grc/aretaeus-cappadocian-chronic-diseases-qao-aa.grc.md,212065,2484
qao,qao-ad,aretaeus-the-cappadocian,aretaeus-cappadocian-acute-diseases,Treatment of Acute Diseases,Ὀξέων νούσων θεραπευτικόν,Medicine,grc/aretaeus-cappadocian-acute-diseases-qao-ad.grc.md,198100,2286
qao,qao-ac,aretaeus-the-cappadocian,aretaeus-cappadocian-chronic-diseases,Treatment of Chronic Diseases,Χρονίων νούσων θεραπευτικών,Medicine,grc/aretaeus-cappadocian-chronic-diseases-qao-ac.grc.md,100776,2304
ddo,ddo-aa,arimnestus-the-philosopher,arimnestus-pythagorean-wisdom,Fragments on Pythagorean Wisdom,Ἀποσπάσματα περὶ Πυθαγορικῆς Σοφίας,Philosophy,grc/arimnestus-pythagorean-wisdom-ddo-aa.grc.md,2749,1731
gze,gze-aa,ariphron-of-sicyon,ariphron-sicyon-hymn-health,Hymn to Health,Ἀποσπάσματα,Poetry,grc/ariphron-sicyon-hymn-health-gze-aa.grc.md,2538,1483
vrc,vrc-aa,aristaenetus-the-writer,aristaenetus-love-beauty,Epistles on Love and Beauty,Ἐπιστολαί,,grc/aristaenetus-love-beauty-vrc-aa.grc.md,196244,1784
aiw,aiw-aa,aristaeus-the-culture-hero,aristaeus-harmony-cosmos,On Harmony and the Cosmos,Ἀποσπάσματα,Philosophy,grc/aristaeus-harmony-cosmos-aiw-aa.grc.md,5585,1718
equ,equ-ab,aristagoras-the-comic-poet,aristagoras-comic-courtesans-revelry,Fragments on Courtesans and Revelry,Ἀποσπάσματα περὶ Ἑταιρῶν καὶ Κώμων,Comedy,grc/aristagoras-comic-courtesans-revelry-equ-ab.grc.md,2650,1837
equ,equ-aa,aristagoras-the-comic-poet,aristagoras-comic-revelry-courtesans,Fragments on Revelry and Courtesans,Ἀποσπάσματα περὶ Κώμων καὶ Ἑταιρῶν,Comedy,grc/aristagoras-comic-revelry-courtesans-equ-aa.grc.md,2588,1633
biq,biq-aa,aristagoras-the-tyrant,aristagoras-miletus-egyptian-geography,Egyptian Geographical Fragments,Ἀποσπάσματα,History,grc/aristagoras-miletus-egyptian-geography-biq-aa.grc.md,6682,1889
hzi,hzi-aa,aristarchus-of-samos,aristarchus-samos-sizes-distances-sun-moon,On the Sizes and Distances of the Sun and Moon,Περὶ Μεγεθῶν καὶ Ἀποστάσεων Ἡλίου καὶ Σελήνης,Science,grc/aristarchus-samos-sizes-distances-sun-moon-hzi-aa.grc.md,70159,2656
ddy,ddy-aa,aristarchus-of-tegea,aristarchus-tegea-achilles-love,Fragments on Achilles and Love,Ἀποσπάσματα περὶ Ἀχιλλέως καὶ Ἔρωτος,Drama,grc/aristarchus-tegea-achilles-love-ddy-aa.grc.md,3386,1719
ltu,ltu-aa,aristeas-letters,aristeas-letters-philocrates,Letter of Aristeas to Philocrates,Ἐπιστολὴ Ἀριστέου πρὸς Φιλοκράτην,Theology,grc/aristeas-letters-philocrates-ltu-aa.grc.md,173733,2889
adc,adc-aa,aristeas-of-proconnesus,aristeas-proconnesus-fragments,Epic Fragments,Ἐπικὰ Ἀποσπάσματα,Epic,grc/aristeas-proconnesus-fragments-adc-aa.grc.md,3547,1974
buy,buy-aa,aristias-of-phlius,aristias-phlius-fragments-antaeus,Fragments of Antaeus,Ἀποσπάσματα Ἀνταίου,Drama,grc/aristias-phlius-fragments-antaeus-buy-aa.grc.md,3095,1951
mlm,mlm-aa,aristides-of-miletus,aristides-miletus-historical-fragments,Italica: Historical Fragments,Ἀποσπάσματα,History,grc/aristides-miletus-historical-fragments-mlm-aa.grc.md,29908,2442
suc,suc-aa,aristides-the-musicologist,aristides-music-text,On Music,Περὶ Μουσικῆς,Science,grc/aristides-music-text-suc-aa.grc.md,375431,2369
qwm,qwm-bk,aristides-the-orator,aristides-orator-smyrna,Address to Smyrna,Προσφωνητικός Σμυρναϊκός,Oratory,grc/aristides-orator-smyrna-qwm-bk.grc.md,15682,2248
qwm,qwm-al,aristides-the-orator,aristides-orator-advisory-not-comedize,Advisory-Not Needing to Comedize,Συμβουλευτικὸς περὶ τοῦ μὴ δεῖν κωμῳδεῖν,Oratory,grc/aristides-orator-advisory-not-comedize-qwm-al.grc.md,28232,2002
qwm,qwm-ba,aristides-the-orator,aristides-orator-against-dancers,Against the Dancers,Κατὰ τῶν ἐξορχουμένων,Oratory,grc/aristides-orator-against-dancers-qwm-ba.grc.md,51591,1811
qwm,qwm-by,aristides-the-orator,aristides-orator-allied,Allied A.,Συμμαχικὸς Α.,Oratory,grc/aristides-orator-allied-qwm-by.grc.md,51178,1336
qwm,qwm-aj,aristides-the-orator,aristides-orator-alliance-thebans,Allied B. To Thebans-the Alliance,Συμμαχικὸς Β.,Oratory,grc/aristides-orator-alliance-thebans-qwm-aj.grc.md,53567,2037
qwm,qwm-bv,aristides-the-orator,aristides-orator-asclepiads,Asclepiads,Ἀσκληπιάδαι,Oratory,grc/aristides-orator-asclepiads-qwm-bv.grc.md,20966,2091
qwm,qwm-ce,aristides-the-orator,aristides-orator-athena,Athena,Ἀθηνᾶ,Oratory,grc/aristides-orator-athena-qwm-ce.grc.md,28760,1786
qwm,qwm-bb,aristides-the-orator,aristides-orator-birthday-apellas,Birthday of Apellas,Ἀπελλᾶ γενεθλιακός,Oratory,grc/aristides-orator-birthday-apellas-qwm-bb.grc.md,26951,1959
qwm,qwm-bz,aristides-the-orator,aristides-orator-dionysus,Dionysus,Διόνυσος,Oratory,grc/aristides-orator-dionysus-qwm-bz.grc.md,10583,1598
qwm,qwm-ca,aristides-the-orator,aristides-orator-egyptian,Egyptian,Αἰγύπτιος,Oratory,grc/aristides-orator-egyptian-qwm-ca.grc.md,128056,1756
qwm,qwm-bw,aristides-the-orator,aristides-orator-eleusinian,Eleusinian,Ἐλευσίνιος,Oratory,grc/aristides-orator-eleusinian-qwm-bw.grc.md,14457,1962
qwm,qwm-bc,aristides-the-orator,aristides-orator-embassy,Embassy to Achilles,Πρεσβευτικὸς πρὸς Ἀχιλλέα,Oratory,grc/aristides-orator-embassy-qwm-bc.grc.md,43086,2281
qwm,qwm-bn,aristides-the-orator,aristides-orator-encomium-rome,encom of Rome,Ῥώμης ἐγκώμιον,Oratory,grc/aristides-orator-encomium-rome-qwm-bn.grc.md,106634,2028
qwm,qwm-ad,aristides-the-orator,aristides-orator-festival-speech-cyzicus,Festival Speech in Cyzicus-the Temple,Πανηγυρικὸς ἐν Κυζίκῳ περὶ τοῦ ναοῦ,Oratory,grc/aristides-orator-festival-speech-cyzicus-qwm-ad.grc.md,41219,1819
qwm,qwm-ae,aristides-the-orator,aristides-orator-water-pergamum,Festival Speech-the Water in Pergamum,Πανηγυρικὸς ἐπὶ τῷ ὕδατι ἐν Περγάμῳ,Oratory,grc/aristides-orator-water-pergamum-qwm-ae.grc.md,6782,2094
qwm,qwm-ar,aristides-the-orator,aristides-orator-funeral-orati,Funeral OratiAlexander,Ἐπὶ Ἀλεξάνδρῳ ἐπιτάφιος,Oratory,grc/aristides-orator-funeral-orati-qwm-ar.grc.md,35824,2047
qwm,qwm-aq,aristides-the-orator,aristides-orator-funeral-eteoneus,Funeral Oration for Eteoneus,εἰς Ἐτεωνέα ἐπικήδειος,Oratory,grc/aristides-orator-funeral-eteoneus-qwm-aq.grc.md,17817,2097
qwm,qwm-cb,aristides-the-orator,aristides-orator-herakles,Heracles,Ἰσθμικὸς εἰς Ποσειδῶνα,Oratory,grc/aristides-orator-herakles-qwm-cb.grc.md,19776,1716
qwm,qwm-ak,aristides-the-orator,aristides-orator-peace-athenians,In Favor of Peace with the Athenians,Ὑπὲρ τῆς πρὸς Ἀθηναίους εἰρήνης,Oratory,grc/aristides-orator-peace-athenians-qwm-ak.grc.md,27216,1801
qwm,qwm-ac,aristides-the-orator,aristides-orator-peace-lacedaemonians,In Favor of Peace with the Lacedaemonians,Ὑπὲρ τῆς πρὸς Λακεδαιμονίους εἰρήνης,Oratory,grc/aristides-orator-peace-lacedaemonians-qwm-ac.grc.md,31890,2165
qwm,qwm-ay,aristides-the-orator,aristides-orator-isthmian-poseidon,Isthmian to Poseidon,Ἰσθμικὸς εἰς Ποσειδῶνα,Oratory,grc/aristides-orator-isthmian-poseidon-qwm-ay.grc.md,40668,1549
qwm,qwm-bo,aristides-the-orator,aristides-orator-letter-smyrna,Letter-Smyrna,Ἐπιστολὴ περὶ Σμύρνης,Oratory,grc/aristides-orator-letter-smyrna-qwm-bo.grc.md,16643,1853
qwm,qwm-ab,aristides-the-orator,aristides-orator-leuctrian-lacedaemonians,Leuctrian A. In Favor of Lacedaemonians First,Λευκτρικὸς Α.,Oratory,grc/aristides-orator-leuctrian-lacedaemonians-qwm-ab.grc.md,74356,1896
qwm,qwm-ah,aristides-the-orator,aristides-orator-leuctrian-b-thebans-first,Leuctrian B. In Favor of Thebans First,Λευκτρικὸς Β.,Oratory,grc/aristides-orator-leuctrian-b-thebans-first-qwm-ah.grc.md,78233,2279
qwm,qwm-aa,aristides-the-orator,aristides-orator-leuctrian-favor-lacedaemonians,Leuctrian C. In Favor of Lacedaemonians Second,Λευκτρικὸς Γ.,Oratory,grc/aristides-orator-leuctrian-favor-lacedaemonians-qwm-aa.grc.md,35619,1957
qwm,qwm-ag,aristides-the-orator,aristides-orator-leuctrian-favor-thebans,Leuctrian D. In Favor of Thebans Second,Λευκτρικὸς Δ.,Oratory,grc/aristides-orator-leuctrian-favor-thebans-qwm-ag.grc.md,33777,2248
qwm,qwm-af,aristides-the-orator,aristides-orator-leuctrian-helping-neither,Leuctrian E. In Favor of Helping Neither,Λευκτρικὸς Ε.,Oratory,grc/aristides-orator-leuctrian-helping-neither-qwm-af.grc.md,43330,2138
qwm,qwm-bp,aristides-the-orator,aristides-orator-monody-smyrna,Monody-Smyrna,Μονῳδία ἐπὶ Σμύρνῃ,Oratory,grc/aristides-orator-monody-smyrna-qwm-bp.grc.md,11302,2055
qwm,qwm-av,aristides-the-orator,aristides-orator-concord-cities,On Concord in the Cities,Περὶ ὁμονοίας ταῖς πόλεσιν,Oratory,grc/aristides-orator-concord-cities-qwm-av.grc.md,81731,2451
qwm,qwm-ax,aristides-the-orator,aristides-orator-political-discourse,On Political Discourse,Περὶ πολιτικοῦ λόγου,Oratory,grc/aristides-orator-political-discourse-qwm-ax.grc.md,281903,2119
qwm,qwm-an,aristides-the-orator,aristides-orator-aid-sicily,On Sending Aid to Those in Sicily,Περὶ τοῦ πέμπειν βοήθειαν τοῖς ἐν Σικελίᾳ,Oratory,grc/aristides-orator-aid-sicily-qwm-an.grc.md,49915,2548
qwm,qwm-bl,aristides-the-orator,aristides-orator-paraphrase,On the Paraphrase,Περὶ τοῦ παραφθέγματος,Oratory,grc/aristides-orator-paraphrase-qwm-bl.grc.md,135446,1783
qwm,qwm-ai,aristides-the-orator,aristides-orator-palinode-smyrna,Palinode-Smyrna and Its Rebuilding,Παλινῳδία ἐπὶ Σμύρνῃ καὶ τῷ ταύτης ἀνοικισμῷ,Oratory,grc/aristides-orator-palinode-smyrna-qwm-ai.grc.md,23249,2252
qwm,qwm-bt,aristides-the-orator,aristides-orator-panathenaic,Panathenaic,Παναθηναϊκός,Oratory,grc/aristides-orator-panathenaic-qwm-bt.grc.md,353719,1835
qwm,qwm-bq,aristides-the-orator,aristides-orator-poetic-fragments,Poetic Fragments,Ποιητικὰ Ἀποσπάσματα,Oratory,grc/aristides-orator-poetic-fragments-qwm-bq.grc.md,3030,2030
qwm,qwm-as,aristides-the-orator,aristides-orator-smyrna-speech,Political Speech for Smyrna,Σμυρναϊκὸς πολιτικός,Oratory,grc/aristides-orator-smyrna-speech-qwm-as.grc.md,24295,1828
qwm,qwm-cc,aristides-the-orator,aristides-orator-rhodes,Rhodian,Ῥοδιακός,Oratory,grc/aristides-orator-rhodes-qwm-cc.grc.md,66586,2106
qwm,qwm-bg,aristides-the-orator,aristides-orator-sacred-words,Sacred Words Fifth,Ἱεροὶ λόγοι πέμπτος,Oratory,grc/aristides-orator-sacred-words-qwm-bg.grc.md,55468,2071
qwm,qwm-bh,aristides-the-orator,aristides-orator-sacred-words,Sacred Words First,Ἱεροὶ λόγοι πρῶτος,Oratory,grc/aristides-orator-sacred-words-qwm-bh.grc.md,63862,2080
qwm,qwm-bd,aristides-the-orator,aristides-orator-sacred-words,Sacred Words Fourth,Ἱεροὶ λόγοι τέταρτος,Oratory,grc/aristides-orator-sacred-words-qwm-bd.grc.md,96738,1961
qwm,qwm-be,aristides-the-orator,aristides-orator-sacred-words,Sacred Words Second,Ἱεροὶ λόγοι δεύτερος,Oratory,grc/aristides-orator-sacred-words-qwm-be.grc.md,69996,1941
qwm,qwm-bi,aristides-the-orator,aristides-orator-sacred-words,Sacred Words Sixth,Ἱεροὶ λόγοι ἕκτος,Oratory,grc/aristides-orator-sacred-words-qwm-bi.grc.md,3849,2053
qwm,qwm-bj,aristides-the-orator,aristides-orator-sacred-words,Sacred Words Third,Ἱεροὶ λόγοι τρίτος,Oratory,grc/aristides-orator-sacred-words-qwm-bj.grc.md,43042,1948
qwm,qwm-bf,aristides-the-orator,aristides-orator-asclepius,Speech to Asclepius,Λαλιὰ εἰς Ἀσκληπιόν,Oratory,grc/aristides-orator-asclepius-qwm-bf.grc.md,16559,1830
qwm,qwm-bs,aristides-the-orator,aristides-orator-capitolinus,To Capitolinus,Πρὸς Καπίτωνα,Oratory,grc/aristides-orator-capitolinus-qwm-bs.grc.md,53317,1573
qwm,qwm-at,aristides-the-orator,aristides-orator-demosthenes-exemption,To Demosthenes-Exemption,Πρὸς Δημοσθένη περὶ ἀτελείας,Oratory,grc/aristides-orator-demosthenes-exemption-qwm-at.grc.md,110918,2101
qwm,qwm-ao,aristides-the-orator,aristides-orator-leptines-exemption,To Leptines in Favor of Exemption,Πρὸς Λεπτίνην ὑπὲρ ἀτελείας,Oratory,grc/aristides-orator-leptines-exemption-qwm-ao.grc.md,136995,2238
qwm,qwm-ap,aristides-the-orator,aristides-orator-four,To Plato in Favor of the Four,Πρὸς Πλάτωνα ὑπὲρ τῶν τεττάρων,Oratory,grc/aristides-orator-four-qwm-ap.grc.md,642107,2036
qwm,qwm-az,aristides-the-orator,aristides-orator-plato-rhetoric,To Plato-Rhetoric,Πρὸς Πλάτωνα περὶ ῥητορικῆς,Oratory,grc/aristides-orator-plato-rhetoric-qwm-az.grc.md,363543,1754
qwm,qwm-bx,aristides-the-orator,aristides-orator-serapis,To Serapis,Εἰς τὸν Σάραπιν,Oratory,grc/aristides-orator-serapis-qwm-bx.grc.md,33755,1811
qwm,qwm-bm,aristides-the-orator,aristides-orator-aegean-sea,To the Aegean Sea,Εἰς τὸ Αἰγαῖον πέλαγος,Oratory,grc/aristides-orator-aegean-sea-qwm-bm.grc.md,15836,1565
qwm,qwm-bu,aristides-the-orator,aristides-orator-king,To the King,Εἰς βασιλέα,Oratory,grc/aristides-orator-king-qwm-bu.grc.md,38097,1526
qwm,qwm-br,aristides-the-orator,aristides-orator-opposite,To the Opposite,Εἰς τὸ ἐναντίον,Oratory,grc/aristides-orator-opposite-qwm-br.grc.md,56989,1921
qwm,qwm-au,aristides-the-orator,aristides-orator-rhodians-concord,To the Rhodians-Concord,Ῥοδίοις περὶ ὁμονοίας,Oratory,grc/aristides-orator-rhodians-concord-qwm-au.grc.md,56334,2378
qwm,qwm-aw,aristides-the-orator,aristides-orator-well-asclepius,To the Well of Asclepius,Εἰς τὸ φρέαρ τοῦ Ἀσκληπιοῦ,Oratory,grc/aristides-orator-well-asclepius-qwm-aw.grc.md,17212,1988
qwm,qwm-am,aristides-the-orator,aristides-orator-accusing-not-practicing,To Those Accusing of Not Practicing,Πρὸς τοὺς αἰτιωμένους ὅτι μὴ μελετῴη,Oratory,grc/aristides-orator-accusing-not-practicing-qwm-am.grc.md,29832,2303
qwm,qwm-cd,aristides-the-orator,aristides-orator-zeus,To Zeus,Εἰς Δία,Oratory,grc/aristides-orator-zeus-qwm-cd.grc.md,25946,1573
duc,duc-aa,aristippus-of-cyrene,aristippus-cyrene-antiquities-myths,Arcadian Antiquities and Myths,Ἀποσπάσματα,History,grc/aristippus-cyrene-antiquities-myths-duc-aa.grc.md,3345,1688
koq,koq-aa,aristo-of-ceos,aristo-ceos-rhetorical-fragments,Rhetorical Fragments,Ῥητορικὰ Ἀποσπάσματα,Philosophy,grc/aristo-ceos-rhetorical-fragments-koq-aa.grc.md,3371,1626
hiu,hiu-aa,aristobulus-of-cassandreia,aristobulus-cassandreia-historical-natural-fragments,Historical and Natural Fragments,Ἀποσπάσματα,History,grc/aristobulus-cassandreia-historical-natural-fragments-hiu-aa.grc.md,4035,1919
lbi,lbi-aa,aristobulus-the-philosopher,aristobulus-jewish-exegetical-mosaic-law,Exegetical Fragments on Mosaic Law,Ἀποσπάσματα περὶ τοῦ Μωσαϊκοῦ Νόμου,Philosophy,grc/aristobulus-jewish-exegetical-mosaic-law-lbi-aa.grc.md,30036,2462
lfo,lfo-aa,aristocles-of-messene,aristocles-messene-nature-wisdom,Fragments on the Nature of Wisdom,Ἀποσπάσματα περὶ Σοφίας,Philosophy,grc/aristocles-messene-nature-wisdom-lfo-aa.grc.md,105373,2262
kci,kci-ab,aristocles-the-paradoxographer,aristocles-paradoxographer-hymn-demeter-hermione,Hymn to Demeter of Hermione,Ἀπόσπασμα,History,grc/aristocles-paradoxographer-hymn-demeter-hermione-kci-ab.grc.md,2768,1798
kci,kci-aa,aristocles-the-paradoxographer,aristocles-paradoxographer-italic-narratives,Italic and Paradoxical Narratives,Ἀποσπάσματα,History,grc/aristocles-paradoxographer-italic-narratives-kci-aa.grc.md,11275,1883
fau,fau-aa,aristocrates-of-sparta,aristocrates-sparta-customs,Fragments on Spartan Customs,Ἀποσπάσματα περὶ τῶν Λακωνικῶν Ἐθῶν,History,grc/aristocrates-sparta-customs-fau-aa.grc.md,4912,1670
ere,ere-aa,aristocreon-the-historian,aristocreon-ethiopia-libya,Fragments on Ethiopia and Libya,Ἀποσπάσματα περὶ Αἰθιοπίας καὶ Λιβύης,History,grc/aristocreon-ethiopia-libya-ere-aa.grc.md,3260,1927
kby,kby-aa,aristocritus-of-miletus,aristocritus-miletus-myths,Fragments on Miletus and Its Myths,Ἀποσπάσματα περὶ Μιλήτου καὶ τῶν Μύθων αὐτῆς,History,grc/aristocritus-miletus-myths-kby-aa.grc.md,10134,2056
mik,mik-aa,aristodemus-of-nyssa,aristodemus-nyssa-galatians-fragments,Fragments on the Galatians,Ἀποσπάσματα περὶ Γαλατῶν,History,grc/aristodemus-nyssa-galatians-fragments-mik-aa.grc.md,17657,1859
nie,nie-ab,aristodemus-the-historian,aristodemus-mardonius-fragments,Fragments on Mardonius,Ἀποσπάσματα περὶ Μαρδονίου,History,grc/aristodemus-mardonius-fragments-nie-ab.grc.md,3437,1240
nie,nie-aa,aristodemus-the-historian,aristodemus-battle-salamis,Fragments on the Battle of Salamis,Ἀποσπάσματα περὶ τῆς ἐν Σαλαμῖνι Ναυμαχίας,History,grc/aristodemus-battle-salamis-nie-aa.grc.md,43410,1865
clc,clc-aa,aristombrotus-the-philosopher,aristombrotus-vision-light,On Vision and Light,Ἀπόσπασμα,Philosophy,grc/aristombrotus-vision-light-clc-aa.grc.md,3207,1603
ksm,ksm-ab,aristomenes-of-alyzeia,aristomenes-alyzeia-comic-feast,Fragments of a Comic Feast,Ἀποσπάσματα Συμποσίου Κωμικοῦ,Comedy,grc/aristomenes-alyzeia-comic-feast-ksm-ab.grc.md,3277,2088
ksm,ksm-aa,aristomenes-of-alyzeia,aristomenes-alyzeia-sympotic-culinary,Sympotic and Culinary Fragments,Ἀποσπάσματα,Comedy,grc/aristomenes-alyzeia-sympotic-culinary-ksm-aa.grc.md,3851,2210
kpa,kpa-aa,ariston-of-ceos,ariston-ceos-philosophical-doctrines,Fragments on Philosophical Doctrines,Ἀποσπάσματα περὶ Δογμάτων Φιλοσοφικῶν,Philosophy,grc/ariston-ceos-philosophical-doctrines-kpa-aa.grc.md,44173,2038
jyw,jyw-aa,ariston-of-chios,ariston-chios-testimonies,Testimonies and Fragments,Μαρτυρίαι καὶ Ἀποσπάσματα,Philosophy,grc/ariston-chios-testimonies-jyw-aa.grc.md,41077,2180
mia,mia-ab,aristonicus-of-alexandria,aristonicus-alexandria-signs-iliad,On Signs in the Iliad,Περὶ τῶν σημείων τῆς Ἰλιάδος,Grammar,grc/aristonicus-alexandria-signs-iliad-mia-ab.grc.md,1164750,1813
mia,mia-aa,aristonicus-of-alexandria,aristonicus-alexandria-signs-odyssey,On Signs in the Odyssey,Περὶ Σημίων Ὀδυσσείας,Grammar,grc/aristonicus-alexandria-signs-odyssey-mia-aa.grc.md,420558,1934
mia,mia-ad,aristonicus-of-alexandria,aristonicus-alexandria-tragic-dance,On the Origins of Tragic Dance,Ἀπόσπασμα,Grammar,grc/aristonicus-alexandria-tragic-dance-mia-ad.grc.md,3633,2123
mia,mia-ac,aristonicus-of-alexandria,aristonicus-alexandria-testimonies,Testimonies,Μαρτυρίαι,Grammar,grc/aristonicus-alexandria-testimonies-mia-ac.grc.md,3695,1693
lae,lae-aa,aristonicus-of-tarentum,aristonicus-tarentum-mythology,Fragments on Mythology,Ἀποσπάσματα περὶ Μυθολογίας,History,grc/aristonicus-tarentum-mythology-lae-aa.grc.md,3265,1766
lou,lou-ab,aristonous-of-corinth,aristonous-corinth-hymn-vesta,Hymn to Vesta,Ὕμνος πρὸς Ἑστίαν,Poetry,grc/aristonous-corinth-hymn-vesta-lou-ab.grc.md,3432,2116
lou,lou-aa,aristonous-of-corinth,aristonous-corinth-paean,Paean to Apollo,Παιὰν πρὸς Ἀπόλλωνα,Poetry,grc/aristonous-corinth-paean-lou-aa.grc.md,4681,1856
dts,dts-aa,aristonymus-the-comic-poet,aristonymus-fish-seafood,Fragments on Fish and Seafood,Ἀποσπάσματα περὶ Ἰχθύων καὶ Θαλασσίων,Comedy,grc/aristonymus-fish-seafood-dts-aa.grc.md,3043,2231
daw,daw-ac,aristophanes-of-athens,aristophanes-athens-acharnians,Acharnians,Ἀχαρνῆς,Comedy,grc/aristophanes-athens-acharnians-daw-ac.grc.md,109739,1821
daw,daw-ai,aristophanes-of-athens,aristophanes-athens-lost-plays,Aristophanes' Lost Plays Catalogue,Ἀποσπάσματα,Comedy,grc/aristophanes-athens-lost-plays-daw-ai.grc.md,17233,1883
daw,daw-ab,aristophanes-of-athens,aristophanes-athens-assemblywomen,Assemblywomen,Ἐκκλησιάζουσαι,Comedy,grc/aristophanes-athens-assemblywomen-daw-ab.grc.md,105848,2090
daw,daw-ap,aristophanes-of-athens,aristophanes-athens-birds,Birds,Ὄρνιθες,Comedy,grc/aristophanes-athens-birds-daw-ap.grc.md,160322,2133
daw,daw-an,aristophanes-of-athens,aristophanes-athens-clouds,Clouds,Νεφέλαι,Comedy,grc/aristophanes-athens-clouds-daw-an.grc.md,145708,1631
daw,daw-ag,aristophanes-of-athens,aristophanes-athens-domestic-market,Domestic and Market Scenes,Ἀποσπάσματα,Comedy,grc/aristophanes-athens-domestic-market-daw-ag.grc.md,64123,2266
daw,daw-aj,aristophanes-of-athens,aristophanes-athens-anaxagoras-society,Fragments on Anaxagoras and Society,Ἀποσπάσματα περὶ Ἀναξαγόρου καὶ Κοινωνίας,Comedy,grc/aristophanes-athens-anaxagoras-society-daw-aj.grc.md,3871,2370
daw,daw-ae,aristophanes-of-athens,aristophanes-athens-daily-life,Fragments on Daily Life,Ἀποσπάσματα περὶ Βίου Καθημερινοῦ,Comedy,grc/aristophanes-athens-daily-life-daw-ae.grc.md,80710,2667
daw,daw-ah,aristophanes-of-athens,aristophanes-athens-justice-fragments,Fragments on Justice,Ἀποσπάσματα περὶ Δικαιοσύνης,Comedy,grc/aristophanes-athens-justice-fragments-daw-ah.grc.md,7668,2244
daw,daw-ak,aristophanes-of-athens,aristophanes-athens-language-comedy,Fragments on Language and Comedy,Ἀποσπάσματα περὶ Γλώσσης καὶ Κωμῳδίας,Comedy,grc/aristophanes-athens-language-comedy-daw-ak.grc.md,4248,2214
daw,daw-aq,aristophanes-of-athens,aristophanes-athens-frogs,Frogs,Βάτραχοι,Comedy,grc/aristophanes-athens-frogs-daw-aq.grc.md,140093,2075
daw,daw-am,aristophanes-of-athens,aristophanes-athens-knights,Knights,Ἱππῆς,Comedy,grc/aristophanes-athens-knights-daw-am.grc.md,128906,2054
daw,daw-ad,aristophanes-of-athens,aristophanes-athens-lysistrata,Lysistrata,Λυσιστράτη,Comedy,grc/aristophanes-athens-lysistrata-daw-ad.grc.md,119579,2043
daw,daw-af,aristophanes-of-athens,aristophanes-athens-marketplace-domestic,Marketplace and Domestic Scenes,Ἀποσπάσματα,Comedy,grc/aristophanes-athens-marketplace-domestic-daw-af.grc.md,83594,1890
daw,daw-ar,aristophanes-of-athens,aristophanes-athens-peace,Peace,Εἰρήνη,Comedy,grc/aristophanes-athens-peace-daw-ar.grc.md,118726,1645
daw,daw-al,aristophanes-of-athens,aristophanes-athens-wasps,Wasps,Σφῆκες,Comedy,grc/aristophanes-athens-wasps-daw-al.grc.md,144322,1862
daw,daw-ao,aristophanes-of-athens,aristophanes-athens-wealth,Wealth,Πλοῦτος,Comedy,grc/aristophanes-athens-wealth-daw-ao.grc.md,118351,2605
daw,daw-aa,aristophanes-of-athens,aristophanes-athens-thesmophoria,Women at the Thesmophoria,Θεσμοφοριάζουσαι,Comedy,grc/aristophanes-athens-thesmophoria-daw-aa.grc.md,106140,1953
guo,guo-aa,aristophanes-of-boeotia,aristophanes-boeotia-histories-legends,Boeotian Histories and Legends,Ἀποσπάσματα,History,grc/aristophanes-boeotia-histories-legends-guo-aa.grc.md,4658,1570
guo,guo-ab,aristophanes-of-boeotia,aristophanes-boeotia-fragments-heroes,Fragments on Boeotian Heroes,Ἀποσπάσματα περὶ Βοιωτῶν Ἡρώων,History,grc/aristophanes-boeotia-fragments-heroes-guo-ab.grc.md,3153,1808
klo,klo-ae,aristophanes-of-byzantium,aristophanes-byzantium-arguments-plays,Arguments of Aristophanes' Plays,Ὑποθέσεις τῶν Ἀριστοφάνους Δραμάτων,Grammar,grc/aristophanes-byzantium-arguments-plays-klo-ae.grc.md,14027,2426
klo,klo-aa,aristophanes-of-byzantium,aristophanes-byzantium-callimachus-pinakes,"Commentary-Callimachus' Pinakes, Fragments",Ὑπόμνημα εἰς Καλλιμάχου Πίνακας,Grammar,grc/aristophanes-byzantium-callimachus-pinakes-klo-aa.grc.md,6468,1993
klo,klo-ac,aristophanes-of-byzantium,aristophanes-byzantium-epitome-animals,Epitome of the Histories of Animals,Ἐπιτομὴ τῶν περὶ τὰ ζῷα Ἱστοριῶν,Grammar,grc/aristophanes-byzantium-epitome-animals-klo-ac.grc.md,469301,1987
klo,klo-ag,aristophanes-of-byzantium,aristophanes-byzantium-ages-fragments,Names of Ages Fragments,Ὀνόματα Ἐποχῶν Ἀποσπάσματα,Grammar,grc/aristophanes-byzantium-ages-fragments-klo-ag.grc.md,18994,2147
klo,klo-af,aristophanes-of-byzantium,aristophanes-byzantium-names-ages,Names of Ages Parisian Fragment,Ὀνόματα Ἐποχῶν Παρισινὸν Ἀπόσπασμα,Grammar,grc/aristophanes-byzantium-names-ages-klo-af.grc.md,6840,2079
klo,klo-ak,aristophanes-of-byzantium,aristophanes-byzantium-courtesans-names,On Courtesans and Their Names,Ἀποσπάσματα,Grammar,grc/aristophanes-byzantium-courtesans-names-klo-ak.grc.md,3482,1804
klo,klo-aj,aristophanes-of-byzantium,aristophanes-byzantium-human-development-aging,On Human Development and Aging,Ἀποσπάσματα,Grammar,grc/aristophanes-byzantium-human-development-aging-klo-aj.grc.md,69646,2385
klo,klo-ad,aristophanes-of-byzantium,aristophanes-byzantium-suspect-words,On Suspect Words Among the Ancients,Περὶ τῶν ὑπόπτων λέξεων παρὰ τοῖς ἀρχαίοις,Grammar,grc/aristophanes-byzantium-suspect-words-klo-ad.grc.md,4332,2330
klo,klo-ab,aristophanes-of-byzantium,aristophanes-byzantium-fragments,"Other Books of Aristophanes, Fragments",Ἄλλα Βιβλία Ἀριστοφάνους,Grammar,grc/aristophanes-byzantium-fragments-klo-ab.grc.md,9150,1801
klo,klo-ah,aristophanes-of-byzantium,aristophanes-byzantium-proverbs,"Proverbs, Fragments",Παροιμίαι,Grammar,grc/aristophanes-byzantium-proverbs-klo-ah.grc.md,7599,1651
klo,klo-ai,aristophanes-of-byzantium,aristophanes-byzantium-testimonies,Testimonies,Μαρτυρίαι,Grammar,grc/aristophanes-byzantium-testimonies-klo-ai.grc.md,4058,2058
mlw,mlw-ac,aristophanes-scholia,aristophanes-scholia-knights,Argument-the Knights,Προοίμιον εἰς Ἱππεῖς,Scholia,grc/aristophanes-scholia-knights-mlw-ac.grc.md,6554,2064
mlw,mlw-ak,aristophanes-scholia,aristophanes-scholia-frogs,Commentary on Frogs (Ὑπόμνημα),Ὑπόμνημα εἰς Βάτραχους,Scholia,grc/aristophanes-scholia-frogs-mlw-ak.grc.md,335277,1991
mlw,mlw-aj,aristophanes-scholia,aristophanes-scholia-birds,Commentary-Birds,Ὑπόμνημα εἰς Ὄρνιθας,Scholia,grc/aristophanes-scholia-birds-mlw-aj.grc.md,94754,2039
mlw,mlw-ag,aristophanes-scholia,aristophanes-scholia-clouds,Commentary-Clouds,Ὑπόμνημα εἰς Νεφέλας,Scholia,grc/aristophanes-scholia-clouds-mlw-ag.grc.md,581743,2182
mlw,mlw-al,aristophanes-scholia,aristophanes-scholia-frogs,Commentary-Frogs,Ὑπόμνημα εἰς Βάτραχους,Scholia,grc/aristophanes-scholia-frogs-mlw-al.grc.md,157411,1669
mlw,mlw-ai,aristophanes-scholia,aristophanes-scholia-wealth,Commentary-Wealth,Ὑπόμνημα εἰς Πλοῦτον,Scholia,grc/aristophanes-scholia-wealth-mlw-ai.grc.md,344758,2074
mlw,mlw-ah,aristophanes-scholia,aristophanes-scholia-wealth,Commentary-Wealth,Ὑπόμνημα εἰς Πλοῦτον,Scholia,grc/aristophanes-scholia-wealth-mlw-ah.grc.md,176664,2086
mlw,mlw-aq,aristophanes-scholia,aristophanes-scholia-clouds,Eustathius-derived Scholia on Clouds,Σχόλια εἰς Νεφέλας,Scholia,grc/aristophanes-scholia-clouds-mlw-aq.grc.md,404194,1826
mlw,mlw-an,aristophanes-scholia,aristophanes-scholia-plutus,Glosses-Plutus,Γλῶσσαι εἰς Πλοῦτον,Scholia,grc/aristophanes-scholia-plutus-mlw-an.grc.md,82725,1766
mlw,mlw-ae,aristophanes-scholia,aristophanes-scholia-acharnians,Later Scholia on Acharnians,Σχόλια εἰς Ἀχαρνῆς,Scholia,grc/aristophanes-scholia-acharnians-mlw-ae.grc.md,7103,2010
mlw,mlw-ad,aristophanes-scholia,aristophanes-scholia-acharnians,Old Scholia on Acharnians,Σχόλια εἰς Ἀχαρνῆς,Scholia,grc/aristophanes-scholia-acharnians-mlw-ad.grc.md,391893,1909
mlw,mlw-au,aristophanes-scholia,aristophanes-scholia-frogs,Old Scholia on Frogs,Σχόλια εἰς Βάτραχους,Scholia,grc/aristophanes-scholia-frogs-mlw-au.grc.md,385725,1761
mlw,mlw-as,aristophanes-scholia,aristophanes-scholia-wealth,Old Scholia on Wealth,Σχόλια εἰς Πλοῦτον,Scholia,grc/aristophanes-scholia-wealth-mlw-as.grc.md,602923,2191
mlw,mlw-at,aristophanes-scholia,aristophanes-scholia-birds,Scholia-Birds,Σχόλια εἰς Ὄρνιθας,Scholia,grc/aristophanes-scholia-birds-mlw-at.grc.md,355037,1870
mlw,mlw-ao,aristophanes-scholia,aristophanes-scholia-clouds,Scholia-Clouds,Σχόλια εἰς Νεφέλας,Scholia,grc/aristophanes-scholia-clouds-mlw-ao.grc.md,510802,1806
mlw,mlw-ar,aristophanes-scholia,aristophanes-scholia-clouds,Scholia-Clouds,Σχόλια εἰς Νεφέλας,Scholia,grc/aristophanes-scholia-clouds-mlw-ar.grc.md,823879,2040
mlw,mlw-ap,aristophanes-scholia,aristophanes-scholia-clouds,Scholia-Clouds,Σχόλια εἰς Νεφέλας,Scholia,grc/aristophanes-scholia-clouds-mlw-ap.grc.md,74068,2029
mlw,mlw-ab,aristophanes-scholia,aristophanes-scholia-ecclesiazusae,Scholia-Ecclesiazusae,Σχόλια εἰς Ἐκκλησιάζουσας,Scholia,grc/aristophanes-scholia-ecclesiazusae-mlw-ab.grc.md,57630,2326
mlw,mlw-am,aristophanes-scholia,aristophanes-scholia-knights,Scholia-Knights,Σχόλια εἰς Ἱππεῖς,Scholia,grc/aristophanes-scholia-knights-mlw-am.grc.md,680800,1857
mlw,mlw-af,aristophanes-scholia,aristophanes-scholia-lysistrata,Scholia-Lysistrata,Σχόλια εἰς Λυσιστράτην,Scholia,grc/aristophanes-scholia-lysistrata-mlw-af.grc.md,123809,1957
mlw,mlw-av,aristophanes-scholia,aristophanes-scholia-peace,Scholia-Peace,Σχόλια εἰς Εἰρήνην,Scholia,grc/aristophanes-scholia-peace-mlw-av.grc.md,463244,2020
mlw,mlw-aa,aristophanes-scholia,aristophanes-scholia-thesmophoriazusae,Scholia-Thesmophoriazusae,Σχόλια εἰς Θεσμοφοριάζουσας,Scholia,grc/aristophanes-scholia-thesmophoriazusae-mlw-aa.grc.md,67374,1925
mlw,mlw-aw,aristophanes-scholia,aristophanes-scholia-wasps,Scholia-Wasps,Σχόλια εἰς Σφῆκας,Scholia,grc/aristophanes-scholia-wasps-mlw-aw.grc.md,464541,2278
fua,fua-ab,aristophon-the-comic-poet,aristophon-comic-poverty-feasting,Fragments on Poverty and Feasting,Ἀποσπάσματα περὶ Πενίας καὶ Εὐωχίας,Comedy,grc/aristophon-comic-poverty-feasting-fua-ab.grc.md,9208,2400
fua,fua-aa,aristophon-the-comic-poet,aristophon-comic-poverty-satire,Fragments on Poverty and Satire,Ἀποσπάσματα περὶ Πενίας καὶ Σάτιρας,Comedy,grc/aristophon-comic-poverty-satire-fua-aa.grc.md,9038,2202
hgw,hgw-an,aristotle-and-corpus,aristotle-divisions,Aristotelian Divisions,Διαιρέσεις Ἀριστοτελικαί,Philosophy,grc/aristotle-divisions-hgw-an.grc.md,111268,1913
hgw,hgw-cb,aristotle-and-corpus,aristotle-letters-philip,Aristotle's Letters to Philip,Ἐπιστολαὶ πρὸς Φίλιππον,Philosophy,grc/aristotle-letters-philip-hgw-cb.grc.md,12299,1804
hgw,hgw-aa,aristotle-and-corpus,aristotle-natural-problems,Aristotle's Natural Problems by Type,᾿Αριστοτέλους φυσικά προβλήματα κατ᾿ εἶδος,Philosophy,grc/aristotle-natural-problems-hgw-aa.grc.md,854357,2496
hgw,hgw-bp,aristotle-and-corpus,aristotle-categories,Categories,Κατηγορίαι,Philosophy,grc/aristotle-categories-hgw-bp.grc.md,120101,2373
hgw,hgw-az,aristotle-and-corpus,aristotle-dialogic-fragments,Dialogic Fragments,Διάφορα Ἀποσπάσματα,Philosophy,grc/aristotle-dialogic-fragments-hgw-az.grc.md,955194,2649
hgw,hgw-br,aristotle-and-corpus,aristotle-economics,Economics,Οἰκονομικά,Philosophy,grc/aristotle-economics-hgw-br.grc.md,82631,2524
hgw,hgw-ba,aristotle-and-corpus,aristotle-eudemian-ethics,Eudemian Ethics,Ἠθικὰ Εὐδήμεια,Philosophy,grc/aristotle-eudemian-ethics-hgw-ba.grc.md,303694,2624
hgw,hgw-bi,aristotle-and-corpus,aristotle-exhortation,Exhortation,Προτρεπτικός,Philosophy,grc/aristotle-exhortation-hgw-bi.grc.md,75815,2023
hgw,hgw-ad,aristotle-and-corpus,aristotle-lost-first-part,Fragments of Lost First Part,Ἀθηναίων πολιτεία,Philosophy,grc/aristotle-lost-first-part-hgw-ad.grc.md,212550,2566
hgw,hgw-ar,aristotle-and-corpus,aristotle-things-heard,From-Things Heard,Ἐκ τοῦ περὶ ἀκουστῶν,Philosophy,grc/aristotle-things-heard-hgw-ar.grc.md,44243,1693
hgw,hgw-bg,aristotle-and-corpus,aristotle-great-ethics,Great Ethics,Μεγάλα Ἠθικά,Philosophy,grc/aristotle-great-ethics-hgw-bg.grc.md,275076,1936
hgw,hgw-av,aristotle-and-corpus,aristotle-history-animals,History of Animals,Περὶ Τὰ Ζῷα Ἱστορίαι,Philosophy,grc/aristotle-history-animals-hgw-av.grc.md,1095166,2325
hgw,hgw-by,aristotle-and-corpus,aristotle-virtue,Hymn to Virtue,Ἀπόσπασμα,Philosophy,grc/aristotle-virtue-hgw-by.grc.md,3383,1887
hgw,hgw-bu,aristotle-and-corpus,aristotle-mechanics,Mechanics,Μηχανικά,Philosophy,grc/aristotle-mechanics-hgw-bu.grc.md,93595,1937
hgw,hgw-bj,aristotle-and-corpus,aristotle-metaphysics,Metaphysics,τὰ Μετὰ τὰ Φυσικά,Philosophy,grc/aristotle-metaphysics-hgw-bj.grc.md,870534,1871
hgw,hgw-bk,aristotle-and-corpus,aristotle-meteorology,Meteorology,Μετεωρολογικά,Philosophy,grc/aristotle-meteorology-hgw-bk.grc.md,390146,2570
hgw,hgw-aw,aristotle-and-corpus,aristotle-nicomachean-ethics,Nicomachean Ethics,Ἠθικὰ Νικομάχεια,Philosophy,grc/aristotle-nicomachean-ethics-hgw-aw.grc.md,659940,3348
hgw,hgw-bv,aristotle-and-corpus,aristotle-colors,On Colors,Περί χρωμάτων,Philosophy,grc/aristotle-colors-hgw-bv.grc.md,61671,1998
hgw,hgw-ao,aristotle-and-corpus,aristotle-divination-sleep,On Divination by Sleep,Περὶ Μαντικῆς κατὰ Ὕπνον,Philosophy,grc/aristotle-divination-sleep-hgw-ao.grc.md,17976,2817
hgw,hgw-bw,aristotle-and-corpus,aristotle-dreams,On Dreams,Περὶ Ἐνυπνίων,Philosophy,grc/aristotle-dreams-hgw-bw.grc.md,31290,2070
hgw,hgw-ae,aristotle-and-corpus,aristotle-generation-corruption,On Generation and Corruption,Περὶ Γενέσεως καὶ Φθορᾶς,Philosophy,grc/aristotle-generation-corruption-hgw-ae.grc.md,187463,2443
hgw,hgw-as,aristotle-and-corpus,aristotle-indivisible-lines,On Indivisible Lines,Περὶ ἀτόμων γραμμῶν,Philosophy,grc/aristotle-indivisible-lines-hgw-as.grc.md,35846,2121
hgw,hgw-ay,aristotle-and-corpus,aristotle-interpretation,On Interpretation,Περὶ Ἑρμηνείας,Philosophy,grc/aristotle-interpretation-hgw-ay.grc.md,71389,2367
hgw,hgw-ax,aristotle-and-corpus,aristotle-marvelous-tales,On Marvelous Tales,Περὶ θαυμασίων ἀκουσμάτων,Philosophy,grc/aristotle-marvelous-tales-hgw-ax.grc.md,117597,2023
hgw,hgw-ai,aristotle-and-corpus,aristotle-memory-recollection,On Memory and Recollection,Περὶ Μνήμης καὶ Ἀναμνήσεως,Philosophy,grc/aristotle-memory-recollection-hgw-ai.grc.md,30478,1836
hgw,hgw-au,aristotle-and-corpus,aristotle-parts-animals,On Parts of Animals,Περὶ Ζῴων Μορίων,Philosophy,grc/aristotle-parts-animals-hgw-au.grc.md,447052,2225
hgw,hgw-bx,aristotle-and-corpus,aristotle-plants,On Plants,Περὶ φυτῶν,Philosophy,grc/aristotle-plants-hgw-bx.grc.md,284346,1657
hgw,hgw-bq,aristotle-and-corpus,aristotle-poetics,On Poetics,Περὶ ποιητικῆς,Philosophy,grc/aristotle-poetics-hgw-bq.grc.md,122336,1998
hgw,hgw-bc,aristotle-and-corpus,aristotle-respiration,On Respiration,Περὶ Ἀναπνοῆς,Philosophy,grc/aristotle-respiration-hgw-bc.grc.md,74136,2413
hgw,hgw-ap,aristotle-and-corpus,aristotle-sense-sensibles,On Sense and Sensibles,Περὶ Αἰσθήσεως καὶ Αἰσθητῶν,Philosophy,grc/aristotle-sense-sensibles-hgw-ap.grc.md,91924,2009
hgw,hgw-al,aristotle-and-corpus,aristotle-sleep-wakefulness,On Sleep and Wakefulness,Περὶ Ὕπνου καὶ Ἐγρηγόρσεως,Philosophy,grc/aristotle-sleep-wakefulness-hgw-al.grc.md,38188,2434
hgw,hgw-aj,aristotle-and-corpus,aristotle-sophistical-refutations,On Sophistical Refutations,Περὶ Σοφιστικῶν Ἐλέγχων,Philosophy,grc/aristotle-sophistical-refutations-hgw-aj.grc.md,166177,1767
hgw,hgw-aq,aristotle-and-corpus,aristotle-gait-animals,On the Gait of Animals,Περὶ Ζῴων Πορείας,Philosophy,grc/aristotle-gait-animals-hgw-aq.grc.md,75041,1917
hgw,hgw-af,aristotle-and-corpus,aristotle-generation-animals,On the Generation of Animals,Περὶ Ζῴων Γενέσεως,Philosophy,grc/aristotle-generation-animals-hgw-af.grc.md,584435,2130
hgw,hgw-bs,aristotle-and-corpus,aristotle-good-happy-life,On the Good and Happy Life,Ἀποσπάσματα,Philosophy,grc/aristotle-good-happy-life-hgw-bs.grc.md,2948,2036
hgw,hgw-bd,aristotle-and-corpus,aristotle-heavens,On the Heavens,Περὶ Οὐρανοῦ,Philosophy,grc/aristotle-heavens-hgw-bd.grc.md,337410,1886
hgw,hgw-bt,aristotle-and-corpus,aristotle-nile-inundation,On the Inundation of the Nile,Ἀποσπάσματα,Philosophy,grc/aristotle-nile-inundation-hgw-bt.grc.md,14142,2469
hgw,hgw-ac,aristotle-and-corpus,aristotle-length-life,On the Length and Shortness of Life,Περὶ Μακροβιότητος καὶ Βραχυβιότητος,Philosophy,grc/aristotle-length-life-hgw-ac.grc.md,22652,2170
hgw,hgw-ak,aristotle-and-corpus,aristotle-movement-animals,On the Movement of Animals,Περὶ Ζῴων Κινήσεως,Philosophy,grc/aristotle-movement-animals-hgw-ak.grc.md,49263,2633
hgw,hgw-bl,aristotle-and-corpus,aristotle-soul,On the Soul,Περὶ Ψυχῆς,Philosophy,grc/aristotle-soul-hgw-bl.grc.md,237303,2239
hgw,hgw-bm,aristotle-and-corpus,aristotle-soul,On the Soul (Excerpts),Περὶ Ψυχῆς,Philosophy,grc/aristotle-soul-hgw-bm.grc.md,29149,1839
hgw,hgw-bn,aristotle-and-corpus,aristotle-soul,On the Soul (Fragmentary),Περὶ Ψυχῆς,Philosophy,grc/aristotle-soul-hgw-bn.grc.md,18536,2315
hgw,hgw-be,aristotle-and-corpus,aristotle-spirit,On the Spirit,Περὶ Πνεύματος,Philosophy,grc/aristotle-spirit-hgw-be.grc.md,40355,1817
hgw,hgw-bh,aristotle-and-corpus,aristotle-world,On the World,Περὶ Κόσμου,Philosophy,grc/aristotle-world-hgw-bh.grc.md,80537,1827
hgw,hgw-at,aristotle-and-corpus,aristotle-virtues-vices,On Virtues and Vices,περὶ Ἀρετῶν καὶ Κακιῶν,Philosophy,grc/aristotle-virtues-vices-hgw-at.grc.md,20959,1889
hgw,hgw-ag,aristotle-and-corpus,aristotle-xenophanes-zeno-gorgias,"On Xenophanes, Zeno, Gorgias","Περὶ Ξενοφάνους, περὶ Ζήνωνος, περὶ Γοργίου",Philosophy,grc/aristotle-xenophanes-zeno-gorgias-hgw-ag.grc.md,54860,1871
hgw,hgw-ab,aristotle-and-corpus,aristotle-youth-old-age-life-death,"On Youth and Old Age, Life and Death",Περὶ Νεότητος καὶ Γήρως,Philosophy,grc/aristotle-youth-old-age-life-death-hgw-ab.grc.md,23234,2013
hgw,hgw-cc,aristotle-and-corpus,aristotle-physics,Physics,Φυσικὴ Ἀκρόασις,Philosophy,grc/aristotle-physics-hgw-cc.grc.md,610699,2749
hgw,hgw-am,aristotle-and-corpus,aristotle-physics-alt,"Physics, Alternate Text",Φυσικὴ Ἀκρόασις,Philosophy,grc/aristotle-physics-alt-hgw-am.grc.md,28129,1880
hgw,hgw-bf,aristotle-and-corpus,aristotle-physiognomics,Physiognomics,Φυσιογνωμονικά,Philosophy,grc/aristotle-physiognomics-hgw-bf.grc.md,75087,2491
hgw,hgw-bz,aristotle-and-corpus,aristotle-politics,Politics,Πολιτικά,Philosophy,grc/aristotle-politics-hgw-bz.grc.md,797780,2843
hgw,hgw-ah,aristotle-and-corpus,aristotle-winds,Positions and Names of Winds,Ἀνέμων θέσεις καὶ προσηγορίαι,Philosophy,grc/aristotle-winds-hgw-ah.grc.md,7180,1715
hgw,hgw-bb,aristotle-and-corpus,aristotle-prior-analytics,Prior Analytics,Ἀναλυτικὰ Πρότερα,Philosophy,grc/aristotle-prior-analytics-hgw-bb.grc.md,644290,1710
hgw,hgw-ca,aristotle-and-corpus,aristotle-rhetoric,Rhetoric,Ῥητορική,Philosophy,grc/aristotle-rhetoric-hgw-ca.grc.md,516098,2705
hgw,hgw-bo,aristotle-and-corpus,aristotle-testimonies,Testimonies,Μαρτυρίαι,Philosophy,grc/aristotle-testimonies-hgw-bo.grc.md,8961,1539
hgw,hgw-cd,aristotle-and-corpus,aristotle-topics,Topics,Τοπικά,Philosophy,grc/aristotle-topics-hgw-cd.grc.md,514829,2387
vnq,vnq-aa,aristotle-commentary-anon,anon-comm-aristotle-greek-commentaries,Greek Commentaries-Aristotle,Ἑλληνικὰ σχόλια εἰς Ἀριστοτέλην,Philosophy,grc/anon-comm-aristotle-greek-commentaries-vnq-aa.grc.md,369815,1929
tuq,tuq-ab,aristotle-lives,aristotle-common-life,Common Life,Κοινὸς Βίος,Biography,grc/aristotle-common-life-tuq-ab.grc.md,13858,1543
tuq,tuq-aa,aristotle-lives,aristotle-marcian,Life of Marcian,Βίος Μαρκιανοῦ,Biography,grc/aristotle-marcian-tuq-aa.grc.md,22271,1817
hhg,hhg-ab,aristoxenus-of-tarentum,aristoxenus-tarentum-rhythm,Elements of Rhythm (Extended),Στοιχεῖα Ῥυθμικὰ,Science,grc/aristoxenus-tarentum-rhythm-hhg-ab.grc.md,31170,2032
hhg,hhg-aa,aristoxenus-of-tarentum,aristoxenus-tarentum-rhythm,Elements of Rhythm (Short),Στοιχεῖα Ῥυθμικὰ,Science,grc/aristoxenus-tarentum-rhythm-hhg-aa.grc.md,6222,1879
hhg,hhg-af,aristoxenus-of-tarentum,aristoxenus-tarentum-poetic-meter,Fragments on Poetic Meter,Ἀποσπάσματα περὶ Μέτρου Ποιητικοῦ,Science,grc/aristoxenus-tarentum-poetic-meter-hhg-af.grc.md,7792,1928
hhg,hhg-ae,aristoxenus-of-tarentum,aristoxenus-tarentum-pythagoras-life,Fragments on Pythagoras's Life,Ἀποσπάσματα περὶ τοῦ Πυθαγόρου Βίου,Science,grc/aristoxenus-tarentum-pythagoras-life-hhg-ae.grc.md,118375,2028
hhg,hhg-ac,aristoxenus-of-tarentum,aristoxenus-tarentum-harmonic-elements,Harmonic Elements,Ἁρμονικὰ στοιχεῖα,Science,grc/aristoxenus-tarentum-harmonic-elements-hhg-ac.grc.md,175720,1779
hhg,hhg-ad,aristoxenus-of-tarentum,aristoxenus-tarentum-paris-fragments,Paris Fragments,Ἀποσπάσματα Παρισινά,Science,grc/aristoxenus-tarentum-paris-fragments-hhg-ad.grc.md,7488,1795
nac,nac-aa,arius-didymus-of-alexandria,arius-didymus-alexandria-sects-philosophers,Book-the Sects of Philosophers,Περὶ Αἱρέσεων Φιλοσόφων,Philosophy,grc/arius-didymus-alexandria-sects-philosophers-nac-aa.grc.md,252659,1717
nac,nac-ab,arius-didymus-of-alexandria,arius-didymus-alexandria-physics-fragments,"Physics, Fragments",Φυσικὰ Ἀποσπάσματα,Philosophy,grc/arius-didymus-alexandria-physics-fragments-nac-ab.grc.md,98418,1888
cna,cna-aa,armenidas,armenidas-theban-antiquities-myths,Theban Antiquities and Myths,Ἀποσπάσματα,History,grc/armenidas-theban-antiquities-myths-cna-aa.grc.md,4184,1824
pcs,pcs-ak,arrian-of-nicomedia,arrian-nicomedia-anabasis,Alexander's Anabasis,Ἀλεξάνδρου Ἀνάβασις,Philosophy,grc/arrian-nicomedia-anabasis-pcs-ak.grc.md,980825,1820
pcs,pcs-am,arrian-of-nicomedia,arrian-nicomedia-tactics,Art of Tactics,Τέχνη τακτική,Philosophy,grc/arrian-nicomedia-tactics-pcs-am.grc.md,115646,1607
pcs,pcs-ag,arrian-of-nicomedia,arrian-nicomedia-battle-alans,Battle-the Alans,Ἔκταξις κατὰ Ἀλανῶν,Philosophy,grc/arrian-nicomedia-battle-alans-pcs-ag.grc.md,18544,1751
pcs,pcs-ae,arrian-of-nicomedia,arrian-nicomedia-alanic-history,Fragment from Alanic History,Ἀποσπάσματα Ἀλανικῆς Ἱστορίας,Philosophy,grc/arrian-nicomedia-alanic-history-pcs-ae.grc.md,3086,1894
pcs,pcs-ai,arrian-of-nicomedia,arrian-nicomedia-bithynica-fragments,Fragments of Bithynica,Ἀποσπάσματα Βιθυνικῶν,Philosophy,grc/arrian-nicomedia-bithynica-fragments-pcs-ai.grc.md,54059,1843
pcs,pcs-aj,arrian-of-nicomedia,arrian-nicomedia-parthica-fragments,Fragments of Parthica,Ἀποσπάσματα Παρθικῶν,Philosophy,grc/arrian-nicomedia-parthica-fragments-pcs-aj.grc.md,43589,1948
pcs,pcs-aa,arrian-of-nicomedia,arrian-nicomedia-parthica-fragments,"Fragments of Parthica, According to John Lydus and Syncellus",Ἀποσπάσματα Παρθικῶν,Philosophy,grc/arrian-nicomedia-parthica-fragments-pcs-aa.grc.md,3928,2008
pcs,pcs-ap,arrian-of-nicomedia,arrian-nicomedia-cavalry-tactics,Fragments on Cavalry Tactics,Ἀποσπάσματα περὶ Ἱππικῆς Τακτικῆς,Philosophy,grc/arrian-nicomedia-cavalry-tactics-pcs-ap.grc.md,3686,1611
pcs,pcs-ad,arrian-of-nicomedia,arrian-nicomedia-physical-matters,Fragments-Physical Matters,Ἀποσπάσματα Φυσικῶν,Philosophy,grc/arrian-nicomedia-physical-matters-pcs-ad.grc.md,22053,1599
pcs,pcs-ac,arrian-of-nicomedia,arrian-nicomedia-alexander-successors,History of Alexander's Successors,Ἱστορία τῶν Διαδόχων Ἀλεξάνδρου,Philosophy,grc/arrian-nicomedia-alexander-successors-pcs-ac.grc.md,59929,2164
pcs,pcs-ab,arrian-of-nicomedia,arrian-nicomedia-alexander-successors,History of Alexander's Successors,Ἱστορία τῶν Διαδόχων Ἀλεξάνδρου,Philosophy,grc/arrian-nicomedia-alexander-successors-pcs-ab.grc.md,8038,2273
pcs,pcs-aq,arrian-of-nicomedia,arrian-nicomedia-cynegeticus,Hunting,Κυνηγετικός,Philosophy,grc/arrian-nicomedia-cynegeticus-pcs-aq.grc.md,76428,2098
pcs,pcs-ar,arrian-of-nicomedia,arrian-nicomedia-indica,Indica,Ἰνδική,Philosophy,grc/arrian-nicomedia-indica-pcs-ar.grc.md,177522,2015
pcs,pcs-ah,arrian-of-nicomedia,arrian-nicomedia-letter-lucius-gellius,Letter to Lucius Gellius,Ἐπιστολὴ πρὸς Λούκιον Γέλλιον,Philosophy,grc/arrian-nicomedia-letter-lucius-gellius-pcs-ah.grc.md,4736,2013
pcs,pcs-af,arrian-of-nicomedia,arrian-nicomedia-black-sea,Periplus of the Black Sea,Περίπλους τοῦ Εὐξείνου Πόντου,Philosophy,grc/arrian-nicomedia-black-sea-pcs-af.grc.md,57799,1942
pcs,pcs-ao,arrian-of-nicomedia,arrian-nicomedia-succession-fragments,Succession Fragments after Alexander,Ἀποσπάσματα,Philosophy,grc/arrian-nicomedia-succession-fragments-pcs-ao.grc.md,169446,2344
pcs,pcs-an,arrian-of-nicomedia,arrian-nicomedia-testimonies,Testimonies,Μαρτυρίαι,Philosophy,grc/arrian-nicomedia-testimonies-pcs-an.grc.md,11261,1870
pcs,pcs-al,arrian-of-nicomedia,arrian-nicomedia-uncertain-fragments,Uncertain Fragments,Ἀποσπάσματα Ἀβέβαια,Philosophy,grc/arrian-nicomedia-uncertain-fragments-pcs-al.grc.md,9160,2077
vko,vko-aa,arsenius-the-paroemiographer,arsenius-paroemiographer-sayings,Sayings,Γνῶμαι,Grammar,grc/arsenius-paroemiographer-sayings-vko-aa.grc.md,301794,1746
voa,voa-aa,art-of-grammar-anon,lexicon-grammar-anon-art,Lexicon of the Art of Grammar,Λεξικὸν τῆς Γραμματικῆς Τέχνης,Lexicography,grc/lexicon-grammar-anon-art-voa-aa.grc.md,32663,1704
bvs,bvs-aa,artaxerxes-letters,artaxerxes-letters-royal,Royal Letters of Artaxerxes,Ἐπιστολαί,History,grc/artaxerxes-letters-royal-bvs-aa.grc.md,10600,1949
qtu,qtu-aa,artemidorus-of-daldis,artemidorus-daldis-dreams,Interpretation of Dreams,Ονειροκριτικά,Science,grc/artemidorus-daldis-dreams-qtu-aa.grc.md,798958,2078
hxu,hxu-aa,artemon-of-cassandreia,artemon-cassandreia-books-collection-use,On the Collection and Use of Books,Ἀποσπάσματα,Grammar,grc/artemon-cassandreia-books-collection-use-hxu-aa.grc.md,9153,1595
guy,guy-aa,artemon-of-clazomenae,artemon-clazomenae-chronicles-homeric-studies,Chronicles and Homeric Studies,Ἀποσπάσματα,History,grc/artemon-clazomenae-chronicles-homeric-studies-guy-aa.grc.md,2776,1599
ira,ira-aa,artemon-of-pergamum,artemon-pergamum-pindar-fragments,Fragments on Pindar's Odes,Ἀποσπάσματα περὶ τῶν Πινδάρου Ἐπινίκων,History,grc/artemon-pergamum-pindar-fragments-ira-aa.grc.md,8554,2368
nio,nio-aa,asclepiades-of-mendes,asclepiades-mendes-apples-hesperides,On the Apples of the Hesperides,Ἀπόσπασμα,Grammar,grc/asclepiades-mendes-apples-hesperides-nio-aa.grc.md,2269,1700
mus,mus-aa,asclepiades-of-myrlea,asclepiades-myrlea-historical-fragments,Bithynian Historical Fragments,Ἀποσπάσματα,Grammar,grc/asclepiades-myrlea-historical-fragments-mus-aa.grc.md,11317,2040
jce,jce-aa,asclepiades-of-samos,asclepiades-samos-epigrams,Epigrams,Ἐπιγράμματα,Poetry,grc/asclepiades-samos-epigrams-jce-aa.grc.md,24557,2476
gsg,gsg-aa,asclepiades-of-tragilus,asclepiades-tragilus-myths-legends,Tragic Myths and Legends,Ἀποσπάσματα,Fiction,grc/asclepiades-tragilus-myths-legends-gsg-aa.grc.md,27418,2356
myy,myy-aa,asclepiodotus-tacticus,asclepiodotus-tacticus-art,Art of Tactics,Τέχνη τακτική,Science,grc/asclepiodotus-tacticus-art-myy-aa.grc.md,82289,1764
vcb,vcb-aa,asclepius-of-tralles,asclepius-nicomachus-arithmetic,Commentary-Nicomachus of Gerasa's Introduction to Arithmetic,Σχόλια εἰς τὴν Νικομάχου Γερασηνοῦ Ἀριθμητικὴν,Philosophy,grc/asclepius-nicomachus-arithmetic-vcb-aa.grc.md,363080,781
vcb,vcb-ab,asclepius-of-tralles,asclepius-aristotle-metaphysics-commentary,On Aristotle's Metaphysics Books A-Z. Commentary,"Σχόλια εἰς τὰ μεταφυσικὰ Ἀριστοτέλους, Βιβλία Α-Ω",Philosophy,grc/asclepius-aristotle-metaphysics-commentary-vcb-ab.grc.md,2059242,785
auu,auu-aa,asius-of-samos,asius-samos-elegiac-fragment,Elegiac Fragment,Ἐλεγειακὸν Ἀπόσπασμα,Poetry,grc/asius-samos-elegiac-fragment-auu-aa.grc.md,2041,1458
auu,auu-ab,asius-of-samos,asius-samos-epic-fragments,Epic Fragments,Ἐπικὰ Ἀποσπάσματα,Poetry,grc/asius-samos-epic-fragments-auu-ab.grc.md,3366,1694
pms,pms-aa,aspasius-the-peripatetic,aspasius-peripatetic-commentaries-aristotle,Commentaries-Aristotle in Greek,Σχόλια εἰς τὰ Ἀριστοτέλους ἠθικὰ Νικομάχεια,Philosophy,grc/aspasius-peripatetic-commentaries-aristotle-pms-aa.grc.md,829360,1873
ttm,ttm-aa,assembly-of-the-birds,assembly-birds-fragments,Fragments on Birdsong,Ἀποσπάσματα περὶ Ὀρνίθων ᾠδῆς,Poetry,grc/assembly-birds-fragments-ttm-aa.grc.md,1913,1223
ptg,ptg-aa,astrampsychus-the-magician,astrampsychus-oracles,Oracles (Long Recension),Χρησμοί,Science,grc/astrampsychus-oracles-ptg-aa.grc.md,88763,1829
ptg,ptg-ab,astrampsychus-the-magician,astrampsychus-oracles,Oracles (Short Recension),Χρησμοί,Science,grc/astrampsychus-oracles-ptg-ab.grc.md,63387,1849
oxi,oxi-aa,astronomical-work-anon,anon-astronomical-i-orestes-stasimon,From Orestes' Stasimon I,Ἐκ τῶν Ὀρέστου Στασίμων Α',Science,grc/anon-astronomical-i-orestes-stasimon-oxi-aa.grc.md,2487,1803
qae,qae-aa,astronomical-work-anon,anon-astronomica-ii-music,Introduction to Music,Εἰσαγωγὴ εἰς τὴν Μουσικήν,Science,grc/anon-astronomica-ii-music-qae-aa.grc.md,74374,1884
vpe,vpe-aa,astronomical-work-anon,anon-astronomical-harmonics,Introduction to Harmonics,Εἰσαγωγὴ εἰς τὰ Ἁρμονικά,Science,grc/anon-astronomical-harmonics-vpe-aa.grc.md,46698,2002
fnw,fnw-aa,astydamas-the-younger,astydamas-younger-achilles-thetis,Fragments on Achilles and Thetis,Ἀποσπάσματα περὶ Ἀχιλλέως καὶ Θέτιδος,Drama,grc/astydamas-younger-achilles-thetis-fnw-aa.grc.md,7493,2017
dcu,dcu-aa,athamas-of-posidonia,athamas-posidonia-four-roots,On the Four Roots of All Things,Ἀπόσπασμα,Philosophy,grc/athamas-posidonia-four-roots-dcu-aa.grc.md,2699,1691
twe,twe-bk,athanasius-alexandria,athanasius-alexandria-fourth-oration-arians,Fourth Oratithe Arians,,Theology,grc/athanasius-alexandria-fourth-oration-arians-twe-bk.grc.md,121470,511
gvi,gvi-aa,athanis-of-syracuse,athanis-syracuse-historical-fragments,Sicilian Historical Fragments,Ἀποσπάσματα,History,grc/athanis-syracuse-historical-fragments-gvi-aa.grc.md,6062,1963
rda,rda-ab,athenaeus-of-naucratis,athenaeus-naucratis-deipnosophists,Deipnosophists,Δειπνοσοφισταί,Oratory,grc/athenaeus-naucratis-deipnosophists-rda-ab.grc.md,3452399,1968
rda,rda-aa,athenaeus-of-naucratis,athenaeus-naucratis-deipnosophists-epitome,Deipnosophists Epitome,Ἐπιτομὴ τῶν Δειπνοσοφιστῶν,Oratory,grc/athenaeus-naucratis-deipnosophists-epitome-rda-aa.grc.md,1641117,2560
rda,rda-ac,athenaeus-of-naucratis,athenaeus-naucratis-syrian-kings,On the Syrian Kings,Ἀπόσπασμα,Oratory,grc/athenaeus-naucratis-syrian-kings-rda-ac.grc.md,5678,2240
kcs,kcs-ab,athenaeus-the-epigrammatist,athenaeus-epigrammatist-epigram,Epigram,Ἐπίγραμμα,Poetry,grc/athenaeus-epigrammatist-epigram-kcs-ab.grc.md,2486,1631
kcs,kcs-aa,athenaeus-the-epigrammatist,athenaeus-epigrammatist-wealth-virtue,Fragments on Wealth and Virtue,Ἀποσπάσματα περὶ Πλούτου καὶ Ἀρετῆς,Poetry,grc/athenaeus-epigrammatist-wealth-virtue-kcs-aa.grc.md,3240,1809
nha,nha-aa,athenaeus-the-mechanicus,athenaeus-mechanicus-on-machines,On Machines,Περὶ μηχανημάτων,Science,grc/athenaeus-mechanicus-on-machines-nha-aa.grc.md,47917,1719
qwc,qwc-aa,athenagoras-of-athens,athenagoras-athens-embassy-christians,Embassy or Petition for Christians,Πρεσβεία ἢ Δέησις ὑπὲρ Χριστιανῶν,Theology,grc/athenagoras-athens-embassy-christians-qwc-aa.grc.md,143566,2091
qwc,qwc-ab,athenagoras-of-athens,athenagoras-athens-resurrection,On the Resurrection,Περὶ Ἀναστάσεως,Theology,grc/athenagoras-athens-resurrection-qwc-ab.grc.md,112668,2034
gtk,gtk-ab,athenion-the-comic-poet,athenion-cooking-piety,Fragments on Cooking and Piety,Ἀποσπάσματα περὶ Μαγειρικῆς καὶ Εὐσεβείας,Comedy,grc/athenion-cooking-piety-gtk-ab.grc.md,6506,2069
gtk,gtk-aa,athenion-the-comic-poet,athenion-origins-cookery,On the Origins of Cookery,Ἀπόσπασμα,Comedy,grc/athenion-origins-cookery-gtk-aa.grc.md,6363,1954
mty,mty-aa,athenodorus-of-tarsus,athenodorus-tarsus-historical-figures,On Tarsus and Historical Figures,Ἀποσπάσματα,Philosophy,grc/athenodorus-tarsus-historical-figures-mty-aa.grc.md,9573,2290
meo,meo-aa,attalus-of-rhodes,attalus-rhodes-fragments-aratus,Fragments of Aratus,Ἀποσπάσματα Ἄρατου,Science,grc/attalus-rhodes-fragments-aratus-meo-aa.grc.md,66598,1907
rai,rai-aa,atticus-the-philosopher,atticus-divisions-philosophy,On the Divisions of Philosophy,Ἀποσπάσματα,Philosophy,grc/atticus-divisions-philosophy-rai-aa.grc.md,71914,2016
fzk,fzk-aa,aulodia-anon,aulodia-anon-text,Anonymous Aulody,Ἀνώνυμον Αὐλωδία,Poetry,grc/aulodia-anon-text-fzk-aa.grc.md,6230,2238
ero,ero-aa,autesion-the-historian,autesion-pelops-tantalus,Fragments on Pelops and Tantalus,Ἀποσπάσματα περὶ Πέλοπος καὶ Ταντάλου,History,grc/autesion-pelops-tantalus-ero-aa.grc.md,3243,2026
gzo,gzo-aa,autocrates-the-comic-poet,autocrates-lydian-maidens,Fragments on Lydian Maidens,Ἀποσπάσματα περὶ Λυδῶν Κορῶν,Comedy,grc/autocrates-lydian-maidens-gzo-aa.grc.md,2909,2077
gzo,gzo-ab,autocrates-the-comic-poet,autocrates-lydian-maidens,Fragments on Lydian Maidens,Ἀποσπάσματα περὶ Λυδῶν Κορῶν,Comedy,grc/autocrates-lydian-maidens-gzo-ab.grc.md,2743,1904
knw,knw-aa,autocrates-the-historian,autocrates-achaean-cults,Fragments on Achaean Cults,Ἀποσπάσματα περὶ τῶν Ἀχαιϊκῶν Ἱερῶν,History,grc/autocrates-achaean-cults-knw-aa.grc.md,2862,2023
liq,liq-aa,autolycus-of-pitane,autolycus-pitane-risings-settings,On Risings and Settings,Περὶ Ἀνατολῶν καὶ Δύσεων,Science,grc/autolycus-pitane-risings-settings-liq-aa.grc.md,113242,2825
liq,liq-ab,autolycus-of-pitane,autolycus-pitane-moving-sphere,On the Moving Sphere,Περὶ τῆς κινούμενης σφαίρας,Science,grc/autolycus-pitane-moving-sphere-liq-ab.grc.md,47775,1863
gta,gta-aa,axionicus-the-comic-poet,axionicus-drunken-revelry,Fragments on Drunken Revelry,Ἀποσπάσματα περὶ Μέθης,Comedy,grc/axionicus-drunken-revelry-gta-aa.grc.md,6988,2146
gta,gta-ab,axionicus-the-comic-poet,axionicus-feasting-folly,Fragments on Feasting and Folly,Ἀποσπάσματα περὶ Εὐωχίας καὶ Μωρίας,Comedy,grc/axionicus-feasting-folly-gta-ab.grc.md,6521,2098
rdu,rdu-aa,babrius-the-fabulist,babrius-fables,Aesopic Fables,Αἰσώπειοι Μῦθοι,Fiction,grc/babrius-fables-rdu-aa.grc.md,136164,2480
brw,brw-aj,bacchylides-of-ceos,bacchylides-ceos-dithyrambs,Dithyrambs,Διθύραμβοι,Poetry,grc/bacchylides-ceos-dithyrambs-brw-aj.grc.md,21947,2000
brw,brw-ag,bacchylides-of-ceos,bacchylides-ceos-dubious-fragments,Dubious Fragments,Ἀμφίβολα Ἀποσπάσματα,Poetry,grc/bacchylides-ceos-dubious-fragments-brw-ag.grc.md,9037,2010
brw,brw-ak,bacchylides-of-ceos,bacchylides-ceos-encoms,encoms,Ἐγκώμια,Poetry,grc/bacchylides-ceos-encoms-brw-ak.grc.md,11207,1905
brw,brw-al,bacchylides-of-ceos,bacchylides-ceos-epigrams,Epigrams,Ἐπιγράμματα,Poetry,grc/bacchylides-ceos-epigrams-brw-al.grc.md,2404,1478
brw,brw-ad,bacchylides-of-ceos,bacchylides-ceos-erotic-fragments,Erotic Works Fragments,Ἐρωτικὰ Ἀποσπάσματα,Poetry,grc/bacchylides-ceos-erotic-fragments-brw-ad.grc.md,3036,2064
brw,brw-aa,bacchylides-of-ceos,bacchylides-ceos-uncertain-works,Fragments from Uncertain Works,Αποσπάσματα,Poetry,grc/bacchylides-ceos-uncertain-works-brw-aa.grc.md,4354,1724
brw,brw-ac,bacchylides-of-ceos,bacchylides-ceos-dithyrambs,Fragments of Dithyrambs,Ἀποσπάσματα Διθυράμβων,Poetry,grc/bacchylides-ceos-dithyrambs-brw-ac.grc.md,8684,1837
brw,brw-af,bacchylides-of-ceos,bacchylides-ceos-hymns-fragments,Fragments of Hymns,Ἀποσπάσματα Ὕμνων,Poetry,grc/bacchylides-ceos-hymns-fragments-brw-af.grc.md,2325,1676
brw,brw-ab,bacchylides-of-ceos,bacchylides-ceos-victory-odes,Fragments of Victory Odes,Ἀποσπάσματα Νικῶν Ὠδῶν,Poetry,grc/bacchylides-ceos-victory-odes-brw-ab.grc.md,2813,2117
brw,brw-ae,bacchylides-of-ceos,bacchylides-ceos-hyporchemata,Hyporchemata Fragments,Ἀποσπάσματα Ὑπορχημάτων,Poetry,grc/bacchylides-ceos-hyporchemata-brw-ae.grc.md,2950,2000
brw,brw-am,bacchylides-of-ceos,bacchylides-ceos-paeans,Paeans,Παιᾶνες,Poetry,grc/bacchylides-ceos-paeans-brw-am.grc.md,5028,1677
brw,brw-ah,bacchylides-of-ceos,bacchylides-ceos-prosody,Prosody Fragments,Ἀποσπάσματα Πρὸς τὴν Προσωδίαν,Poetry,grc/bacchylides-ceos-prosody-brw-ah.grc.md,3086,2070
brw,brw-ai,bacchylides-of-ceos,bacchylides-ceos-victory-odes,Victory Odes,Νίκαι Ὠδαί,Poetry,grc/bacchylides-ceos-victory-odes-brw-ai.grc.md,71708,2055
qfe,qfe-aa,balagrus-the-historian,balagrus-macedonian-cities,Fragments of Macedonian Cities,Ἀποσπάσματα Μακεδονικῶν Πόλεων,History,grc/balagrus-macedonian-cities-qfe-aa.grc.md,2777,1997
vsq,vsq-aa,barbarism-and-solecism,barbarism-solecism-text,On Barbarism and Solecism (Long),Περὶ βαρβαρισμοῦ καὶ σολοικισμοῦ,Grammar,grc/barbarism-solecism-text-vsq-aa.grc.md,19227,1880
vsq,vsq-ab,barbarism-and-solecism,barbarism-solecism-text,On Barbarism and Solecism (Short),Περὶ βαρβαρισμοῦ καὶ σολοικισμοῦ,Grammar,grc/barbarism-solecism-text-vsq-ab.grc.md,5656,1323
ohe,ohe-aa,barnabas-letters,barnabas-letter,Letter of Barnabas,Βαρνάβα ἐπιστολή,Theology,grc/barnabas-letter-ohe-aa.grc.md,86693,2245
sha,sha-aa,basil-of-ancyra-the-bishop,basil-ancyra-virginity,On Virginity,Περὶ Παρθενίας,Medicine,grc/basil-ancyra-virginity-sha-aa.grc.md,339440,2338
pdw,pdw-aa,basilides-of-alexandria,basilides-alexandria-incorporeal,On the Incorporeal,Ἀπόσπασμα,Philosophy,grc/basilides-alexandria-incorporeal-pdw-aa.grc.md,2641,1951
ido,ido-aa,basilis-the-historian,basilis-india-meroe,Fragments on India and Meroe,Ἀποσπάσματα περὶ Ἰνδικῆς καὶ Μερόης,History,grc/basilis-india-meroe-ido-aa.grc.md,3038,1806
kws,kws-aa,bato-of-sinope,bato-sinope-tyrants-ephesus,On the Tyrants of Ephesus,Ἀποσπάσματα,History,grc/bato-sinope-tyrants-ephesus-kws-aa.grc.md,10451,1751
ivg,ivg-aa,bato-the-comic-poet,bato-hedonism-philosophy,Fragments on Hedonism and Philosophy,Ἀποσπάσματα περὶ Ἡδονῆς καὶ Φιλοσοφίας,Comedy,grc/bato-hedonism-philosophy-ivg-aa.grc.md,7250,1806
ivg,ivg-ab,bato-the-comic-poet,bato-philosophy-excess,Fragments on Philosophy and Excess,Ἀποσπάσματα περὶ Φιλοσοφίας καὶ Ὑπερβολῆς,Comedy,grc/bato-philosophy-excess-ivg-ab.grc.md,7343,1919
iny,iny-aa,berossus-the-babylonian,berossus-babylonian-history-fragments,Fragments on Babylonian History,Ἀποσπάσματα περὶ τῆς Βαβυλωνιακῆς Ἱστορίας,Science,grc/berossus-babylonian-history-fragments-iny-aa.grc.md,58238,2111
nti,nti-aa,biographer-anon,anon-biographer-suntipa,Book of Suntipa,Ιστορικον Συντιπα του Φιλοσοφου Ωραιοτατον Πανυ,Biography,grc/anon-biographer-suntipa-nti-aa.grc.md,402769,2512
dma,dma-aa,bion-of-abdera,bion-abdera-testimonies,Testimonies,Μαρτυρίαι,Mathematics,grc/bion-abdera-testimonies-dma-aa.grc.md,3351,1461
hks,hks-aa,bion-of-borysthenes,bion-borysthenes-philosophical-autobiography,Bion's Philosophical Autobiography,Ἐπιτάφιος Ἀδώνιδος,Philosophy,grc/bion-borysthenes-philosophical-autobiography-hks-aa.grc.md,44260,2542
hks,hks-ab,bion-of-borysthenes,bion-borysthenes-archytas-fragments,Fragments on Archytas,Αποσπάσματα,Philosophy,grc/bion-borysthenes-archytas-fragments-hks-ab.grc.md,2422,1760
mvw,mvw-aa,bion-of-phlossa-near-smyrna,bion-phlossa-geographical-ethiopia,Geographical Fragments on Ethiopia,Ἀποσπάσματα περὶ Αἰθιοπίας,History,grc/bion-phlossa-geographical-ethiopia-mvw-aa.grc.md,4692,1794
bao,bao-aa,bion-of-proconnesus,bion-proconnesus-theseus-amazons,Fragments on Theseus and Amazons,Ἀποσπάσματα περὶ Θησέως καὶ Ἀμαζόνων,History,grc/bion-proconnesus-theseus-amazons-bao-aa.grc.md,2657,1508
mwq,mwq-ab,bion-of-smyrna,bion-smyrna-adonis-epitaph,Adonis Epitaph,Αδώνιδος επιτάφιος,Poetry,grc/bion-smyrna-adonis-epitaph-mwq-ab.grc.md,12161,2288
mwq,mwq-aa,bion-of-smyrna,bion-smyrna-myrson-lycidas,Myrson and Lycidas,Μύρσων καὶ Λυκίδας,Poetry,grc/bion-smyrna-myrson-lycidas-mwq-aa.grc.md,5056,1595
mwq,mwq-ac,bion-of-smyrna,bion-smyrna-seasons-dialogue,Pastoral Dialogue on the Seasons,Ἀποσπάσματα,Poetry,grc/bion-smyrna-seasons-dialogue-mwq-ac.grc.md,13503,1661
lsg,lsg-aa,biton-mechanicus,biton-war-machines-catapults,Constructions of War Machines and Catapults,Κατασκευαὶ πολεμικῶν ὀργάνων καὶ καταπαλτικῶν,Science,grc/biton-war-machines-catapults-lsg-aa.grc.md,31078,1936
keq,keq-aa,boeo-of-delphi,boeo-delphi-oracle-fragments,Oracle and Prophecy Fragments,Ἀποσπάσματα,Epic,grc/boeo-delphi-oracle-fragments-keq-aa.grc.md,2591,1846
naw,naw-aa,boethus-of-sidon,boethus-sidon-nature-fate,Fragments on Nature and Fate,Ἀποσπάσματα περὶ Φύσεως καὶ Εἱμαρμένης,Philosophy,grc/boethus-sidon-nature-fate-naw-aa.grc.md,10273,1987
mvm,mvm-aa,boethus-of-tarsus,boethus-tarsus-epigram,Epigram,Ἐπίγραμμα,Poetry,grc/boethus-tarsus-epigram-mvm-aa.grc.md,1967,1117
kak,kak-aa,boeus-the-epic-poet,boeus-pandareus-myth,Fragments of the Pandareus Myth,Ἀποσπάσματα τοῦ Πανδάρεω Μύθου,Epic,grc/boeus-pandareus-myth-kak-aa.grc.md,3128,1821
kzk,kzk-ae,bolus-of-mendes,bolus-mendes-democritus-magic,Fragments on Democritus and Magic,Ἀποσπάσματα περὶ Δημόκριτου καὶ Μαγικῆς,Medicine,grc/bolus-mendes-democritus-magic-kzk-ae.grc.md,5584,2005
kzk,kzk-ab,bolus-of-mendes,bolus-mendes-sympathies-antipathies,On Sympathies and Antipathies,Περὶ συμπαθειῶν καὶ ἀντιπαθειῶν,Medicine,grc/bolus-mendes-sympathies-antipathies-kzk-ab.grc.md,13409,2137
kzk,kzk-aa,bolus-of-mendes,bolus-mendes-cheiromekta,On the Cheiromekta,Χειρόμηκτα,Medicine,grc/bolus-mendes-cheiromekta-kzk-aa.grc.md,36457,2143
kzk,kzk-ad,bolus-of-mendes,bolus-mendes-testimonies-1,Testimonies 1,Μαρτυρίαι Α',Medicine,grc/bolus-mendes-testimonies-1-kzk-ad.grc.md,5586,1660
kzk,kzk-af,bolus-of-mendes,bolus-mendes-testimonies-2,Testimonies 2,Μαρτυρίαι Β',Medicine,grc/bolus-mendes-testimonies-2-kzk-af.grc.md,2349,1597
kzk,kzk-ac,bolus-of-mendes,bolus-mendes-leucippus,To Leucippus,Πρὸς Λεύκιππον,Medicine,grc/bolus-mendes-leucippus-kzk-ac.grc.md,10893,2086
niy,niy-aa,boÿdas-the-philologist,boidas-testimony,Testimony,Μαρτυρία,Philosophy,grc/boidas-testimony-niy-aa.grc.md,2130,1300
azu,azu-ab,brontinus-of-metapontum,brontinus-metapontum-mind-thought,On Mind and Thought,Ἀπόσπασμα,Philosophy,grc/brontinus-metapontum-mind-thought-azu-ab.grc.md,3314,1756
azu,azu-aa,brontinus-of-metapontum,brontinus-metapontum-testimonies,Testimonies,Μαρτυρίαι,Philosophy,grc/brontinus-metapontum-testimonies-azu-aa.grc.md,4709,1999
mzs,mzs-aa,brutus-letters,brutus-pergamon,Letters to Pergamon,Ἐπιστολαὶ πρὸς Πέργαμον,History,grc/brutus-pergamon-mzs-aa.grc.md,52313,1842
dwk,dwk-aa,bryson-of-heraclea,bryson-heraclea-economics,Fragments on Economics,Ἀποσπάσματα περὶ Οἰκονομικῶν,Philosophy,grc/bryson-heraclea-economics-dwk-aa.grc.md,5064,2168
rqw,rqw-aa,butherus,butherus-nature-numbers,On the Nature of Numbers,Ἀπόσπασμα,Philosophy,grc/butherus-nature-numbers-rqw-aa.grc.md,3821,1682
dkc,dkc-ab,callias-the-comic-poet,callias-comic-daily-life,Fragments on Daily Life,Ἀποσπάσματα περὶ Βίου Καθημερινοῦ,Comedy,grc/callias-comic-daily-life-dkc-ab.grc.md,3785,2061
dkc,dkc-aa,callias-the-comic-poet,callias-comic-symposium-fragments,Symposium and Satirical Fragments,Ἀποσπάσματα,Comedy,grc/callias-comic-symposium-fragments-dkc-aa.grc.md,4644,2156
eho,eho-aa,callicratidas-the-spartan,callicratidas-spartan-household-happiness,On Household Happiness,Ἀποσπάσματα,Philosophy,grc/callicratidas-spartan-household-happiness-eho-aa.grc.md,17432,2135
iso,iso-ap,callimachus-of-cyrene,callimachus-cyrene-causes,Causes,Αἴτια,Philosophy,grc/callimachus-cyrene-causes-iso-ap.grc.md,62676,1889
iso,iso-al,callimachus-of-cyrene,callimachus-cyrene-epigrams,Epigrams,Ἐπιγράμματα,Philosophy,grc/callimachus-cyrene-epigrams-iso-al.grc.md,27058,1799
iso,iso-ag,callimachus-of-cyrene,callimachus-cyrene-fragments,Fragments and Title,Ἀποσπάσματα καὶ Τίτλος,Philosophy,grc/callimachus-cyrene-fragments-iso-ag.grc.md,34205,1697
iso,iso-ae,callimachus-of-cyrene,callimachus-cyrene-epigrams,Fragments of Epigrams,Ἀποσπάσματα Ἐπιγραμμάτων,Philosophy,grc/callimachus-cyrene-epigrams-iso-ae.grc.md,3233,1911
iso,iso-ab,callimachus-of-cyrene,callimachus-cyrene-uncertain-author-fragments,Fragments of Uncertain Author,Ἀποσπάσματα Ἀδήλου Συγγραφέως,Philosophy,grc/callimachus-cyrene-uncertain-author-fragments-iso-ab.grc.md,5874,1850
iso,iso-aa,callimachus-of-cyrene,callimachus-cyrene-uncertain-fragments,Fragments of Uncertain Placement,Ἀποσπάσματα Ἀδήλου Θέσεως,Philosophy,grc/callimachus-cyrene-uncertain-fragments-iso-aa.grc.md,14859,1886
iso,iso-af,callimachus-of-cyrene,callimachus-cyrene-grammatical-fragments,Grammatical Fragments,Γραμματικὰ Ἀποσπάσματα,Philosophy,grc/callimachus-cyrene-grammatical-fragments-iso-af.grc.md,21415,1903
iso,iso-aq,callimachus-of-cyrene,callimachus-cyrene-hecale,Hecale,Ἑκάλη,Philosophy,grc/callimachus-cyrene-hecale-iso-aq.grc.md,20923,2403
iso,iso-am,callimachus-of-cyrene,callimachus-cyrene-epigrams,Hymns,Ὕμνοι,Philosophy,grc/callimachus-cyrene-epigrams-iso-am.grc.md,30946,1628
iso,iso-ar,callimachus-of-cyrene,callimachus-cyrene-iambs,Iambs,Ἴαμβοι,Philosophy,grc/callimachus-cyrene-iambs-iso-ar.grc.md,35479,2144
iso,iso-ah,callimachus-of-cyrene,callimachus-cyrene-lyric-poems,Lyric Poems,Λυρικὰ Ποιήματα,Philosophy,grc/callimachus-cyrene-lyric-poems-iso-ah.grc.md,8530,2359
iso,iso-ac,callimachus-of-cyrene,callimachus-cyrene-minor-epics-elegiacs,Minor Epic and Elegiac Poems,Ἐλάσσονα Ἐπικὰ καὶ Ἐλεγειακὰ Ποιήματα,Philosophy,grc/callimachus-cyrene-minor-epics-elegiacs-iso-ac.grc.md,10115,2547
iso,iso-ak,callimachus-of-cyrene,callimachus-cyrene-to-apollo,To Apollo,εἰς Απόλλωνα,Philosophy,grc/callimachus-cyrene-to-apollo-iso-ak.grc.md,11989,1847
iso,iso-ai,callimachus-of-cyrene,callimachus-cyrene-artemis,To Artemis,εἰς Ἄρτεμιν,Philosophy,grc/callimachus-cyrene-artemis-iso-ai.grc.md,25361,1933
iso,iso-an,callimachus-of-cyrene,callimachus-cyrene-delos,To Delos,εἰς Δῆλον,Philosophy,grc/callimachus-cyrene-delos-iso-an.grc.md,30116,1913
iso,iso-aj,callimachus-of-cyrene,callimachus-cyrene-to-demeter,To Demeter,εἰς Δήμητρα,Philosophy,grc/callimachus-cyrene-to-demeter-iso-aj.grc.md,14864,2390
iso,iso-ad,callimachus-of-cyrene,callimachus-cyrene-baths-pallas,To the Baths of Pallas,εἰς Λουτρά τῆς Παλλάδος,Philosophy,grc/callimachus-cyrene-baths-pallas-iso-ad.grc.md,14079,2486
iso,iso-ao,callimachus-of-cyrene,callimachus-cyrene-to-zeus,To Zeus,εἰς Δία,Philosophy,grc/callimachus-cyrene-to-zeus-iso-ao.grc.md,10757,2009
vmw,vmw-an,callimachus-scholia,callimachus-scholia-hecale,Argument of Hecale,Προοίμιον Ἑκάλης,Scholia,grc/callimachus-scholia-hecale-vmw-an.grc.md,2884,2128
vmw,vmw-aj,callimachus-scholia,callimachus-scholia-aetia,Commentary-Aetia I,Ὑπόμνημα εἰς Αἴτια Α΄,Scholia,grc/callimachus-scholia-aetia-vmw-aj.grc.md,5903,1847
vmw,vmw-ab,callimachus-scholia,callimachus-scholia-uncertain-placement,Fragments of Scholia of Uncertain Placement,Ἀποσπάσματα Σχολίων ἀδήλου θέσεως,Scholia,grc/callimachus-scholia-uncertain-placement-vmw-ab.grc.md,3261,1825
vmw,vmw-ak,callimachus-scholia,callimachus-scholia-narratives,Narratives of Fables,Διηγήσεις Μύθων,Scholia,grc/callimachus-scholia-narratives-vmw-ak.grc.md,5000,1846
vmw,vmw-ag,callimachus-scholia,callimachus-scholia-narratives-aetia,Narratives-Aetia Ancient Scholia,Διηγήσεις εἰς Αἴτια Ἀρχαῖα Σχόλια,Scholia,grc/callimachus-scholia-narratives-aetia-vmw-ag.grc.md,14158,2305
vmw,vmw-ad,callimachus-scholia,callimachus-scholia-narratives-hecale,Narratives-Hecale Ancient Scholia,Διηγήσεις Ἑκάλης Ἀρχαῖα Σχόλια,Scholia,grc/callimachus-scholia-narratives-hecale-vmw-ad.grc.md,4116,2228
vmw,vmw-aa,callimachus-scholia,callimachus-scholia-narratives-hymns,Narratives-Hymns I and II Ancient Scholia,Διηγήσεις εἰς Ὕμνους Α' καὶ Β' Ἀρχαῖα Σχόλια,Scholia,grc/callimachus-scholia-narratives-hymns-vmw-aa.grc.md,4997,2287
vmw,vmw-ae,callimachus-scholia,callimachus-scholia-narratives-iambos,Narratives-Iambos Ancient Scholia,Διηγήσεις εἰς Ἴαμβον Ἀρχαῖα Σχόλια,Scholia,grc/callimachus-scholia-narratives-iambos-vmw-ae.grc.md,12586,1527
vmw,vmw-af,callimachus-scholia,callimachus-scholia-narratives-lyrica,Narratives-Lyrica Ancient Scholia,Διηγήσεις εἰς Λυρικὰ Ἀρχαῖα Σχόλια,Scholia,grc/callimachus-scholia-narratives-lyrica-vmw-af.grc.md,3797,2164
vmw,vmw-am,callimachus-scholia,callimachus-scholia-hymn-iii,Scholia on Hymn III (Manuscript),Σχόλια εἰς Ὕμνον Γ΄,Scholia,grc/callimachus-scholia-hymn-iii-vmw-am.grc.md,4652,1854
vmw,vmw-al,callimachus-scholia,callimachus-scholia-hymn-iii,Scholia on Hymn III (P.Oxy. fragments),Σχόλια εἰς Ὕμνον Γ΄,Scholia,grc/callimachus-scholia-hymn-iii-vmw-al.grc.md,2598,1912
vmw,vmw-as,callimachus-scholia,callimachus-scholia-iambos,Scholia on Iambi (Marginal),Σχόλια εἰς Ἴαμβον,Scholia,grc/callimachus-scholia-iambos-vmw-as.grc.md,4647,1908
vmw,vmw-ar,callimachus-scholia,callimachus-scholia-iambos,Scholia on Iambi (Narrative Summaries),Σχόλια εἰς Ἴαμβον,Scholia,grc/callimachus-scholia-iambos-vmw-ar.grc.md,3493,1920
vmw,vmw-au,callimachus-scholia,callimachus-scholia-hymns,Scholia on the Hymns (Continuous),σχόλια εἰς ὕμνους,Scholia,grc/callimachus-scholia-hymns-vmw-au.grc.md,65811,1820
vmw,vmw-av,callimachus-scholia,callimachus-scholia-hymns,Scholia on the Hymns (Marginal),Σχόλια εἰς Ὕμνους,Scholia,grc/callimachus-scholia-hymns-vmw-av.grc.md,4842,2058
vmw,vmw-at,callimachus-scholia,callimachus-scholia-aetia,Scholia-Aetia,Σχόλια εἰς Αἴτια,Scholia,grc/callimachus-scholia-aetia-vmw-at.grc.md,12128,2047
vmw,vmw-ap,callimachus-scholia,callimachus-scholia-aetia,Scholia-Aetia I,Σχόλια εἰς Αἴτια Α',Scholia,grc/callimachus-scholia-aetia-vmw-ap.grc.md,4854,1939
vmw,vmw-aq,callimachus-scholia,callimachus-scholia-aetia,Scholia-Aetia I,Σχόλια εἰς Αἴτια Α',Scholia,grc/callimachus-scholia-aetia-vmw-aq.grc.md,3937,2053
vmw,vmw-ao,callimachus-scholia,callimachus-scholia-aetia,Scholia-Aetia I,Σχόλια εἰς Αἴτια Α',Scholia,grc/callimachus-scholia-aetia-vmw-ao.grc.md,6573,2025
vmw,vmw-ah,callimachus-scholia,callimachus-scholia-hymns-ii-iii,Scholia-Hymns II and III,Σχόλια εἰς Ὕμνους Β΄ καὶ Γ΄,Scholia,grc/callimachus-scholia-hymns-ii-iii-vmw-ah.grc.md,6719,1908
vmw,vmw-ai,callimachus-scholia,callimachus-scholia-lyric-poems,Scholia-Lyric Poems,Σχόλια εἰς Λυρικὰ Ποιήματα,Scholia,grc/callimachus-scholia-lyric-poems-vmw-ai.grc.md,4517,1943
vmw,vmw-ac,callimachus-scholia,callimachus-scholia-minor-epic-elegiac,Scholia-Minor Epic and Elegiac Poems,Σχόλια εἰς Μικρὰ Ἐπικὰ καὶ Ἐλεγειακὰ Ποιήματα,Scholia,grc/callimachus-scholia-minor-epic-elegiac-vmw-ac.grc.md,8285,2529
ueg,ueg-ac,callinicus-of-petra,callinicus-petra-alexander-persia,Fragments on Alexander and Persia,Ἀποσπάσματα περὶ Ἀλεξάνδρου καὶ Περσῶν,Oratory,grc/callinicus-petra-alexander-persia-ueg-ac.grc.md,4034,1619
ueg,ueg-ab,callinicus-of-petra,callinicus-petra-origins-rome,On the Origins of Rome,Ἀποσπάσματα,Oratory,grc/callinicus-petra-origins-rome-ueg-ab.grc.md,5478,1790
ueg,ueg-aa,callinicus-of-petra,callinicus-petra-testimonies,Testimonies,Μαρτυρίαι,Oratory,grc/callinicus-petra-testimonies-ueg-aa.grc.md,4438,1738
uwi,uwi-aa,callinicus-rufinianus,callinicus-rufinianus-life-hypatius,Life of Saint Hypatius,Βίος τοῦ Ἁγίου Ὑπατίου,Biography,grc/callinicus-rufinianus-life-hypatius-uwi-aa.grc.md,263797,1847
ago,ago-aa,callinus-of-ephesus,callinus-ephesus-exhortation-young,Exhortation to the Young,Ἀποσπάσματα,Poetry,grc/callinus-ephesus-exhortation-young-ago-aa.grc.md,4659,2084
bae,bae-aa,calliphon-and-democedes,calliphon-democrates-croton-testimonies,Testimonies,Μαρτυρίαι,Medicine,grc/calliphon-democrates-croton-testimonies-bae-aa.grc.md,11262,1483
rwg,rwg-aa,callippus-of-corinth,callippus-corinth-orchomenians,On the Orchomenians,Ἀπόσπασμα,History,grc/callippus-corinth-orchomenians-rwg-aa.grc.md,4369,1667
fsw,fsw-ac,callisthenes-of-olynthus,callisthenes-olynthus-historical-encomiastic,Historical and Encomiastic Fragments,Ἀποσπάσματα,History,grc/callisthenes-olynthus-historical-encomiastic-fsw-ac.grc.md,75272,2086
fsw,fsw-ab,callisthenes-of-olynthus,callisthenes-olynthus-testimonies,Testimonies 1,Μαρτυρίαι Α',History,grc/callisthenes-olynthus-testimonies-fsw-ab.grc.md,37537,1825
fsw,fsw-aa,callisthenes-of-olynthus,callisthenes-olynthus-testimonies,Testimonies 2,Μαρτυρίαι Β',History,grc/callisthenes-olynthus-testimonies-fsw-aa.grc.md,3564,1606
mey,mey-aa,callistratus-of-heraclea,callistratus-heraclea-on-heraclea,On Heraclea,Ἀποσπάσματα,History,grc/callistratus-heraclea-on-heraclea-mey-aa.grc.md,12070,1895
ufk,ufk-aa,callistratus-the-sophist,callistratus-descriptions,Descriptions,Ἐκφράσεις,Oratory,grc/callistratus-descriptions-ufk-aa.grc.md,51385,1748
iqq,iqq-aa,callixenus-of-rhodes,callixenus-rhodes-alexandria-monuments,On Alexandria and Its Monuments,Ἀποσπάσματα,History,grc/callixenus-rhodes-alexandria-monuments-iqq-aa.grc.md,60953,2003
dxo,dxo-ab,cantharus-the-comic-poet,cantharus-athenian-woman-and-the-chorus,Athenian Woman and the Chorus,Ἀποσπάσματα,Comedy,grc/cantharus-athenian-woman-and-the-chorus-dxo-ab.grc.md,2537,1837
dxo,dxo-aa,cantharus-the-comic-poet,cantharus-athenian-women,Fragments on Athenian Women,Ἀποσπάσματα περὶ Ἀθηναίων Γυναικῶν,Comedy,grc/cantharus-athenian-women-dxo-aa.grc.md,2830,1975
pri,pri-aa,capito,capito-geographical-isauria,Geographical Fragments on Isauria,Ἀποσπάσματα περὶ τῆς Ἰσαυρίας,History,grc/capito-geographical-isauria-pri-aa.grc.md,5798,2237
fiw,fiw-aa,carcinus-the-younger,carcinus-thoricus-demeter-persephone,Fragments on Demeter and Persephone,Ἀποσπάσματα περὶ Δήμητρος καὶ Φερσεφόνης,Drama,grc/carcinus-thoricus-demeter-persephone-fiw-aa.grc.md,5474,2239
lyz,lyz-aa,carneades-of-cyrene,carneades-of-cyrene-testimonies,Testimonies,Μαρτυρίαι,Philosophy,grc/carneades-of-cyrene-testimonies-lyz-aa.grc.md,131503,521
ibg,ibg-ab,carneiscus-the-epicurean,carneiscus-friendship,Fragments on Friendship,Ἀποσπάσματα περὶ Φιλίας,Philosophy,grc/carneiscus-friendship-ibg-ab.grc.md,20091,1858
ibg,ibg-aa,carneiscus-the-epicurean,carneiscus-philistas-ii,"Philistas, Book II",Φιλίστας Βιβλίον Βʹ,Philosophy,grc/carneiscus-philistas-ii-ibg-aa.grc.md,13067,1977
mqw,mqw-aa,carystius-of-pergamum,carystius-pergamum-historical-fragments,Historical Fragments,Ἀποσπάσματα,History,grc/carystius-pergamum-historical-fragments-mqw-aa.grc.md,14255,1834
rmq,rmq-ac,cassius-longinus,cassius-longinus-excerpts,Excerpts,Ἐκλογαί,Philosophy,grc/cassius-longinus-excerpts-rmq-ac.grc.md,10229,1648
rmq,rmq-aa,cassius-longinus,cassius-longinus-prolegomena-commentary,"Prolegomena Longinus, Commentary Remains",Προλεγόμενα Λογγίνου,Philosophy,grc/cassius-longinus-prolegomena-commentary-rmq-aa.grc.md,20545,2389
rmq,rmq-ab,cassius-longinus,cassius-longinus-rhetoric,Rhetorical Art,Τέχνη Ῥητορική,Philosophy,grc/cassius-longinus-rhetoric-rmq-ab.grc.md,70102,1984
qfy,qfy-aa,cassius-the-iatrosophist,cassius-iatrosophist-medical-puzzles,Medical Puzzles and Natural Problems,Ἰατρικαὶ Ἀπορίαι καὶ Προβλήματα Φυσικά,Medicine,grc/cassius-iatrosophist-medical-puzzles-qfy-aa.grc.md,89165,2018
iji,iji-aa,castorion-of-soli,castorion-soli-hymn-pan,Hymn to Pan of Arcadia,Ἀποσπάσματα,Poetry,grc/castorion-soli-hymn-pan-iji-aa.grc.md,2647,1738
dyi,dyi-aa,cebes-of-thebes,cebes-thebes-table,Table of Cebes,Πίναξ Κέβητος,Philosophy,grc/cebes-thebes-table-dyi-aa.grc.md,60037,1802
quy,quy-aa,celsus-the-platonist,celsus-platonist-true-discourse,True Discourse,Ἀληθὴς λόγος,Philosophy,grc/celsus-platonist-true-discourse-quy-aa.grc.md,292305,2541
qdq,qdq-aa,cephalion-the-historian,cephalion-historical-fragments,Historical Fragments,Ἀποσπάσματα,History,grc/cephalion-historical-fragments-qdq-aa.grc.md,35640,1842
eec,eec-ab,cephisodorus-the-comic-poet,cephisodorus-comic-fragments,Fragments on Comedy,Ἀποσπάσματα περὶ Κωμῳδίας,Comedy,grc/cephisodorus-comic-fragments-eec-ab.grc.md,3276,1819
eec,eec-aa,cephisodorus-the-comic-poet,cephisodorus-comic-xanthias-luxury,Fragments on Xanthias and Luxury,Ἀποσπάσματα περὶ Ξανθίου καὶ Τρυφῆς,Comedy,grc/cephisodorus-comic-xanthias-luxury-eec-aa.grc.md,3622,2131
ioi,ioi-aa,cercidas-of-megalopolis,cercidas-megalopolis-cynic-satire,Fragments of Cynic Satire,Ἀποσπάσματα τῆς Κυνικῆς Σατύρας,Poetry,grc/cercidas-megalopolis-cynic-satire-ioi-aa.grc.md,19388,1762
bay,bay-aa,cercops-the-orphic,cercops-orphic-testimony,Testimony,Μαρτυρία,Philosophy,grc/cercops-orphic-testimony-bay-aa.grc.md,3118,1941
omo,omo-aa,chaeremon-of-alexandria,chaeremon-alexandria-egyptian-history,Fragments on Egyptian History,Ἀποσπάσματα περὶ Αἰγυπτιακῆς Ἱστορίας,Philosophy,grc/chaeremon-alexandria-egyptian-history-omo-aa.grc.md,23517,2192
gsq,gsq-aa,chaeremon-the-tragic-poet,chaeremon-dionysian-tragedy,Fragments of a Dionysian Tragedy,Ἀποσπάσματα Διονυσιακῆς Τραγῳδίας,Drama,grc/chaeremon-dionysian-tragedy-gsq-aa.grc.md,9867,1752
qpo,qpo-aa,chaldean-oracular-poet-anon,chaldean-oracles-text,Oracles,Χρησμοί,Theology,grc/chaldean-oracles-text-qpo-aa.grc.md,36289,1888
gww,gww-aa,chamaeleon-of-heraclea-pontica,chamaeleon-heraclea-music-maxims,Fragments on Music and Maxims,Ἀποσπάσματα περὶ Μουσικῆς καὶ Γνωμῶν,Philosophy,grc/chamaeleon-heraclea-music-maxims-gww-aa.grc.md,50172,1988
gww,gww-ab,chamaeleon-of-heraclea-pontica,chamaeleon-heraclea-poetic-criticism,Fragments on Poetic Criticism,Ἀποσπάσματα περὶ Ποητικῆς Κρίσεως,Philosophy,grc/chamaeleon-heraclea-poetic-criticism-gww-ab.grc.md,3080,1636
qiq,qiq-aa,charax-of-pergamum,charax-pergamum-geographical-mythological,Geographical and Mythological Fragments,Ἀποσπάσματα,History,grc/charax-pergamum-geographical-mythological-qiq-aa.grc.md,31732,2092
hfs,hfs-aa,chares-of-mytilene,chares-mytilene-sentences,Sentences,Γνῶμαι,Philosophy,grc/chares-mytilene-sentences-hfs-aa.grc.md,4447,1437
hfs,hfs-ab,chares-of-mytilene,chares-mytilene-text,Sentences,Γνῶμαι,Philosophy,grc/chares-mytilene-text-hfs-ab.grc.md,4542,1565
npw,npw-aa,chariton-of-aphrodisias,chariton-aphrodisias-chaerea-callirhoe,On Chaerea and Callirhoe,Περὶ Χαιρέου καὶ Καλλιρρόης,Fiction,grc/chariton-aphrodisias-chaerea-callirhoe-npw-aa.grc.md,459836,1998
bpo,bpo-aa,charon-of-lampsacus,charon-lampsacus-persian-greek-histories,Persian and Greek Histories,Ἀποσπάσματα,History,grc/charon-lampsacus-persian-greek-histories-bpo-aa.grc.md,16072,1709
azk,azk-aa,charondas-the-lawgiver,charondas-preambles-laws,Preambles to the Laws,Ἀπόσπασμα,Philosophy,grc/charondas-preambles-laws-azk-aa.grc.md,13314,1685
fzu,fzu-aa,chilonis-letters,chilonis-letters-periander,Chilon's Letter to Periander,Ἐπιστολή,Oratory,grc/chilonis-letters-periander-fzu-aa.grc.md,2346,1637
otm,otm-aa,chion-heraclea-letters,chion-heraclea-matris,Letters to Matris,Ἐπιστολαὶ πρὸς Μάτριν,Fiction,grc/chion-heraclea-matris-otm-aa.grc.md,62476,2130
bou,bou-ab,chionides-the-comic-poet,chionides-guard-duty,Comic Fragments on Guard Duty,Ἀποσπάσματα περὶ Φυλακῆς Κωμικά,Comedy,grc/chionides-guard-duty-bou-ab.grc.md,2867,1861
bou,bou-aa,chionides-the-comic-poet,chionides-comic-sparta,Comic Fragments on Spartan Life,Ἀποσπάσματα περὶ τοῦ Σπαρτιατικοῦ Βίου Κωμικά,Comedy,grc/chionides-comic-sparta-bou-aa.grc.md,2897,1747
epg,epg-aa,choerilus-of-athens,choerilus-athens-genealogical-heroes,Genealogical Fragments of Heroes,Ἀποσπάσματα περὶ Γενεαλογιῶν Ἡρώων,Drama,grc/choerilus-athens-genealogical-heroes-epg-aa.grc.md,2044,1317
gwm,gwm-aa,choerilus-of-iasus,choerilus-iasus-fragment,Fragment and Title,Ἀπόσπασμα καὶ Τίτλος,Epic,grc/choerilus-iasus-fragment-gwm-aa.grc.md,2741,1684
gwm,gwm-ab,choerilus-of-iasus,choerilus-iasus-mortality-transience,On Mortality and Transience,Ἀπόσπασμα,Epic,grc/choerilus-iasus-mortality-transience-gwm-ab.grc.md,2714,1771
emy,emy-ac,choerilus-of-samos,choerilus-samos-epic-fragments,Epic Fragments,Ἐπικὰ Ἀποσπάσματα,Epic,grc/choerilus-samos-epic-fragments-emy-ac.grc.md,11754,2005
emy,emy-ab,choerilus-of-samos,choerilus-samos-fragments,Fragments and Titles,Ἀποσπάσματα καὶ Τίτλοι,Epic,grc/choerilus-samos-fragments-emy-ab.grc.md,4206,1821
emy,emy-aa,choerilus-of-samos,choerilus-samos-wine-fragments,Fragments on Wine,Ἀμφίβολα Ἀποσπάσματα Χοιρίλου Ἰασίου,Epic,grc/choerilus-samos-wine-fragments-emy-aa.grc.md,2413,1716
keg,keg-aa,choliambica-adespota,choliambica-adespota-shameful-profit,Anonymous-Shameful Profit,Ἄδηλον Περὶ Αἰσχροκερδείας,Poetry,grc/choliambica-adespota-shameful-profit-keg-aa.grc.md,8099,1764
keg,keg-ab,choliambica-adespota,choliambica-adespota-fragments,Choliambic Fragments,Χολιάμβων Ἀποσπάσματα,Poetry,grc/choliambica-adespota-fragments-keg-ab.grc.md,3641,2556
uvo,uvo-aa,choricius-the-sophist-of-gaza,choricius-gaza-encomium-marcian,Encomium for Bishop Marcian,Ἐγκώμιον εἰς Μαρκιανὸν Ἐπίσκοπον,Oratory,grc/choricius-gaza-encomium-marcian-uvo-aa.grc.md,1271213,2067
vpo,vpo-aa,christian-on-astrology-anon,christian-dialogue-astrology-anon-on-astrology,"On Astrology, Dialogue","Περὶ Ἀστρολογίας, Διάλογος",Science,grc/christian-dialogue-astrology-anon-on-astrology-vpo-aa.grc.md,193777,1958
utg,utg-ab,christodorus-of-coptus,christodorus-coptus-epigrams,Epigrams,Ἐπιγράμματα,Epic,grc/christodorus-coptus-epigrams-utg-ab.grc.md,47356,1825
utg,utg-ac,christodorus-of-coptus,christodorus-coptus-lydia-genealogy,Fragments on Lydian Genealogy,Ἀποσπάσματα περὶ Λυδικῆς Γενεαλογίας,Epic,grc/christodorus-coptus-lydia-genealogy-utg-ac.grc.md,2529,1856
utg,utg-aa,christodorus-of-coptus,christodorus-coptus-testimony,Testimony,Μαρτυρία,Epic,grc/christodorus-coptus-testimony-utg-aa.grc.md,2618,1357
gvs,gvs-aa,chrysermos-of-corinth,chrysermos-corinth-historical-fragments,Peloponnesian Historical Fragments,Ἀποσπάσματα,History,grc/chrysermos-corinth-historical-fragments-gvs-aa.grc.md,7813,1875
ixe,ixe-aa,chrysippus-of-soli,chrysippus-soli-historical-italy,Historical Fragments on Italy,Ἀποσπάσματα περὶ Ἰταλίας,Philosophy,grc/chrysippus-soli-historical-italy-ixe-aa.grc.md,2747,1797
kms,kms-ac,chrysippus-of-soli,chrysippus-soli-logical-physical,Fragments Logical and Physical,Λογικὰ καὶ Φυσικὰ Ἀποσπάσματα,Philosophy,grc/chrysippus-soli-logical-physical-kms-ac.grc.md,1245174,2559
kms,kms-aa,chrysippus-of-soli,chrysippus-soli-homeric-poems,Fragments of Chrysippus-Homeric Poems,Χρυσίππου Ἀποσπάσματα εἰς Ὁμηρικὰ Ἔπη,Philosophy,grc/chrysippus-soli-homeric-poems-kms-aa.grc.md,6131,2376
kms,kms-af,chrysippus-of-soli,chrysippus-soli-dietary-taboos,Fragments on Dietary Taboos,Ἀποσπάσματα περὶ Βρωμάτων Ἀποσπασμένων,Philosophy,grc/chrysippus-soli-dietary-taboos-kms-af.grc.md,2791,1763
kms,kms-ab,chrysippus-of-soli,chrysippus-soli-fragments,Fragments Related to Individual Books,Ἀποσπάσματα πρὸς ἕκαστον βιβλίον,Philosophy,grc/chrysippus-soli-fragments-kms-ab.grc.md,24455,1827
kms,kms-ae,chrysippus-of-soli,chrysippus-soli-moral-fragments,Moral Fragments,Ἠθικὰ Ἀποσπάσματα,Philosophy,grc/chrysippus-soli-moral-fragments-kms-ae.grc.md,605515,1860
kms,kms-ad,chrysippus-of-soli,chrysippus-soli-poetic-fragments,Poetic Fragments,Ποιητικὰ Ἀποσπάσματα,Philosophy,grc/chrysippus-soli-poetic-fragments-kms-ad.grc.md,2954,2005
ise,ise-aa,cineas-of-thessaly,cineas-thessaly-antiquities-myths,Thessalian Antiquities and Myths,Ἀποσπάσματα,Oratory,grc/cineas-thessaly-antiquities-myths-ise-aa.grc.md,5042,1843
nrk,nrk-aa,claudius-casilon,claudius-casilon-attic-orators,Questions Among the Attic Orators,Παρὰ τοῖς Ἀττικοῖς ῥήτορσι ζητούμενα,Grammar,grc/claudius-casilon-attic-orators-nrk-aa.grc.md,6975,1993
nxy,nxy-aa,claudius-iolaus,claudius-iolaus-phoenician-history,Phoenician History Fragments,Ἀποσπάσματα,History,grc/claudius-iolaus-phoenician-history-nxy-aa.grc.md,6447,1902
jew,jew-ab,cleanthes-of-assos,cleanthes-assos-hymn-zeus,Hymn to Zeus,Ἀποσπάσματα,Philosophy,grc/cleanthes-assos-hymn-zeus-jew-ab.grc.md,8292,2026
jew,jew-aa,cleanthes-of-assos,cleanthes-assos-testimonies-fragments,Testimonies and Fragments,Μαρτυρίαι καὶ Ἀποσπάσματα,Philosophy,grc/cleanthes-assos-testimonies-fragments-jew-aa.grc.md,103086,1962
hki,hki-aa,clearchus-of-soli,clearchus-soli-hunting-mirrors,On Hunting with Mirrors,Ἀποσπάσματα,Philosophy,grc/clearchus-soli-hunting-mirrors-hki-aa.grc.md,126289,2013
gmw,gmw-ab,clearchus-the-comic-poet,clearchus-comic-symposium-drinking,Symposium and Drinking Fragments,Ἀποσπάσματα,Comedy,grc/clearchus-comic-symposium-drinking-gmw-ab.grc.md,3750,1974
gmw,gmw-aa,clearchus-the-comic-poet,clearchus-comic-symposium-drinking,Symposium and Drinking Fragments,Ἀποσπάσματα,Comedy,grc/clearchus-comic-symposium-drinking-gmw-aa.grc.md,3572,1816
brm,brm-aa,cleidemus-of-athens,cleidemus-athens-antiquities-topography,Athenian Antiquities and Topography,Ἀποσπάσματα,History,grc/cleidemus-athens-antiquities-topography-brm-aa.grc.md,20424,2023
dfc,dfc-aa,cleidemus-of-athens,cleidemus-athens-testimonies,Testimonies,Μαρτυρίαι,Philosophy,grc/cleidemus-athens-testimonies-dfc-aa.grc.md,5348,1529
hyo,hyo-aa,cleitarchus-the-historian,cleitarchus-text,Sentences,Γνῶμαι,Philosophy,grc/cleitarchus-text-hyo-aa.grc.md,16721,1507
qya,qya-ae,clement-of-alexandria,clement-alexandria-theodotus-excerpts,Excerpts from Theodotus,Ἐκλογαὶ ἐκ Θεοδότου,Theology,grc/clement-alexandria-theodotus-excerpts-qya-ae.grc.md,91318,1658
qya,qya-ac,clement-of-alexandria,clement-alexandria-exhortation,Exhortation to the Greeks,Προτρεπτικὸς πρὸς Ἕλληνας,Theology,grc/clement-alexandria-exhortation-qya-ac.grc.md,302320,2434
qya,qya-ad,clement-of-alexandria,clement-alexandria-hymn-christ-savior,Hymn of Christ the Savior,Ὕμνος Χριστοῦ τοῦ Σωτῆρος,Theology,grc/clement-alexandria-hymn-christ-savior-qya-ad.grc.md,4398,2008
qya,qya-ag,clement-of-alexandria,clement-alexandria-instructor,Instructor,Παιδαγωγός,Theology,grc/clement-alexandria-instructor-qya-ag.grc.md,735045,1981
qya,qya-ah,clement-of-alexandria,clement-alexandria-stromata,Stromata,Στρώματα,Theology,grc/clement-alexandria-stromata-qya-ah.grc.md,2071169,2342
atq,atq-aa,cleobulina,cleobulina-riddles-paradoxes,Riddles and Paradoxes,Ἀποσπάσματα,Poetry,grc/cleobulina-riddles-paradoxes-atq-aa.grc.md,2633,1841
anw,anw-aa,cleobulus-of-lindos,cleobulus-lindos-letter-to-solon,Letter to Solon,Ἐπιστολή,Philosophy,grc/cleobulus-lindos-letter-to-solon-anw-aa.grc.md,2440,1703
asc,asc-ab,cleobulus-of-lindos,cleobulus-lindos-epigrams,Epigrams,Ἐπιγράμματα,Poetry,grc/cleobulus-lindos-epigrams-asc-ab.grc.md,2663,1526
asc,asc-aa,cleobulus-of-lindos,cleobulus-lindos-gnomic-wisdom,Fragments of Gnomic Wisdom,Ἀποσπάσματα Γνωμικῆς Σοφίας,Poetry,grc/cleobulus-lindos-gnomic-wisdom-asc-aa.grc.md,2763,1816
nhk,nhk-aa,cleomedes-the-astronomer,cleomedes-meteora,Meteora,Μετέωρα,Science,grc/cleomedes-meteora-nhk-aa.grc.md,295816,2053
doi,doi-aa,cleon-of-athens,cleon-athens-fragments,Fragments and Title,Ἀποσπάσματα καὶ Τίτλος,Poetry,grc/cleon-athens-fragments-doi-aa.grc.md,4634,1787
opq,opq-aa,cleonides-the-music-theorist,cleonides-harmonic-introduction,Harmonic Introduction,Εἰσαγωγὴ ἁρμονική,Science,grc/cleonides-harmonic-introduction-opq-aa.grc.md,47096,2030
ses,ses-aa,cleopatra-the-alchemist,cleopatra-alchemist-weights-measures,On Weights and Measures,Περὶ Μέτρων καὶ Σταθμῶν,Science,grc/cleopatra-alchemist-weights-measures-ses-aa.grc.md,10252,2401
bdq,bdq-ab,cleostratus-of-tenedos,cleostratus-tenedos-astronomy-fragments,Fragments on Astronomy,Ἀποσπάσματα περὶ Ἀστρονομίας,Philosophy,grc/cleostratus-tenedos-astronomy-fragments-bdq-ab.grc.md,3899,2312
bdq,bdq-aa,cleostratus-of-tenedos,cleostratus-tenedos-testimonies,Testimonies,Μαρτυρίαι,Philosophy,grc/cleostratus-tenedos-testimonies-bdq-aa.grc.md,3809,1891
hcg,hcg-ab,clinias-of-tarentum,clinias-tarentum-piety-virtue,On Piety and Virtue,Ἀποσπάσματα,Philosophy,grc/clinias-tarentum-piety-virtue-hcg-ab.grc.md,5001,1430
hcg,hcg-aa,clinias-of-tarentum,clinias-tarentum-testimonies,Testimonies,Μαρτυρίαι,Philosophy,grc/clinias-tarentum-testimonies-hcg-aa.grc.md,4241,1558
gng,gng-aa,clitonymus-the-historian,clitonymus-italian-cities,Fragments on Italian Cities,Ἀποσπάσματα περὶ Ἰταλικῶν Πόλεων,History,grc/clitonymus-italian-cities-gng-aa.grc.md,4430,1597
ouq,ouq-aa,clitophon-rhodius,clitophon-rhodius-geography,Fragments on Geography,Ἀποσπάσματα περὶ Γεωγραφίας,History,grc/clitophon-rhodius-geography-ouq-aa.grc.md,7058,1711
gnq,gnq-aa,clytus-the-historian,clytus-birds-leros,On the Birds of Leros,Ἀποσπάσματα,History,grc/clytus-birds-leros-gnq-aa.grc.md,5827,1671
uuu,uuu-aa,colluthus-of-lycopolis,colluthus-lycopolis-abduction-of-helen,Abduction of Helen,Ἁρπαγὴ Ἑλένης,Epic,grc/colluthus-lycopolis-abduction-of-helen-uuu-aa.grc.md,39113,2275
nwk,nwk-aa,comarius-the-alchemist,comarius-cleopatra-sacred-art,Komarios the Philosopher High Priest Instructing Cleopatra in the Sacred Art,Κομαρίου φιλοσόφου ἀρχιερέως διδάσκοντος τὴν,Science,grc/comarius-cleopatra-sacred-art-nwk-aa.grc.md,29918,2193
kfk,kfk-ac,comic-fragments-anon,anon-comic-fragments-new-comedies,Anonymous New Comedies,Ἀνώνυμοι Νέαι Κωμῳδίαι,Comedy,grc/anon-comic-fragments-new-comedies-kfk-ac.grc.md,31446,2226
kfk,kfk-ad,comic-fragments-anon,anon-comic-fragments-old-comedies,Anonymous Old Comedies,Ἀνώνυμοι Παλαιαὶ Κωμῳδίαι,Comedy,grc/anon-comic-fragments-old-comedies-kfk-ad.grc.md,6538,1787
kfk,kfk-ab,comic-fragments-anon,anon-comic-fragments-dubious,Dubious Anonymous Works,Ἀμφίβολα Ἀνώνυμα Ἔργα,Comedy,grc/anon-comic-fragments-dubious-kfk-ab.grc.md,2842,1992
kfk,kfk-aa,comic-fragments-anon,anon-comic-fragments-uncertain,Fragments of Uncertain Comedy,Ἀποσπάσματα Ἀδήλου Κωμῳδίας,Comedy,grc/anon-comic-fragments-uncertain-kfk-aa.grc.md,4835,1905
kfu,kfu-ab,comic-fragments-anon,anon-comic-fragments-ii-dorians,Anonymous Comedies of the Dorians,Ἀνώνυμοι Δωρικαὶ Κωμῳδίαι,Comedy,grc/anon-comic-fragments-ii-dorians-kfu-ab.grc.md,4979,2661
kfu,kfu-ac,comic-fragments-anon,anon-comic-fragments-ii-new-comedies,Anonymous New Comedies,Ἀνώνυμοι Νέαι Κωμῳδίαι,Comedy,grc/anon-comic-fragments-ii-new-comedies-kfu-ac.grc.md,79793,2114
kfu,kfu-ad,comic-fragments-anon,anon-comic-fragments-ii-old-comedies,Anonymous Old Comedies,Ἀνώνυμοι Παλαιαὶ Κωμῳδίαι,Comedy,grc/anon-comic-fragments-ii-old-comedies-kfu-ad.grc.md,17801,2196
kfu,kfu-ah,comic-fragments-anon,anon-comic-fragments-ii-comedians,Comedians,Κωμῳδούμενοι,Comedy,grc/anon-comic-fragments-ii-comedians-kfu-ah.grc.md,2498,1873
kfu,kfu-af,comic-fragments-anon,anon-comic-fragments-ii-arguments,Comic Arguments,Κωμικοὶ Ἀγῶνες,Comedy,grc/anon-comic-fragments-ii-arguments-kfu-af.grc.md,3613,1807
kfu,kfu-ag,comic-fragments-anon,anon-comic-fragments-ii-words,Comic Words,Λέξεις κωμικαί,Comedy,grc/anon-comic-fragments-ii-words-kfu-ag.grc.md,6470,1898
kfu,kfu-ai,comic-fragments-anon,anon-comic-fragments-ii-doubts,Doubts,Ἀμφιβολίαι,Comedy,grc/anon-comic-fragments-ii-doubts-kfu-ai.grc.md,21987,1864
kfu,kfu-aa,comic-fragments-anon,anon-comic-fragments-ii-excerpts-anthologies-sentences,"Excerpts, Anthologies, and Sentences",Ἐκλογαί,Comedy,grc/anon-comic-fragments-ii-excerpts-anthologies-sentences-kfu-aa.grc.md,19625,1692
kfu,kfu-ae,comic-fragments-anon,anon-comic-fragments-ii-metrical-arguments,Metrical Arguments,Μετρικοὶ Ἀγῶνες,Comedy,grc/anon-comic-fragments-ii-metrical-arguments-kfu-ae.grc.md,4451,1804
kge,kge-ab,comic-fragments-anon,comic-fragments-anon-iii-human-follies,Comic Fragments on Human Follies,Ἀποσπάσματα περὶ Ἀνθρωπίνων Μωριῶν,Comedy,grc/comic-fragments-anon-iii-human-follies-kge-ab.grc.md,5760,2068
kge,kge-aa,comic-fragments-anon,comic-fragments-anon-iii-text,Fragments of Anonymous Comedians,Ἀποσπάσματα ἀνωνύμων κωμῳδῶν,Comedy,grc/comic-fragments-anon-iii-text-kge-aa.grc.md,29905,2510
kfa,kfa-ab,comica-adespota,comica-adespota-domestic-life,Comic Fragments on Domestic Life,Ἀποσπάσματα περὶ Βίου Οἰκιακοῦ,Comedy,grc/comica-adespota-domestic-life-kfa-ab.grc.md,3392,2421
kfa,kfa-aa,comica-adespota,comica-adespota-uncertain-poets,Fragments of Uncertain Poets,Ἀποσπάσματα Ἀδήλων Ποιητῶν,Comedy,grc/comica-adespota-uncertain-poets-kfa-aa.grc.md,127090,1993
the,the-aa,compendium-of-geography-anon,compendium-geography-anon-exposition,Concise Exposition of Geography,Συνοπτικὴ ἔκθεσις γεωγραφίας,Geography,grc/compendium-geography-anon-exposition-the-aa.grc.md,53349,1507
ods,ods-aa,conon-the-mythographer,conon-mythographer-italy,Fragments on Italy,Ἀποσπάσματα περὶ Ἰταλίας,History,grc/conon-mythographer-italy-ods-aa.grc.md,4136,1959
des,des-aa,convivial-songs-anon,convivial-songs-anon-hymns-prayers,Hymns and Convivial Prayers,Ἀποσπάσματα,Poetry,grc/convivial-songs-anon-hymns-prayers-des-aa.grc.md,11430,1893
bnq,bnq-aa,corinna-of-tanagra,corinna-tanagra-birth-of-zeus,Fragments on the Birth of Zeus,Ἀποσπάσματα περὶ τῆς τοῦ Διὸς Γενέσεως,Poetry,grc/corinna-tanagra-birth-of-zeus-bnq-aa.grc.md,20716,2959
obu,obu-aa,cornutus-the-stoic-philosopher,cornutus-stoic-nature-gods,On the Nature of the Gods,Περὶ τῆς φύσεως τῶν θεῶν,Philosophy,grc/cornutus-stoic-nature-gods-obu-aa.grc.md,150350,1546
vbi,vbi-aa,cosmas-indicopleustes,cosmas-indicopleustes-topography,Christian Topography,Χριστιανικὴ Τοπογραφία,Geography,grc/cosmas-indicopleustes-topography-vbi-aa.grc.md,1087136,2679
ssy,ssy-aa,council-of-caesarea-fragment,synodical-letter-caesarea-fragment,Fragment of a Letter,Ἀπόσπασμα Ἐπιστολῆς,Theology,grc/synodical-letter-caesarea-fragment-ssy-aa.grc.md,3528,2414
hhq,hhq-ab,crantor-of-soli,crantor-soli-atlantis-commentary,Commentary on Plato's Atlantis,Ἀποσπάσματα,Philosophy,grc/crantor-soli-atlantis-commentary-hhq-ab.grc.md,21527,1904
hhq,hhq-aa,crantor-of-soli,crantor-soli-fragments,Fragments and Title,Ἀποσπάσματα καὶ Τίτλος,Philosophy,grc/crantor-soli-fragments-hhq-aa.grc.md,2459,1773
hsk,hsk-aa,craterus-the-macedonian,craterus-macedonian-decrees,Collection of Decrees,Ἀποσπάσματα,History,grc/craterus-macedonian-decrees-hsk-aa.grc.md,14941,1706
jec,jec-aa,crates-of-athens,crates-athens-sacrifices,On Athenian Sacrifices,Ἀποσπάσματα,History,grc/crates-athens-sacrifices-jec-aa.grc.md,6717,1579
gwc,gwc-aa,crates-of-thebes,crates-thebes-letters-philosophy,Cynic Letters on Philosophy,Ἐπιστολαὶ περὶ Φιλοσοφίας,Philosophy,grc/crates-thebes-letters-philosophy-gwc-aa.grc.md,40199,2386
hia,hia-ab,crates-of-thebes,crates-thebes-hymns-parodies,Cynic Hymns and Parodies,Ἀποσπάσματα,,grc/crates-thebes-hymns-parodies-hia-ab.grc.md,7709,1835
hia,hia-ac,crates-of-thebes,crates-thebes-epigrams,Epigrams,Ἐπιγράμματα,,grc/crates-thebes-epigrams-hia-ac.grc.md,3317,2236
hia,hia-aa,crates-of-thebes,crates-thebes-fragments,Fragments and Title,Ἀποσπάσματα καὶ Τίτλος,,grc/crates-thebes-fragments-hia-aa.grc.md,7878,1924
dac,dac-aa,crates-the-comic-poet,crates-comic-animated-feast,Animated Feast,Ἀποσπάσματα,Comedy,grc/crates-comic-animated-feast-dac-aa.grc.md,8585,1628
dac,dac-ab,crates-the-comic-poet,crates-comic-utopian-feast,Fragments of a Utopian Feast,Ἀποσπάσματα περὶ Εὐδαίμονος Δείπνου,Comedy,grc/crates-comic-utopian-feast-dac-ab.grc.md,8336,2498
dac,dac-ad,crates-the-comic-poet,crates-comic-eratosthenes-fragments,Fragments on Eratosthenes,Ἀποσπάσματα περὶ Ἐρατοσθένους,Comedy,grc/crates-comic-eratosthenes-fragments-dac-ad.grc.md,2350,1736
dac,dac-ac,crates-the-comic-poet,crates-comic-love-decorum,Fragments on Love and Decorum,Ἀποσπάσματα περὶ Ἔρωτος καὶ Εὐσχημοσύνης,Comedy,grc/crates-comic-love-decorum-dac-ac.grc.md,2353,1582
mqm,mqm-aa,crateuas-the-rhizotomist,crateuas-rhizotomist-botanical-medicinal,Botanical and Medicinal Fragments,Ἀποσπάσματα,Medicine,grc/crateuas-rhizotomist-botanical-medicinal-mqm-aa.grc.md,9228,2274
czs,czs-ab,cratinus-the-comic-poet,cratinus-athenian-life,Comic Fragments on Athenian Life,Ἀποσπάσματα περὶ τοῦ Ἀθηναϊκοῦ Βίου,Comedy,grc/cratinus-athenian-life-czs-ab.grc.md,34015,2443
czs,czs-aa,cratinus-the-comic-poet,cratinus-athenian-life,Fragments on Cimon and Athenian Life,Ἀποσπάσματα περὶ Κίμωνος καὶ τοῦ Ἀθηναίων Βίου,Comedy,grc/cratinus-athenian-life-czs-aa.grc.md,41539,2319
czs,czs-ac,cratinus-the-comic-poet,cratinus-language-poetry,Fragments on Language and Poetry,Ἀποσπάσματα περὶ Γλώσσης καὶ Ποίησης,Comedy,grc/cratinus-language-poetry-czs-ac.grc.md,4327,1921
czs,czs-ad,cratinus-the-comic-poet,cratinus-judgment-paris,Fragments on the Judgment of Paris,Ἀποσπάσματα περὶ τῆς τοῦ Πάριδος Κρίσεως,Comedy,grc/cratinus-judgment-paris-czs-ad.grc.md,14953,2569
czs,czs-ae,cratinus-the-comic-poet,cratinus-feminine-nouns,On Feminine Noun Endings,Ἀποσπάσματα,Comedy,grc/cratinus-feminine-nouns-czs-ae.grc.md,2351,1523
hmg,hmg-aa,cratinus-the-younger,cratinus-minor-comic-banter,Fragments of Comic Banter,Ἀποσπάσματα κωμικῆς σκώψεως,Comedy,grc/cratinus-minor-comic-banter-hmg-aa.grc.md,4728,1552
hmg,hmg-ab,cratinus-the-younger,cratinus-minor-comic-dialogue,Fragments of Comic Dialogue,Ἀποσπάσματα Κωμικοῦ Διαλόγου,Comedy,grc/cratinus-minor-comic-dialogue-hmg-ab.grc.md,5039,1920
fms,fms-aa,cratippus-of-athens,cratippus-athens-hermae-affair,Fragments on the Hermae Affair,Ἀποσπάσματα περὶ τοῦ Ἑρμαϊκοῦ Πράγματος,History,grc/cratippus-athens-hermae-affair-fms-aa.grc.md,7456,2077
bmm,bmm-aa,cratylus-the-heraclitean,cratylus-heraclitean-testimonies,Testimonies,Μαρτυρίαι,Philosophy,grc/cratylus-heraclitean-testimonies-bmm-aa.grc.md,6940,2199
hbc,hbc-aa,creophylus-of-ephesus,creophylus-ephesus-foundation-of-ephesus,Foundation of Ephesus,Ἀπόσπασμα,History,grc/creophylus-ephesus-foundation-of-ephesus-hbc-aa.grc.md,3967,1989
lya,lya-aa,crinis-the-stoic,crinis-stoic-logic-fragments,Fragments on Stoic Logic,Ἀποσπάσματα περὶ τῆς Στωικῆς Λογικῆς,Philosophy,grc/crinis-stoic-logic-fragments-lya-aa.grc.md,5676,1934
bzo,bzo-ae,critias-of-athens,critias-athens-anacreon-cotabus,Fragments on Anacreon and Cotabus,Ἀποσπάσματα περὶ Ἀνακρέοντος καὶ Κοτάβου,Philosophy,grc/critias-athens-anacreon-cotabus-bzo-ae.grc.md,46160,1850
bzo,bzo-ac,critias-of-athens,critias-athens-heracles-underworld,Heracles in the Underworld,Ἀποσπάσματα,Philosophy,grc/critias-athens-heracles-underworld-bzo-ac.grc.md,14893,2205
bzo,bzo-ad,critias-of-athens,critias-athens-inventions-praises,Inventions and Praises,Ἀποσπάσματα,Philosophy,grc/critias-athens-inventions-praises-bzo-ad.grc.md,6784,2012
bzo,bzo-aa,critias-of-athens,critias-athens-pirithous,"Pirithous, Fragments",Πειρίθους Ἀποσπάσματα,Philosophy,grc/critias-athens-pirithous-bzo-aa.grc.md,6711,1755
bzo,bzo-ab,critias-of-athens,critias-athens-testimonies,Testimonies,Μαρτυρίαι,Philosophy,grc/critias-athens-testimonies-bzo-ab.grc.md,25764,1958
lrc,lrc-ab,crito-of-alopece,crito-alopece-delian-parasites,Fragments on Delian Parasites,Ἀποσπάσματα περὶ Δηλίων Παρασίτων,Comedy,grc/crito-alopece-delian-parasites-lrc-ab.grc.md,2977,1915
lrc,lrc-aa,crito-of-alopece,crito-alopece-satirical-delos,Satirical Fragments on Delos,Ἀποσπάσματα Σατυρικὰ περὶ Δήλου,Comedy,grc/crito-alopece-satirical-delos-lrc-aa.grc.md,2725,1643
lmc,lmc-aa,crito-of-argos,crito-argos-wisdom-fragments,Fragments on Wisdom,Ἀποσπάσματα περὶ Σοφίας,Philosophy,grc/crito-argos-wisdom-fragments-lmc-aa.grc.md,3334,1378
lfe,lfe-aa,crito-of-pieria,crito-pieria-historical-fragments-getae,Historical Fragments on the Getae,Ἀποσπάσματα περὶ Γετῶν,History,grc/crito-pieria-historical-fragments-getae-lfe-aa.grc.md,4890,2223
kyg,kyg-aa,critolaus-of-phaselis-hist,critolaus-phaselis-prophecy,Fragments on Prophecy,Ἀποσπάσματα περὶ Προφητείας,History,grc/critolaus-phaselis-prophecy-kyg-aa.grc.md,5092,1422
kuu,kuu-aa,critolaus-of-phaselis-phil,critolaus-phaselis-eternity-cosmos,On the Eternity of the Cosmos,Ἀποσπάσματα,Philosophy,grc/critolaus-phaselis-eternity-cosmos-kuu-aa.grc.md,19673,2024
lhc,lhc-ab,crobylus-the-comic-poet,crobylus-parasites-excess,Fragments on Parasites and Excess,Ἀποσπάσματα περὶ Παρασίτων καὶ Ὑπερβολῆς,Comedy,grc/crobylus-parasites-excess-lhc-ab.grc.md,4548,1962
lhc,lhc-aa,crobylus-the-comic-poet,crobylus-parasites-feasting,Fragments on Parasites and Feasting,Ἀποσπάσματα περὶ Παρασίτων καὶ Εὐωχίας,Comedy,grc/crobylus-parasites-feasting-lhc-aa.grc.md,4905,2328
ehy,ehy-ab,ctesias-of-cnidus,ctesias-cnidus-assyrian-history,Fragments on Assyrian History,Ἀποσπάσματα περὶ τῆς Ἀσσυρικῆς Ἱστορίας,Medicine,grc/ctesias-cnidus-assyrian-history-ehy-ab.grc.md,377925,2416
ehy,ehy-ac,ctesias-of-cnidus,ctesias-cnidus-colaxaeans,On the Colaxaeans,Ἀπόσπασμα,Medicine,grc/ctesias-cnidus-colaxaeans-ehy-ac.grc.md,2081,1437
ehy,ehy-aa,ctesias-of-cnidus,ctesias-cnidus-testimonies,Testimonies,Μαρτυρίαι,Medicine,grc/ctesias-cnidus-testimonies-ehy-aa.grc.md,18262,2060
clm,clm-aa,ctesiphon-historicus,ctesiphon-boeotian-history,Fragments on Boeotian History,Ἀποσπάσματα περὶ τῆς Βοιωτικῆς Ἱστορίας,History,grc/ctesiphon-boeotian-history-clm-aa.grc.md,4786,1980
shk,shk-aa,cyranides-anon,cyranides-anon-text,Cyranides,Κυρανίδες,Science,grc/cyranides-anon-text-shk-aa.grc.md,449113,2448
vbs,vbs-ae,cyril-of-scythopolis,cyril-scythopolis-abramius,Life of Abramius,Βίος Ἀβραμίου,Biography,grc/cyril-scythopolis-abramius-vbs-ae.grc.md,16935,1815
vbs,vbs-af,cyril-of-scythopolis,cyril-scythopolis-life-cyriacus,Life of Cyriacus,Βίος Κυριακοῦ,Biography,grc/cyril-scythopolis-life-cyriacus-vbs-af.grc.md,50083,1994
vbs,vbs-ac,cyril-of-scythopolis,cyril-scythopolis-life-euthymius,Life of Euthymius,Βίος Εὐθυμίου,Biography,grc/cyril-scythopolis-life-euthymius-vbs-ac.grc.md,274646,2126
vbs,vbs-ad,cyril-of-scythopolis,cyril-scythopolis-gerasimus,Life of Gerasimus,Βίος Γερασίμου,Biography,grc/cyril-scythopolis-gerasimus-vbs-ad.grc.md,29763,1906
vbs,vbs-aa,cyril-of-scythopolis,cyril-scythopolis-john-hesychast,Life of John the Hesychast,Βίος Ἰωάννου τοῦ Ἡσυχαστοῦ,Biography,grc/cyril-scythopolis-john-hesychast-vbs-aa.grc.md,72249,1972
vbs,vbs-ah,cyril-of-scythopolis,cyril-scythopolis-saba,Life of Saba,Βίος Σάβα,Biography,grc/cyril-scythopolis-saba-vbs-ah.grc.md,381618,1974
vbs,vbs-ab,cyril-of-scythopolis,cyril-scythopolis-theodosius,Life of Theodosius,Βίος Θεοδοσίου,Biography,grc/cyril-scythopolis-theodosius-vbs-ab.grc.md,21821,2335
vbs,vbs-ag,cyril-of-scythopolis,cyril-scythopolis-life-theognis,Life of Theognis,Βίος Θεόγνιδος,Biography,grc/cyril-scythopolis-life-theognis-vbs-ag.grc.md,10460,1871
pve,pve-aa,cyrus-the-rhetorician,cyrus-rhetorician-difference-stance,On the Difference of Stance,Περὶ διαφορᾶς στάσεως,Oratory,grc/cyrus-rhetorician-difference-stance-pve-aa.grc.md,31572,1978
uyg,uyg-aa,damascius-of-damascus,damascius-damascus-life-of-isidore,"Bibl. codd. 181, 242), Life of Isidore",Βίος Ἰσιδώρου,Philosophy,grc/damascius-damascus-life-of-isidore-uyg-aa.grc.md,141354,2347
uyg,uyg-af,damascius-of-damascus,damascius-damascus-phaedo,Commentary on Phaedo (Long),Περὶ Φαίδωνος,Philosophy,grc/damascius-damascus-phaedo-uyg-af.grc.md,383726,2015
uyg,uyg-ag,damascius-of-damascus,damascius-damascus-phaedo,Commentary on Phaedo (Short),Περὶ Φαίδωνος,Philosophy,grc/damascius-damascus-phaedo-uyg-ag.grc.md,131464,1643
uyg,uyg-ab,damascius-of-damascus,damascius-damascus-isidore,Life of Isidore,Βίος Ἰσιδώρου,Philosophy,grc/damascius-damascus-isidore-uyg-ab.grc.md,232499,1808
uyg,uyg-ac,damascius-of-damascus,damascius-damascus-parmenides,On Parmenides,Περὶ Παρμενίδου,Philosophy,grc/damascius-damascus-parmenides-uyg-ac.grc.md,1245985,1597
uyg,uyg-ae,damascius-of-damascus,damascius-damascus-philebus,On Philebus,Περὶ Φιλήβου,Philosophy,grc/damascius-damascus-philebus-uyg-ae.grc.md,203448,1909
uyg,uyg-ad,damascius-of-damascus,damascius-damascus-principles,On Principles,Περὶ Ἀρχῶν,Philosophy,grc/damascius-damascus-principles-uyg-ad.grc.md,1224642,2202
dji,dji-aa,damastes-of-sigeum,damastes-sigeum-peoples,Fragments on Peoples,Ἀποσπάσματα περὶ Ἐθνῶν,History,grc/damastes-sigeum-peoples-dji-aa.grc.md,7286,1577
vju,vju-aa,damianus-of-larissa,damianus-larissa-optics,Optics,Ὀπτικά,Mathematics,grc/damianus-larissa-optics-vju-aa.grc.md,25971,1797
uka,uka-aa,damigeron-the-magus,damigeron-stones,On Stones,Περὶ Λίθων,Science,grc/damigeron-stones-uka-aa.grc.md,14793,2329
dde,dde-aa,damippus-the-philosopher,damippus-wisdom-fortune,On Wisdom and Fortune,Ἀποσπάσματα,Philosophy,grc/damippus-wisdom-fortune-dde-aa.grc.md,8264,2046
gqi,gqi-aa,damon-and-phintias,damon-phintias-testimony,Testimony,Μαρτυρία,Philosophy,grc/damon-phintias-testimony-gqi-aa.grc.md,4650,2341
bzy,bzy-aa,damon-of-athens,damon-athens-customs-byzantium,On the Customs of Byzantium,Ἀπόσπασμα,Philosophy,grc/damon-athens-customs-byzantium-bzy-aa.grc.md,2757,1619
eni,eni-ab,damon-of-athens,damon-athens-music-virtue,Fragments on Music and Virtue,Ἀποσπάσματα περὶ Μουσικῆς καὶ Ἀρετῆς,Science,grc/damon-athens-music-virtue-eni-ab.grc.md,8273,2186
eni,eni-aa,damon-of-athens,damon-athens-testimonies,Testimonies,Μαρτυρίαι,Science,grc/damon-athens-testimonies-eni-aa.grc.md,6547,1831
jag,jag-ab,damoxenus-the-comic-poet,damoxenus-cookery-philosophy,Fragments on Cookery and Philosophy,Ἀποσπάσματα περὶ Μαγειρικῆς καὶ Φιλοσοφίας,Comedy,grc/damoxenus-cookery-philosophy-jag-ab.grc.md,9588,1851
jag,jag-aa,damoxenus-the-comic-poet,damoxenus-cookery-philosophy,Fragments on Cookery and Philosophy,Ἀποσπάσματα περὶ Ὀψοποιίας καὶ Φιλοσοφίας,Comedy,grc/damoxenus-cookery-philosophy-jag-aa.grc.md,9825,2101
vcm,vcm-aa,david-the-invincible,david-invincible-commentary-aristotle,Commentary-Aristotle in Greek,Σχόλια εἰς τὴν Πορφυρίου Εἰσαγωγήν,Philosophy,grc/david-invincible-commentary-aristotle-vcm-aa.grc.md,542378,2237
vcm,vcm-ab,david-the-invincible,david-invincible-prolegomena,Prolegomena to Philosophy,Προλεγόμενα τῆς φιλοσοφίας,Philosophy,grc/david-invincible-prolegomena-vcm-ab.grc.md,352774,2009
ikc,ikc-aa,deimachus-of-plataea,deimachus-plataea-piety-portents,On Piety and Celestial Portents,Ἀποσπάσματα,History,grc/deimachus-plataea-piety-portents-ikc-aa.grc.md,8055,1656
ine,ine-aa,deimachus-of-plataea,deimachus-plataea-india,On India,Ἀποσπάσματα,History,grc/deimachus-plataea-india-ine-aa.grc.md,4995,1977
epq,epq-aa,deiochus-the-historian,deiochus-cyzicus-fragments,Fragments on Cyzicus,Ἀποσπάσματα περὶ Κυζίκου,History,grc/deiochus-cyzicus-fragments-epq-aa.grc.md,6383,1835
epq,epq-ab,deiochus-the-historian,deiochus-samothrace-fragments,Fragments on Samothrace,Ἀποσπάσματα περὶ Σαμοθρᾴκης,History,grc/deiochus-samothrace-fragments-epq-ab.grc.md,2177,1611
hlw,hlw-aa,demades-of-paeania,demades-paeania-defense-twelve-years,In Defense of the Twelve Years,Ὑπὲρ τῆς δωδεκαετίας,Oratory,grc/demades-paeania-defense-twelve-years-hlw-aa.grc.md,80200,1963
hlw,hlw-ac,demades-of-paeania,demades-paeania-abduction-persephone,On the Abduction of Persephone,Ἀπόσπασμα,Oratory,grc/demades-paeania-abduction-persephone-hlw-ac.grc.md,2352,1673
hlw,hlw-ab,demades-of-paeania,demades-paeania-testimony,Testimony,Μαρτυρία,Oratory,grc/demades-paeania-testimony-hlw-ab.grc.md,2414,1550
ltk,ltk-aa,demaratus-of-corinth,demaratus-corinth-arcadian-phrygian-histories,Arcadian and Phrygian Histories,Ἀποσπάσματα,History,grc/demaratus-corinth-arcadian-phrygian-histories-ltk-aa.grc.md,7573,1571
iwk,iwk-aa,demetrius-of-callatis,demetrius-callatis-geography,Fragments on Geography,Ἀποσπάσματα περὶ Γεωγραφίας,History,grc/demetrius-callatis-geography-iwk-aa.grc.md,7758,1656
hjy,hjy-aa,demetrius-of-phaleron,demetrius-phaleron-jewish-law,Letter on Jewish Law,Ἐπιστολή,Philosophy,grc/demetrius-phaleron-jewish-law-hjy-aa.grc.md,4455,1860
hsa,hsa-aa,demetrius-of-phaleron,demetrius-phaleron-athenian-politics,Fragments on Athenian Politics,Ἀποσπάσματα περὶ τῆς Ἀθηναίων Πολιτείας,,grc/demetrius-phaleron-athenian-politics-hsa-aa.grc.md,57901,1843
hnk,hnk-aa,demetrius-of-phalerum,demetrius-phalerum-interpretation,On Interpretation,Περὶ ἑρμηνείας,Oratory,grc/demetrius-phalerum-interpretation-hnk-aa.grc.md,192638,2069
fyq,fyq-aa,demetrius-of-salamis,demetrius-salamis-histories-travels,Pamphylian Histories and Travels,Ἀποσπάσματα,History,grc/demetrius-salamis-histories-travels-fyq-aa.grc.md,6347,1817
lsq,lsq-aa,demetrius-of-scepsis,demetrius-scepsis-trojan-customs,Fragments on Trojan Customs,Ἀποσπάσματα περὶ Τρωικῶν Ἐθῶν,Grammar,grc/demetrius-scepsis-trojan-customs-lsq-aa.grc.md,62818,1988
nvg,nvg-ab,demetrius-on-style,demetrius-style-epistolary-forms,Epistolary Forms,Ἐπιστολικὰ Σχήματα,Oratory,grc/demetrius-style-epistolary-forms-nvg-ab.grc.md,25866,1980
nvg,nvg-aa,demetrius-on-style,demetrius-style-epistolary-forms,"Epistolary Forms, Two Spurious Examples",Ἐπιστολικὰ Σχήματα,Oratory,grc/demetrius-style-epistolary-forms-nvg-aa.grc.md,4374,1849
eds,eds-ab,demetrius-the-comic-poet,demetrius-comic-naval-comedy,Fragments of a Naval Comedy,Ἀποσπάσματα Ναυτικῆς Κωμῳδίας,Comedy,grc/demetrius-comic-naval-comedy-eds-ab.grc.md,2978,1760
eds,eds-aa,demetrius-the-comic-poet,demetrius-comic-naval-comedy,Fragments of a Naval Comedy,Ἀποσπάσματα Ναυτικῆς Κωμῳδίας,Comedy,grc/demetrius-comic-naval-comedy-eds-aa.grc.md,2844,1599
khs,khs-aa,demetrius-the-younger,demetrius-younger-cooks-boastful-fragments,Cook's Boastful Fragments,Ἀπόσπασμα,Comedy,grc/demetrius-younger-cooks-boastful-fragments-khs-aa.grc.md,3143,1780
khs,khs-ab,demetrius-the-younger,demetrius-younger-tyrant-art,On the Tyrant's Art,Ἀπόσπασμα,Comedy,grc/demetrius-younger-tyrant-art-khs-ab.grc.md,2505,1426
hqw,hqw-aa,demochares-of-leuconoe,demochares-leuconoe-historical-fragments,Historical Fragments on Demosthenes,Ἀποσπάσματα περὶ Δημοσθένους,History,grc/demochares-leuconoe-historical-fragments-hqw-aa.grc.md,7279,2015
goa,goa-aa,democles-the-historian,democles-natural-phenomena,Fragments on Natural Phenomena,Ἀποσπάσματα περὶ Φυσικῶν Φαινομένων,History,grc/democles-natural-phenomena-goa-aa.grc.md,2935,1695
byu,byu-ab,democritus-of-abdera,democritus-abdera-underworld-soul,On the Underworld and the Soul,Ἀποσπάσματα,Philosophy,grc/democritus-abdera-underworld-soul-byu-ab.grc.md,164572,2400
byu,byu-aa,democritus-of-abdera,democritus-abdera-testimonies,Testimonies,Μαρτυρίαι,Philosophy,grc/democritus-abdera-testimonies-byu-aa.grc.md,217257,2691
lqs,lqs-aa,democritus-of-ephesus,democritus-ephesus-temple,On the Temple at Ephesus,Ἀπόσπασμα,History,grc/democritus-ephesus-temple-lqs-aa.grc.md,4383,1986
bea,bea-ab,demodocus-of-leros,demodocus-leros-epigrams,Epigrams,Ἐπιγράμματα,Poetry,grc/demodocus-leros-epigrams-bea-ab.grc.md,3198,1694
bea,bea-aa,demodocus-of-leros,demodocus-leros-satirical-epigrams,Satirical Epigrams on Peoples,Ἀποσπάσματα,Poetry,grc/demodocus-leros-satirical-epigrams-bea-aa.grc.md,3420,1728
clw,clw-aa,demon-of-athens,demon-athens-fragments-history,Fragments on Athenian History,Ἀποσπάσματα περὶ τῆς Ἀθηναίων Ἱστορίας,History,grc/demon-athens-fragments-history-clw-aa.grc.md,20873,1873
ogu,ogu-aa,demonax-of-cyprus,demonax-cyprus-ethical-maxims,Demonax's Ethical Maxims,Ἀποσπάσματα,Philosophy,grc/demonax-cyprus-ethical-maxims-ogu-aa.grc.md,28303,2204
gzy,gzy-aa,demonicus-the-comic-poet,demonicus-boeotian-banquet,Boeotian Banquet,Ἀπόσπασμα,Comedy,grc/demonicus-boeotian-banquet-gzy-aa.grc.md,2114,1501
gzy,gzy-ab,demonicus-the-comic-poet,demonicus-boeotian-banquet,Boeotian Banquet,Ἀπόσπασμα,Comedy,grc/demonicus-boeotian-banquet-gzy-ab.grc.md,2363,1748
fsm,fsm-ak,demosthenes-of-athens,demosthenes-athens-against-androtion,Against Androtion for Illegal Acts,κατὰ Ἀνδροτίωνος παρανόμων,Oratory,grc/demosthenes-athens-against-androtion-fsm-ak.grc.md,72716,2059
fsm,fsm-ae,demosthenes-of-athens,demosthenes-athens-against-aphobus,"Against Aphobus for Guardianship, Part 1",κατὰ Ἀφόβου ἐπιτροπῆς α΄,Oratory,grc/demosthenes-athens-against-aphobus-fsm-ae.grc.md,61510,2310
fsm,fsm-bg,demosthenes-of-athens,demosthenes-athens-against-aphobus-2,"Against Aphobus, Part 2",κατὰ Ἀφόβου β΄,Oratory,grc/demosthenes-athens-against-aphobus-2-fsm-bg.grc.md,21879,1807
fsm,fsm-bn,demosthenes-of-athens,demosthenes-athens-against-aristocrates,Against Aristocrates,κατὰ Ἀριστοκράτους,Oratory,grc/demosthenes-athens-against-aristocrates-fsm-bn.grc.md,197793,2410
fsm,fsm-at,demosthenes-of-athens,demosthenes-athens-against-aristogeiton-1,"Against Aristogeiton, Part 1",κατὰ Ἀριστογείτονος α΄,Oratory,grc/demosthenes-athens-against-aristogeiton-1-fsm-at.grc.md,86170,1990
fsm,fsm-au,demosthenes-of-athens,demosthenes-athens-against-aristogeiton-2,"Against Aristogeiton, Part 2",κατὰ Ἀριστογείτονος β΄,Oratory,grc/demosthenes-athens-against-aristogeiton-2-fsm-au.grc.md,24226,1962
fsm,fsm-be,demosthenes-of-athens,demosthenes-athens-against-conassault,Against ConAssault,κατὰ Κόνωνος αἰκείας,Oratory,grc/demosthenes-athens-against-conassault-fsm-be.grc.md,42983,1991
fsm,fsm-am,demosthenes-of-athens,demosthenes-athens-against-dionysodorus,Against Dionysodorus-Damage,κατὰ Διονυσοδώρου βλάβης,Oratory,grc/demosthenes-athens-against-dionysodorus-fsm-am.grc.md,44631,2265
fsm,fsm-ac,demosthenes-of-athens,demosthenes-athens-against-evergus-mnesibulus,Against Evergus and Mnesibulus-False Testimony,κατὰ Εὐέργου καὶ Μνησιβούλου ψευδομαρτυριῶν,Oratory,grc/demosthenes-athens-against-evergus-mnesibulus-fsm-ac.grc.md,71497,2574
fsm,fsm-ay,demosthenes-of-athens,demosthenes-athens-against-meidias,Against Meidias-The Club,κατὰ Μειδίου περὶ τοῦ Κονδύλου,Oratory,grc/demosthenes-athens-against-meidias-fsm-ay.grc.md,201318,2241
fsm,fsm-cb,demosthenes-of-athens,demosthenes-athens-against-neaera,Against Neaera,κατὰ Νεαίρας,Oratory,grc/demosthenes-athens-against-neaera-fsm-cb.grc.md,121299,2001
fsm,fsm-an,demosthenes-of-athens,demosthenes-athens-against-olympiodorus,Against Olympiodorus-Damage,κατὰ Ὀλυμπιοδώρου βλάβης,Oratory,grc/demosthenes-athens-against-olympiodorus-fsm-an.grc.md,48117,2179
fsm,fsm-bx,demosthenes-of-athens,demosthenes-athens-against-philip,Against Philip I,κατὰ Φιλίππου α΄,Oratory,grc/demosthenes-athens-against-philip-fsm-bx.grc.md,44701,2709
fsm,fsm-bv,demosthenes-of-athens,demosthenes-athens-against-philip,Against Philip II,κατὰ Φιλίππου β΄,Oratory,grc/demosthenes-athens-against-philip-fsm-bv.grc.md,27878,1952
fsm,fsm-br,demosthenes-of-athens,demosthenes-athens-against-philip,Against Philip III,κατὰ Φιλίππου γ΄,Oratory,grc/demosthenes-athens-against-philip-fsm-br.grc.md,57371,2263
fsm,fsm-bw,demosthenes-of-athens,demosthenes-athens-against-philip,Against Philip IV,κατὰ Φιλίππου δ΄,Oratory,grc/demosthenes-athens-against-philip-fsm-bw.grc.md,58787,2085
fsm,fsm-af,demosthenes-of-athens,demosthenes-athens-against-stephanus,Against Stephanus-False Testimony A,κατὰ Στεφάνου ψευδομαρτυριῶν α΄,Oratory,grc/demosthenes-athens-against-stephanus-fsm-af.grc.md,76874,2822
fsm,fsm-ag,demosthenes-of-athens,demosthenes-athens-against-stephanus,Against Stephanus-False Testimony B,κατὰ Στεφάνου ψευδομαρτυριῶν β΄,Oratory,grc/demosthenes-athens-against-stephanus-fsm-ag.grc.md,26242,2373
fsm,fsm-bs,demosthenes-of-athens,demosthenes-athens-against-timocrates,Against Timocrates,κατὰ Τιμοκράτους,Oratory,grc/demosthenes-athens-against-timocrates-fsm-bs.grc.md,187548,2088
fsm,fsm-bp,demosthenes-of-athens,demosthenes-athens-appeal-eubulides,Appeal To Eubulides,ἔφεσις πρὸς Εὐβουλίδην,Oratory,grc/demosthenes-athens-appeal-eubulides-fsm-bp.grc.md,61197,2098
fsm,fsm-bf,demosthenes-of-athens,demosthenes-athens-counterplea-phormion,Counterplea for Phormion,παραγραφὴ ὑπὲρ Φορμίωνος,Oratory,grc/demosthenes-athens-counterplea-phormion-fsm-bf.grc.md,52865,2551
fsm,fsm-ad,demosthenes-of-athens,demosthenes-athens-counterplea-nausimachus-xenopithes,Counterplea To Nausimachus and Xenopithes,παραγραφὴ πρὸς Ναυσίμακον καὶ Ξενοπείθην,Oratory,grc/demosthenes-athens-counterplea-nausimachus-xenopithes-fsm-ad.grc.md,25703,2037
fsm,fsm-bb,demosthenes-of-athens,demosthenes-athens-counterplea-pantaenetus,Counterplea To Pantaenetus,παραγραφὴ πρὸς Πανταίνετον,Oratory,grc/demosthenes-athens-counterplea-pantaenetus-fsm-bb.grc.md,50256,2114
fsm,fsm-bq,demosthenes-of-athens,demosthenes-athens-demagogic-prologues,Demagogic Prologues,προοίμια δημηγορικά,Oratory,grc/demosthenes-athens-demagogic-prologues-fsm-bq.grc.md,122646,2080
fsm,fsm-ck,demosthenes-of-athens,demosthenes-athens-epitaph,Epitaph,ἐπιτάφιος,Oratory,grc/demosthenes-athens-epitaph-fsm-ck.grc.md,34749,1634
fsm,fsm-cl,demosthenes-of-athens,demosthenes-athens-erotic,Erotic,ἐρωτικὸς,Oratory,grc/demosthenes-athens-erotic-fsm-cl.grc.md,49240,1636
fsm,fsm-ca,demosthenes-of-athens,demosthenes-athens-first-olynthiac,First Olynthiac,Ὀλυνθιακὸς α΄,Oratory,grc/demosthenes-athens-first-olynthiac-fsm-ca.grc.md,26055,2507
fsm,fsm-bk,demosthenes-of-athens,demosthenes-athens-megalopolitans,For the Megalopolitans,ὑπὲρ Μεγαλοπολιτῶν,Oratory,grc/demosthenes-athens-megalopolitans-fsm-bk.grc.md,26820,2085
fsm,fsm-ch,demosthenes-of-athens,demosthenes-athens-fragments,Fragments of Demosthenic Orations,Ἀποσπάσματα τῶν Δημοσθενικῶν Λόγων,Oratory,grc/demosthenes-athens-fragments-fsm-ch.grc.md,30522,2242
fsm,fsm-ah,demosthenes-of-athens,demosthenes-athens-defense-ctesiphthe,In Defense of Ctesiphthe Crown,ὑπὲρ Κτησιφῶντος περὶ τοῦ στεφάνου,Oratory,grc/demosthenes-athens-defense-ctesiphthe-fsm-ah.grc.md,288476,2414
fsm,fsm-ai,demosthenes-of-athens,demosthenes-athens-defense-rhodians,In Defense of the Rhodians' Freedom,ὑπὲρ τῆς Ῥοδίων ἐλευθερίας,Oratory,grc/demosthenes-athens-defense-rhodians-fsm-ai.grc.md,30884,1976
fsm,fsm-ar,demosthenes-of-athens,demosthenes-athens-indictment-theocrines,Indictment-Theocrines,ἔνδειξις κατὰ Θεοκρίνου,Oratory,grc/demosthenes-athens-indictment-theocrines-fsm-ar.grc.md,62848,2308
fsm,fsm-by,demosthenes-of-athens,demosthenes-athens-letter-philip,Letter of Philip,ἐπιστολή,Oratory,grc/demosthenes-athens-letter-philip-fsm-by.grc.md,21014,1793
fsm,fsm-bl,demosthenes-of-athens,demosthenes-athens-letters,Letters of Demosthenes,Δημοσθένους ἐπιστολαὶ,Oratory,grc/demosthenes-athens-letters-fsm-bl.grc.md,80051,2343
fsm,fsm-cf,demosthenes-of-athens,demosthenes-athens-olynthiac-2,Olynthiac 2,Ὀλυνθιακὸς β΄,Oratory,grc/demosthenes-athens-olynthiac-2-fsm-cf.grc.md,28489,2361
fsm,fsm-cg,demosthenes-of-athens,demosthenes-athens-olynthiac-3,Olynthiac 3,Ὀλυνθιακὸς γ΄,Oratory,grc/demosthenes-athens-olynthiac-3-fsm-cg.grc.md,32247,2455
fsm,fsm-cd,demosthenes-of-athens,demosthenes-athens-alonnessus,On Alonnessus,περὶ Ἀλοννήσου,Oratory,grc/demosthenes-athens-alonnessus-fsm-cd.grc.md,33825,1980
fsm,fsm-az,demosthenes-of-athens,demosthenes-athens-leptines,On Incompletion to Leptines,περὶ τῆς Ἀτελείας πρὸς Λεπτίνην,Oratory,grc/demosthenes-athens-leptines-fsm-az.grc.md,144499,2196
fsm,fsm-cj,demosthenes-of-athens,demosthenes-athens-peace,On Peace,περὶ τῆς εἰρήνης,Oratory,grc/demosthenes-athens-peace-fsm-cj.grc.md,20921,2049
fsm,fsm-ci,demosthenes-of-athens,demosthenes-athens-syntax,On Syntax,περὶ συντάξεως,Oratory,grc/demosthenes-athens-syntax-fsm-ci.grc.md,31482,1790
fsm,fsm-av,demosthenes-of-athens,demosthenes-athens-chersonese-affairs,On the Affairs in Chersonese,περὶ τῶν ἐν Χερρονήσῳ,Oratory,grc/demosthenes-athens-chersonese-affairs-fsm-av.grc.md,56305,2302
fsm,fsm-ao,demosthenes-of-athens,demosthenes-athens-crown-trierarchy,On the Crown of the Trierarchy,περὶ τοῦ Στεφάνου τῆς τριηραρκίας,Oratory,grc/demosthenes-athens-crown-trierarchy-fsm-ao.grc.md,20450,2284
fsm,fsm-cc,demosthenes-of-athens,demosthenes-athens-embassy,On the Embassy,περὶ τῆς παραπρεσβείας,Oratory,grc/demosthenes-athens-embassy-fsm-cc.grc.md,298760,1893
fsm,fsm-bz,demosthenes-of-athens,demosthenes-athens-symmories,On the Symmories,περὶ τῶν συμμοριῶν,Oratory,grc/demosthenes-athens-symmories-fsm-bz.grc.md,35515,2297
fsm,fsm-ap,demosthenes-of-athens,demosthenes-athens-treaties-alexander,On the Treaties with Alexander,περὶ τῶν πρὸς Ἀλέξανδρον συνθηκῶν,Oratory,grc/demosthenes-athens-treaties-alexander-fsm-ap.grc.md,27224,2875
fsm,fsm-aw,demosthenes-of-athens,demosthenes-athens-apaturius-false-entry,To Apaturius for False Entry,πρὸς Ἀπατούριον παραγραφή,Oratory,grc/demosthenes-athens-apaturius-false-entry-fsm-aw.grc.md,35245,2147
fsm,fsm-aa,demosthenes-of-athens,demosthenes-athens-aphobus-phanus-false-testimony,"To Aphobus-Behalf of Phanus for False Testimony, Part 3",πρὸς Ἄφοβον ὑπὲρ Φάνου ψευδομαρτυριῶν γ΄,Oratory,grc/demosthenes-athens-aphobus-phanus-false-testimony-fsm-aa.grc.md,52820,2349
fsm,fsm-as,demosthenes-of-athens,demosthenes-athens-boeotian-dowry,To Boeotian-Maternal Dowry,πρὸς Βοιωτὸν περὶ προικὸς μητρῴας,Oratory,grc/demosthenes-athens-boeotian-dowry-fsm-as.grc.md,51681,1886
fsm,fsm-bm,demosthenes-of-athens,demosthenes-athens-boeotus,To Boeotus-the Name,πρὸς Βοιωτὸν περὶ τοῦ Ὀνόματος,Oratory,grc/demosthenes-athens-boeotus-fsm-bm.grc.md,36362,2563
fsm,fsm-ba,demosthenes-of-athens,demosthenes-athens-callicles-land-damage,To Callicles-Land Damage,πρὸς Καλλικλέα περὶ χωρίου βλάβης,Oratory,grc/demosthenes-athens-callicles-land-damage-fsm-ba.grc.md,29679,2265
fsm,fsm-ce,demosthenes-of-athens,demosthenes-athens-callippus,To Callippus,πρὸς Κάλλιππον,Oratory,grc/demosthenes-athens-callippus-fsm-ce.grc.md,29348,2302
fsm,fsm-bc,demosthenes-of-athens,demosthenes-athens-counterplea,To Lacritus-Counterplea,πρὸς τὴν Λάκριτον παραγραφὴν,Oratory,grc/demosthenes-athens-counterplea-fsm-bc.grc.md,50562,2545
fsm,fsm-aq,demosthenes-of-athens,demosthenes-athens-leocares-archias-estate,To Leocares-Archias' Estate,πρὸς Λεωκάρη περὶ τοῦ Ἀρχιάδου κλήρου,Oratory,grc/demosthenes-athens-leocares-archias-estate-fsm-aq.grc.md,57425,2186
fsm,fsm-al,demosthenes-of-athens,demosthenes-athens-macartatus-hagnius-estate,To Macartatus-Hagnius' Estate,πρὸς Μακάρτατον περὶ Ἁγνίου κλήρου,Oratory,grc/demosthenes-athens-macartatus-hagnius-estate-fsm-al.grc.md,82855,2712
fsm,fsm-ab,demosthenes-of-athens,demosthenes-athens-nicostratus-slaves-arethousa,To Nicostratus-the Census of Slaves in Arethousa,πρὸς Νικόστρατον περὶ ἀνδραπόδων ἀπογραφῆς,Oratory,grc/demosthenes-athens-nicostratus-slaves-arethousa-fsm-ab.grc.md,28317,2465
fsm,fsm-bh,demosthenes-of-athens,demosthenes-athens-onetor-eviction,To Onetor On Eviction A,πρὸς Ὀνήτορα ἐξούλης α΄,Oratory,grc/demosthenes-athens-onetor-eviction-fsm-bh.grc.md,32973,2018
fsm,fsm-bi,demosthenes-of-athens,demosthenes-athens-onetor-eviction,To Onetor On Eviction B,πρὸς Ὀνήτορα ἐξούλης β΄,Oratory,grc/demosthenes-athens-onetor-eviction-fsm-bi.grc.md,14234,2051
fsm,fsm-bd,demosthenes-of-athens,demosthenes-athens-phainippus-exchange,To Phainippus-Exchange,πρὸς Φαίνιππον περὶ ἀντιδόσεως,Oratory,grc/demosthenes-athens-phainippus-exchange-fsm-bd.grc.md,31023,2252
fsm,fsm-bt,demosthenes-of-athens,demosthenes-athens-phormio-loan,To Phormio-Loan,πρὸς Φορμίωνα ὑπὲρ δανείου,Oratory,grc/demosthenes-athens-phormio-loan-fsm-bt.grc.md,44398,2193
fsm,fsm-aj,demosthenes-of-athens,demosthenes-athens-polycles-trierarch,To Polycles-the Trierarch's Duty,πρὸς Πολυκλέα περὶ τοῦ ἐπιτριηραρχήματος,Oratory,grc/demosthenes-athens-polycles-trierarch-fsm-aj.grc.md,61197,2363
fsm,fsm-bo,demosthenes-of-athens,demosthenes-athens-spoudias-dowry,To Spoudias-Dowry,πρὸς Σπουδίαν ὑπὲρ προικός,Oratory,grc/demosthenes-athens-spoudias-dowry-fsm-bo.grc.md,27850,2130
fsm,fsm-bj,demosthenes-of-athens,demosthenes-athens-letter-philip,To the Letter of Philip,πρὸς τὴν ἐπιστολήν τὴν Φιλίππου,Oratory,grc/demosthenes-athens-letter-philip-fsm-bj.grc.md,19193,2068
fsm,fsm-bu,demosthenes-of-athens,demosthenes-athens-timothy,To Timothy-Debt,πρὸς Τιμόθεον ὑπὲρ χρέως,Oratory,grc/demosthenes-athens-timothy-fsm-bu.grc.md,57150,2194
fsm,fsm-ax,demosthenes-of-athens,demosthenes-athens-zenothemis-counterplea,To Zenothemis-Counterplea,πρὸς Ζηνόθεμιν παραγραφή,Oratory,grc/demosthenes-athens-zenothemis-counterplea-fsm-ax.grc.md,26687,2352
mfi,mfi-ab,demosthenes-of-bithynia,demosthenes-bithynia-geographical-fragments,Geographical Fragments of Bithynia,Ἀποσπάσματα περὶ τῆς Βιθυνίας,Epic,grc/demosthenes-bithynia-geographical-fragments-mfi-ab.grc.md,8273,1798
mfi,mfi-aa,demosthenes-of-bithynia,demosthenes-bithynia-geographical-fragments,Geographical Fragments on Bithynia,Ἀποσπάσματα περὶ Βιθυνίας Γεωγραφικά,Epic,grc/demosthenes-bithynia-geographical-fragments-mfi-aa.grc.md,2992,1748
vky,vky-aa,demosthenes-scholia,demosthenes-scholia-text,Scholia-Demosthenes,Σχόλια εἰς Δημοσθένη,Scholia,grc/demosthenes-scholia-text-vky-aa.grc.md,2307029,2156
gok,gok-aa,dercyllus-the-historian,dercyllus-regional-histories-myths,Regional Histories and Myths,Ἀποσπάσματα,History,grc/dercyllus-regional-histories-myths-gok-aa.grc.md,7229,1591
rpi,rpi-aa,dexippus-of-athens,dexippus-athens-successors,History of the Successors,Ἀποσπάσματα,History,grc/dexippus-athens-successors-rpi-aa.grc.md,95970,1855
sfw,sfw-aa,dexippus-the-neoplatonist,dexippus-commentary-aristotle,Commentary-Aristotle in Greek,Σχόλια εἰς τὰς Κατηγορίας τοῦ Ἀριστοτέλους,Philosophy,grc/dexippus-commentary-aristotle-sfw-aa.grc.md,264656,1903
dse,dse-aa,diagoras-of-melos,diagoras-melos-nature-gods,On the Nature of the Gods,Ἀποσπάσματα,Poetry,grc/diagoras-melos-nature-gods-dse-aa.grc.md,2489,1849
cje,cje-aa,dialexeis,dialexeis-good-evil,On Good and Evil,Ἀποσπάσματα,Philosophy,grc/dialexeis-good-evil-cje-aa.grc.md,43926,2235
grw,grw-aa,dicaeogenes,dicaeogenes-love-family,Fragments on Love and Family,Ἀποσπάσματα περὶ Ἔρωτος καὶ Οἰκίας,Drama,grc/dicaeogenes-love-family-grw-aa.grc.md,2872,1803
otc,otc-ab,dictys-cretensis,dictys-cretensis-trojan-war,Fragments on the Trojan War,Ἀποσπάσματα περὶ τοῦ Τρωικοῦ Πολέμου,History,grc/dictys-cretensis-trojan-war-otc-ab.grc.md,41859,2219
otc,otc-aa,dictys-cretensis,dictys-cretensis-testimonies,Testimonies,Μαρτυρίαι,History,grc/dictys-cretensis-testimonies-otc-aa.grc.md,8499,1790
nam,nam-ab,didymus-chalcenterus,didymus-chalcenterus-on-demosthenes,On Demosthenes,Περὶ Δημοσθένους,Grammar,grc/didymus-chalcenterus-on-demosthenes-nam-ab.grc.md,70042,2057
nam,nam-aa,didymus-chalcenterus,didymus-chalcenterus-doubtful-readings,On Doubtful Readings in Plato,Περὶ Ἀμφιβόλων Ἀναγνώσεων ἐν Πλάτωνι,Grammar,grc/didymus-chalcenterus-doubtful-readings-nam-aa.grc.md,24231,1807
nru,nru-aa,didymus-the-writer,didymus-measures-marbles,Measurements of Marbles,Μέτρα μαρμάρων,Grammar,grc/didymus-measures-marbles-nru-aa.grc.md,17205,1750
cmg,cmg-aa,dieuchidas-of-megara,dieuchidas-megara-local-history,Megarian Local History Fragments,Ἀποσπάσματα,History,grc/dieuchidas-megara-local-history-cmg-aa.grc.md,12080,1990
hqm,hqm-ab,dinarchus-the-orator,dinarchus-against-aristogeiton,Against Aristogeiton,Κατὰ Ἀριστογείτονος,Oratory,grc/dinarchus-against-aristogeiton-hqm-ab.grc.md,25329,1922
hqm,hqm-ac,dinarchus-the-orator,dinarchus-against-demosthenes,Against Demosthenes,Κατὰ Δημοσθένους,Oratory,grc/dinarchus-against-demosthenes-hqm-ac.grc.md,100887,2054
hqm,hqm-ad,dinarchus-the-orator,dinarchus-against-philocles,Against Philocles,Κατὰ Φιλοκλέους,Oratory,grc/dinarchus-against-philocles-hqm-ad.grc.md,20388,2166
hqm,hqm-aa,dinarchus-the-orator,dinarchus-uncertain-fragments,Fragments of Uncertain Placement,Ἀποσπάσματα ἀδήλου θέσεως,Oratory,grc/dinarchus-uncertain-fragments-hqm-aa.grc.md,12247,1990
hqm,hqm-ae,dinarchus-the-orator,dinarchus-prosecution-polyeuktos,Prosecution of Polyεύktos,Ἀποσπάσματα,Oratory,grc/dinarchus-prosecution-polyeuktos-hqm-ae.grc.md,97442,2402
bta,bta-aa,dinias-of-argos,dinias-argos-historical-fragments,Argive Historical Fragments,Ἀποσπάσματα,History,grc/dinias-argos-historical-fragments-bta-aa.grc.md,8938,1460
bta,bta-ab,dinias-of-argos,dinias-argos-orestes-fragments,Fragments on the Orestes Myth,Ἀποσπάσματα περὶ τοῦ Μύθου Ὀρέστου,History,grc/dinias-argos-orestes-fragments-bta-ab.grc.md,3266,2170
ftg,ftg-aa,dinon-of-colophon,dinon-colophon-persian-assyrian-histories,Persian and Assyrian Histories,Ἀποσπάσματα,History,grc/dinon-colophon-persian-assyrian-histories-ftg-aa.grc.md,24702,1937
rhq,rhq-ao,dio-cassius-of-nicaea,dio-cassius-nicaea-uncertain-remains,Remains of Uncertain Position,Λείψανα Ἀβέβαιου Θέσεως,History,grc/dio-cassius-nicaea-uncertain-remains-rhq-ao.grc.md,7578,1892
rhq,rhq-ac,dio-cassius-of-nicaea,dio-cassius-nicaea-roman-histories,"Roman Histories, Constantinian Excerpts with Dion's Words",Ἱστορίαι Ῥωμαϊκαί,History,grc/dio-cassius-nicaea-roman-histories-rhq-ac.grc.md,20992,2459
rhq,rhq-ab,dio-cassius-of-nicaea,dio-cassius-nicaea-roman-histories-excerpts,"Roman Histories, John of Antioch's Excerpts Derived from Dion",Ἱστορίαι Ῥωμαϊκαί,History,grc/dio-cassius-nicaea-roman-histories-excerpts-rhq-ab.grc.md,62219,1864
rhq,rhq-aa,dio-cassius-of-nicaea,dio-cassius-nicaea-vatican-excerpts,"Roman Histories, Peter the Patrician's Vatican or Maian Excerpts",Ἱστορίαι Ῥωμαϊκαί,History,grc/dio-cassius-nicaea-vatican-excerpts-rhq-aa.grc.md,49703,2434
rhq,rhq-ad,dio-cassius-of-nicaea,dio-cassius-nicaea-roman-histories,"Roman Histories, Photius, Library Code 71",Ἱστορίαι Ῥωμαϊκαί,History,grc/dio-cassius-nicaea-roman-histories-rhq-ad.grc.md,6020,2258
rhq,rhq-am,dio-cassius-of-nicaea,dio-cassius-nicaea-planudean-excerpts,"Roman Histories, Planudean Excerpts",Ἱστορίαι Ῥωμαϊκαί,History,grc/dio-cassius-nicaea-planudean-excerpts-rhq-am.grc.md,5347,2434
rhq,rhq-an,dio-cassius-of-nicaea,dio-cassius-nicaea-roman-histories,"Roman Histories, Salmasian Excerpts",Ἱστορίαι Ῥωμαϊκαί,History,grc/dio-cassius-nicaea-roman-histories-rhq-an.grc.md,23322,2034
rhq,rhq-ae,dio-cassius-of-nicaea,dio-cassius-nicaea-roman-histories-1,"Roman Histories, Version 1 in Volume 1",Ἱστορίαι Ῥωμαϊκαί,History,grc/dio-cassius-nicaea-roman-histories-1-rhq-ae.grc.md,687276,2040
rhq,rhq-af,dio-cassius-of-nicaea,dio-cassius-nicaea-roman-histories-1-2,"Roman Histories, Version 1 in Volume 2",Ἱστορίαι Ῥωμαϊκαί,History,grc/dio-cassius-nicaea-roman-histories-1-2-rhq-af.grc.md,3823,2077
rhq,rhq-ag,dio-cassius-of-nicaea,dio-cassius-nicaea-roman-histories-1-3,"Roman Histories, Version 1 in Volume 3",Ἱστορίαι Ῥωμαϊκαί,History,grc/dio-cassius-nicaea-roman-histories-1-3-rhq-ag.grc.md,49185,2139
rhq,rhq-ah,dio-cassius-of-nicaea,dio-cassius-nicaea-roman-histories-v2-v1,"Roman Histories, Version 2 in Volume 1",Ἱστορίαι Ῥωμαϊκαί,History,grc/dio-cassius-nicaea-roman-histories-v2-v1-rhq-ah.grc.md,25016,2106
rhq,rhq-ai,dio-cassius-of-nicaea,dio-cassius-nicaea-roman-histories-2,"Roman Histories, Version 2 in Volume 2",Ἱστορίαι Ῥωμαϊκαί,History,grc/dio-cassius-nicaea-roman-histories-2-rhq-ai.grc.md,6686,2146
rhq,rhq-aj,dio-cassius-of-nicaea,dio-cassius-nicaea-roman-histories-2-3,"Roman Histories, Version 2 in Volume 3",Ἱστορίαι Ῥωμαϊκαί,History,grc/dio-cassius-nicaea-roman-histories-2-3-rhq-aj.grc.md,11053,1593
rhq,rhq-ak,dio-cassius-of-nicaea,dio-cassius-nicaea-roman-histories-3-1,"Roman Histories, Version 3 in Volume 1",Ἱστορίαι Ῥωμαϊκαί,History,grc/dio-cassius-nicaea-roman-histories-3-1-rhq-ak.grc.md,3552,2187
rhq,rhq-al,dio-cassius-of-nicaea,dio-cassius-nicaea-roman-histories,"Roman Histories, Xiphilinus' Epitome",Ἱστορίαι Ῥωμαϊκαί,History,grc/dio-cassius-nicaea-roman-histories-rhq-al.grc.md,1339143,1892
rhq,rhq-ap,dio-cassius-of-nicaea,dio-cassius-nicaea-roman-history,Roman History,Ῥωμαϊκὴ Ἱστορία,History,grc/dio-cassius-nicaea-roman-history-rhq-ap.grc.md,4563664,2084
rhq,rhq-aq,dio-cassius-of-nicaea,dio-cassius-nicaea-testimonies,Testimonies,Μαρτυρίαι,History,grc/dio-cassius-nicaea-testimonies-rhq-aq.grc.md,3538,1892
okq,okq-aa,dio-chrysostom-of-prusa,dio-chrysostom-encom-hair,encom-Hair,Ἐγκώμιον εἰς τὴν κόμην,Oratory,grc/dio-chrysostom-encom-hair-okq-aa.grc.md,7111,1918
okq,okq-ab,dio-chrysostom-of-prusa,dio-chrysostom-household-management,Fragments on Household Management,Ἀποσπάσματα περὶ Οἰκονομίας,Oratory,grc/dio-chrysostom-household-management-okq-ab.grc.md,6451,2231
okq,okq-ac,dio-chrysostom-of-prusa,dio-chrysostom-orations,Orations,Λόγοι,Oratory,grc/dio-chrysostom-orations-okq-ac.grc.md,2239650,1725
dam,dam-aa,diocles-comicus,diocles-domestic-comedy,Domestic Comedy Fragments,Ἀποσπάσματα,Comedy,grc/diocles-domestic-comedy-dam-aa.grc.md,3389,1735
dam,dam-ab,diocles-comicus,diocles-domestic-comedy,Domestic Comedy Fragments,Ἀποσπάσματα,Comedy,grc/diocles-domestic-comedy-dam-ab.grc.md,3710,2312
nji,nji-aa,diodorus-of-sardis,diodorus-sardis-epigrams,Epigrams,Ἐπιγράμματα,Oratory,grc/diodorus-sardis-epigrams-nji-aa.grc.md,4461,1540
nde,nde-aa,diodorus-of-sicily,diodorus-sicily-uncertain-fragments,Fragments of Uncertain Placement,Ἀποσπάσματα Ἀδήλου Θέσεως,History,grc/diodorus-sicily-uncertain-fragments-nde-aa.grc.md,9306,2329
nde,nde-ab,diodorus-of-sicily,diodorus-sicily-historical-library-18-20,"Historical Library, Books 18-20",Βιβλιοθήκη Ἱστορική,History,grc/diodorus-sicily-historical-library-18-20-nde-ab.grc.md,5443735,2450
nde,nde-ac,diodorus-of-sicily,diodorus-sicily-historical-library-21-40,"Historical Library, Books 21-40",Βιβλιοθήκη Ἱστορική,History,grc/diodorus-sicily-historical-library-21-40-nde-ac.grc.md,849178,2340
jdi,jdi-aa,diodorus-of-sinope,diodorus-sinope-parasites-drinking,On Parasites and Drinking,Ἀποσπάσματα,Comedy,grc/diodorus-sinope-parasites-drinking-jdi-aa.grc.md,6948,2028
jdi,jdi-ab,diodorus-of-sinope,diodorus-sinope-parasitic-dining,On Parasitic Dining,Ἀποσπάσματα,Comedy,grc/diodorus-sinope-parasitic-dining-jdi-ab.grc.md,7140,2227
mrq,mrq-aa,diodorus-of-tyre,diodorus-tyre-goal-of-life,On the Goal of Life,Ἀπόσπασμα,Philosophy,grc/diodorus-tyre-goal-of-life-mrq-aa.grc.md,2571,1823
loa,loa-aa,diodorus-the-periegete,diodorus-periegete-monuments-tombs,On Monuments and Tombs,Ἀποσπάσματα,Geography,grc/diodorus-periegete-monuments-tombs-loa-aa.grc.md,14120,1752
nse,nse-aa,diodorus-the-rhetorician,diodorus-rhetor-two-men,Fragment-Two Men,Ἀπόσπασμα περὶ Δύο Ἀνδρῶν,Oratory,grc/diodorus-rhetor-two-men-nse-aa.grc.md,10956,1293
rjo,rjo-ak,diogenes-laertius,diogenes-laertius-epigrams,Epigrams,Ἐπιγράμματα,Biography,grc/diogenes-laertius-epigrams-rjo-ak.grc.md,16001,501
rjo,rjo-aa,diogenes-laertius,diogenes-laertius-lives-seven-sages,Lives and Opinions: Book I (Seven Sages),"Βίοι καὶ γνῶμαι τῶν ἐν φιλοσοφίᾳ εὐδοκιμησάντων, Αʹ",Biography,grc/diogenes-laertius-lives-seven-sages-rjo-aa.grc.md,148221,741
rjo,rjo-ab,diogenes-laertius,diogenes-laertius-lives-socratics,Lives and Opinions: Book II (Socratics),"Βίοι καὶ γνῶμαι τῶν ἐν φιλοσοφίᾳ εὐδοκιμησάντων, Βʹ",Biography,grc/diogenes-laertius-lives-socratics-rjo-ab.grc.md,171302,735
rjo,rjo-ac,diogenes-laertius,diogenes-laertius-lives-plato,Lives and Opinions: Book III (Plato),"Βίοι καὶ γνῶμαι τῶν ἐν φιλοσοφίᾳ εὐδοκιμησάντων, Γʹ",Biography,grc/diogenes-laertius-lives-plato-rjo-ac.grc.md,120594,721
rjo,rjo-ad,diogenes-laertius,diogenes-laertius-lives-academy,Lives and Opinions: Book IV (Academy),"Βίοι καὶ γνῶμαι τῶν ἐν φιλοσοφίᾳ εὐδοκιμησάντων, Δʹ",Biography,grc/diogenes-laertius-lives-academy-rjo-ad.grc.md,79318,727
rjo,rjo-ai,diogenes-laertius,diogenes-laertius-lives-atomists-sceptics,Lives and Opinions: Book IX (Atomists and Sceptics),"Βίοι καὶ γνῶμαι τῶν ἐν φιλοσοφίᾳ εὐδοκιμησάντων, Θʹ",Biography,grc/diogenes-laertius-lives-atomists-sceptics-rjo-ai.grc.md,136822,775
rjo,rjo-ae,diogenes-laertius,diogenes-laertius-lives-peripatetics,Lives and Opinions: Book V (Peripatetics),"Βίοι καὶ γνῶμαι τῶν ἐν φιλοσοφίᾳ εὐδοκιμησάντων, Εʹ",Biography,grc/diogenes-laertius-lives-peripatetics-rjo-ae.grc.md,111485,745
rjo,rjo-af,diogenes-laertius,diogenes-laertius-lives-cynics,Lives and Opinions: Book VI (Cynics),"Βίοι καὶ γνῶμαι τῶν ἐν φιλοσοφίᾳ εὐδοκιμησάντων, ΣΤʹ",Biography,grc/diogenes-laertius-lives-cynics-rjo-af.grc.md,122087,727
rjo,rjo-ag,diogenes-laertius,diogenes-laertius-lives-stoics,Lives and Opinions: Book VII (The Stoics),"Βίοι καὶ γνῶμαι τῶν ἐν φιλοσοφίᾳ εὐδοκιμησάντων, Ζ′",Biography,grc/diogenes-laertius-lives-stoics-rjo-ag.grc.md,237441,735
rjo,rjo-ah,diogenes-laertius,diogenes-laertius-lives-pythagoreans,Lives and Opinions: Book VIII (Pythagoreans),"Βίοι καὶ γνῶμαι τῶν ἐν φιλοσοφίᾳ εὐδοκιμησάντων, Ηʹ",Biography,grc/diogenes-laertius-lives-pythagoreans-rjo-ah.grc.md,104563,751
rjo,rjo-aj,diogenes-laertius,diogenes-laertius-lives-epicurus,Lives and Opinions: Book X (Epicurus),"Βίοι καὶ γνῶμαι τῶν ἐν φιλοσοφίᾳ εὐδοκιμησάντων, Ιʹ",Biography,grc/diogenes-laertius-lives-epicurus-rjo-aj.grc.md,180128,729
bze,bze-ab,diogenes-of-apollonia,diogenes-apollonia-universe,On the Nature of the Universe,Ἀποσπάσματα,Philosophy,grc/diogenes-apollonia-universe-bze-ab.grc.md,16768,1743
bze,bze-aa,diogenes-of-apollonia,diogenes-apollonia-testimonies,Testimonies,Μαρτυρίαι,Philosophy,grc/diogenes-apollonia-testimonies-bze-aa.grc.md,32559,2019
cjy,cjy-aa,diogenes-of-athens,diogenes-athens-foreign-rites,Fragments on Foreign Rites,Ἀποσπάσματα περὶ Ξένων Ἱερῶν,Drama,grc/diogenes-athens-foreign-rites-cjy-aa.grc.md,2994,1792
lxq,lxq-aa,diogenes-of-babylon,diogenes-babylon-testimonies,Testimonies and Fragments,Μαρτυρίαι καὶ Ἀποσπάσματα,Philosophy,grc/diogenes-babylon-testimonies-lxq-aa.grc.md,123758,1958
gou,gou-aa,diogenes-of-cyzicus,diogenes-cyzicus-persian-customs,On Cyzicus and Persian Customs,Ἀποσπάσματα,History,grc/diogenes-cyzicus-persian-customs-gou-aa.grc.md,3498,1668
peg,peg-aa,diogenes-of-oenoanda,diogenes-oenoanda-sensation-nature,On Sensation and Nature,Ἀποσπάσματα,Philosophy,grc/diogenes-oenoanda-sensation-nature-peg-aa.grc.md,152305,1836
fak,fak-aa,diogenes-of-sinope,diogenes-sinope-maxims-virtue-fortune,Cynic Maxims on Virtue and Fortune,Ἀποσπάσματα,Philosophy,grc/diogenes-sinope-maxims-virtue-fortune-fak-aa.grc.md,4247,1675
fic,fic-aa,diogenes-of-sinope-the-cynic,diogenes-sinope-letters-exile,Cynic Letters on Exile,Ἐπιστολαὶ περὶ Φυγῆς,,grc/diogenes-sinope-letters-exile-fic-aa.grc.md,112684,2005
pdm,pdm-aa,diogenianus-of-heraclea,diogenianus-heraclea-proverbs,Proverbs Epitome,Παροιμίαι,Grammar,grc/diogenianus-heraclea-proverbs-pdm-aa.grc.md,66694,1802
pdm,pdm-ab,diogenianus-of-heraclea,diogenianus-heraclea-proverbs,Proverbs of Diogenianus,Παροιμίαι δημώδεις ἐκ τῆς Διογενιανοῦ συναγωγῆς,Grammar,grc/diogenianus-heraclea-proverbs-pdm-ab.grc.md,150356,1987
pby,pby-aa,diogenianus-the-grammarian,diogenianus-fate-homer,Fragments on Fate and Homer,Ἀποσπάσματα περὶ Εἱμαρμένης καὶ Ὁμήρου,Philosophy,grc/diogenianus-fate-homer-pby-aa.grc.md,33216,2060
mdk,mdk-aa,dionysius-letters,dionysius-letters-recommendations,Letters of Recommendation,Ἐπιστολαὶ περὶ Συστατικῶν,Oratory,grc/dionysius-letters-recommendations-mdk-aa.grc.md,5278,1697
rna,rna-ab,dionysius-of-alexandria,dionysius-alexandria-world-description,Description of the World,Περιγραφὴ τοῦ Κόσμου,Geography,grc/dionysius-alexandria-world-description-rna-ab.grc.md,104118,1928
rna,rna-aa,dionysius-of-alexandria,dionysius-alexandria-ixeuticon-hunting,"Ixeuticon or-Hunting, Paraphrase",Ἰξευτικόν ἢ Περὶ Κυνηγεσίας,Geography,grc/dionysius-alexandria-ixeuticon-hunting-rna-aa.grc.md,103599,1902
rna,rna-ac,dionysius-of-alexandria,dionysius-alexandria-lithica,On Stones or Lithica,Περὶ Λίθων,Geography,grc/dionysius-alexandria-lithica-rna-ac.grc.md,1974,1385
oug,oug-aa,dionysius-of-antioch,dionysius-antioch-letters-philoxenus,Letters to Philoxenus,Ἐπιστολαὶ πρὸς Φιλόξενον,Oratory,grc/dionysius-antioch-letters-philoxenus-oug-aa.grc.md,56111,1907
dzw,dzw-aa,dionysius-of-argos,dionysius-argos-chronological-homeric-fragments,Chronological and Homeric Fragments,Ἀποσπάσματα,History,grc/dionysius-argos-chronological-homeric-fragments-dzw-aa.grc.md,3429,1902
qtk,qtk-aa,dionysius-of-byzantium,dionysius-byzantium-navigation-bosporus,On the Navigation of the Bosporus,Περὶ τῆς Πλοηγίας τοῦ Βοσπόρου,Geography,grc/dionysius-byzantium-navigation-bosporus-qtk-aa.grc.md,55314,1842
gpe,gpe-aa,dionysius-of-chalcis,dionysius-chalcis-foundations-cities,Foundations of Cities,Ἀποσπάσματα,History,grc/dionysius-chalcis-foundations-cities-gpe-aa.grc.md,9696,1666
qrw,qrw-aa,dionysius-of-corinth,dionysius-corinth-christian-charity,On Christian Charity and Tradition,Ἀποσπάσματα,Epic,grc/dionysius-corinth-christian-charity-qrw-aa.grc.md,9719,1663
ndy,ndy-aq,dionysius-of-halicarnassus,dionysius-halicarnassus-chronological-rome,Chronological Fragments on Rome,Ἀποσπάσματα περὶ Ῥώμης Χρονολογικά,History,grc/dionysius-halicarnassus-chronological-rome-ndy-aq.grc.md,25450,2620
ndy,ndy-ai,dionysius-of-halicarnassus,dionysius-halicarnassus-isaeus,Isaeus the Athenian,Ἰσαῖος Ἀθηναῖος,History,grc/dionysius-halicarnassus-isaeus-ndy-ai.grc.md,70193,2250
ndy,ndy-ag,dionysius-of-halicarnassus,dionysius-halicarnassus-isocrates,Isocrates the Athenian,Ἰσοκρατης Ἀθηναῖος,History,grc/dionysius-halicarnassus-isocrates-ndy-ag.grc.md,84952,2186
ndy,ndy-ak,dionysius-of-halicarnassus,dionysius-halicarnassus-ammaeus,Letter to Ammaeus,Ἐπιστολὴ πρὸς Ἀμμαῖον,History,grc/dionysius-halicarnassus-ammaeus-ndy-ak.grc.md,47363,2047
ndy,ndy-aj,dionysius-of-halicarnassus,dionysius-halicarnassus-pompeius,Letter to Pompeius,Ἐπιστολὴ πρὸς Πομπήιον,History,grc/dionysius-halicarnassus-pompeius-ndy-aj.grc.md,59110,2313
ndy,ndy-ac,dionysius-of-halicarnassus,dionysius-halicarnassus-lysias-syracusan,Lysias the Syracusan by Descent,Λυσίας συρακούσιος πατρόθεν,History,grc/dionysius-halicarnassus-lysias-syracusan-ndy-ac.grc.md,101794,2598
ndy,ndy-an,dionysius-of-halicarnassus,dionysius-halicarnassus-deinarchus,On Deinarchus,Περὶ Δεινάρχου,History,grc/dionysius-halicarnassus-deinarchus-ndy-an.grc.md,57977,3273
ndy,ndy-ap,dionysius-of-halicarnassus,dionysius-halicarnassus-imitation,On Imitation,Περὶ Μιμήσεως,History,grc/dionysius-halicarnassus-imitation-ndy-ap.grc.md,29067,1954
ndy,ndy-ah,dionysius-of-halicarnassus,dionysius-halicarnassus-ancient-orators,On the Ancient Orators,Περὶ τῶν ἀρχαίων ῥητόρων,History,grc/dionysius-halicarnassus-ancient-orators-ndy-ah.grc.md,13340,1925
ndy,ndy-ad,dionysius-of-halicarnassus,dionysius-halicarnassus-composition-names,On the Composition of Names,Περὶ συνθέσεως ὀνομάτων,History,grc/dionysius-halicarnassus-composition-names-ndy-ad.grc.md,257796,1849
ndy,ndy-ae,dionysius-of-halicarnassus,dionysius-halicarnassus-composition-words,On the Composition of Words,Περὶ Συνθέσεως Λέξεων,History,grc/dionysius-halicarnassus-composition-words-ndy-ae.grc.md,121040,2181
ndy,ndy-ab,dionysius-of-halicarnassus,dionysius-halicarnassus-idioms-ammonius,On the Idioms of Thucydides to Ammonius,Περὶ τῶν Θουκιδίδου ἰδιωμάτων πρὸς Ἀμμαῖον,History,grc/dionysius-halicarnassus-idioms-ammonius-ndy-ab.grc.md,36446,2353
ndy,ndy-af,dionysius-of-halicarnassus,dionysius-halicarnassus-demosthenes-style,On the Style of Demosthenes,Περί της Δημοσθένους λέξεως,History,grc/dionysius-halicarnassus-demosthenes-style-ndy-af.grc.md,278805,2100
ndy,ndy-ao,dionysius-of-halicarnassus,dionysius-halicarnassus-thucydides,On Thucydides,Περὶ Θουκιδίδου,History,grc/dionysius-halicarnassus-thucydides-ndy-ao.grc.md,219109,1895
ndy,ndy-aa,dionysius-of-halicarnassus,dionysius-halicarnassus-second-book-orators,Remains of the Second Book-Ancient Orators,Λείψανα Βιβλίου Δευτέρου περὶ ἀρχαίων ῥητόρων,History,grc/dionysius-halicarnassus-second-book-orators-ndy-aa.grc.md,4905,2017
ndy,ndy-am,dionysius-of-halicarnassus,dionysius-halicarnassus-rhetoric,Rhetorical Art,Ῥητορικὴ Τέχνη,History,grc/dionysius-halicarnassus-rhetoric-ndy-am.grc.md,285537,1899
ndy,ndy-al,dionysius-of-halicarnassus,dionysius-halicarnassus-roman-antiquities,Roman Antiquities,Ῥωμαϊκὴ Ἀρχαιολογία,History,grc/dionysius-halicarnassus-roman-antiquities-ndy-al.grc.md,3709962,2458
ndy,ndy-ar,dionysius-of-halicarnassus,dionysius-halicarnassus-testimony,Testimony,Μαρτυρία,History,grc/dionysius-halicarnassus-testimony-ndy-ar.grc.md,2520,1925
cvc,cvc-aa,dionysius-of-miletus,dionysius-miletus-alphabet-history,On the Alphabet and Early History,Ἀποσπάσματα,History,grc/dionysius-miletus-alphabet-history-cvc-aa.grc.md,2649,1515
kau,kau-ab,dionysius-of-mytilene,dionysius-mytilene-argonautica,Argonautic Genealogical Fragments,Ἀποσπάσματα,Grammar,grc/dionysius-mytilene-argonautica-kau-ab.grc.md,149606,1938
kau,kau-ac,dionysius-of-mytilene,dionysius-mytilene-trojan-war-fragments,Fragments on the Trojan War,Ἀποσπάσματα περὶ τοῦ Τρωικοῦ Πολέμου,Grammar,grc/dionysius-mytilene-trojan-war-fragments-kau-ac.grc.md,2494,1813
kau,kau-aa,dionysius-of-mytilene,dionysius-mytilene-testimonies,Testimonies,Μαρτυρίαι,Grammar,grc/dionysius-mytilene-testimonies-kau-aa.grc.md,4062,1557
mki,mki-aa,dionysius-of-rhodes,dionysius-rhodes-cyclical-history,Cyclical History Fragments,Ἀποσπάσματα,History,grc/dionysius-rhodes-cyclical-history-mki-aa.grc.md,10179,1630
fsc,fsc-aa,dionysius-of-sinope,dionysius-sinope-cooking-strategy,Fragments on Cooking and Strategy,Ἀποσπάσματα περὶ Μαγειρικῆς καὶ Στρατηγικῆς,Comedy,grc/dionysius-sinope-cooking-strategy-fsc-aa.grc.md,9782,1972
fsc,fsc-ab,dionysius-of-sinope,dionysius-sinope-cooking-strategy,Fragments on Cooking and Strategy,Ἀποσπάσματα περὶ Μαγειρικῆς καὶ Στρατηγικῆς,Comedy,grc/dionysius-sinope-cooking-strategy-fsc-ab.grc.md,9623,1943
eii,eii-aa,dionysius-of-syracuse,dionysius-syracuse-philosophical-maxims,Fragments of Philosophical Maxims,Ἀποσπάσματα φιλοσοφικῶν γνωμῶν,Drama,grc/dionysius-syracuse-philosophical-maxims-eii-aa.grc.md,4458,1884
jkg,jkg-aa,dionysius-son-of-calliphon,dionysius-calliphon-description-greece,Description of Greece by Dionysius Son of Calliphon,Περιγραφὴ τῆς Ἑλλάδος Διονυσίου τοῦ Καλλιφῶντος,Geography,grc/dionysius-calliphon-description-greece-jkg-aa.grc.md,13792,1713
cwg,cwg-aa,dionysius-the-brazen,dionysius-brazen-sympotic-verses,Sympotic Verses for Dionysius,Ἀποσπάσματα,Poetry,grc/dionysius-brazen-sympotic-verses-cwg-aa.grc.md,4273,1700
hje,hje-aa,dionysius-the-renegade,dionysius-renegade-pleasure-conduct,Fragments on Pleasure and Conduct,Ἀποσπάσματα περὶ Ἡδονῆς καὶ Ἀγωγῆς,Philosophy,grc/dionysius-renegade-pleasure-conduct-hje-aa.grc.md,12002,2311
mui,mui-ab,dionysius-the-thracian,dionysius-thrace-homeric-pronunciation,Fragments on Homeric Pronunciation,Ἀποσπάσματα περὶ τῆς Ὁμηρικῆς Προφορᾶς,Grammar,grc/dionysius-thrace-homeric-pronunciation-mui-ab.grc.md,35786,1943
mui,mui-aa,dionysius-the-thracian,dionysius-thrace-grammatical-art,Grammatical Art,Γραμματικὴ Τέχνη,Grammar,grc/dionysius-thrace-grammatical-art-mui-aa.grc.md,42385,2651
mui,mui-ad,dionysius-the-thracian,dionysius-thrace-foundation-tarsus,On the Foundation of Tarsus,Ἀπόσπασμα,Grammar,grc/dionysius-thrace-foundation-tarsus-mui-ad.grc.md,2418,1567
mui,mui-ac,dionysius-the-thracian,dionysius-thrace-testimony,Testimony,Μαρτυρία,Grammar,grc/dionysius-thrace-testimony-mui-ac.grc.md,2480,1656
tag,tag-aa,dionysius-the-voyager-lives,dionysius-voyager-life,Life of Dionysius,Βίος Διονυσίου,Biography,grc/dionysius-voyager-life-tag-aa.grc.md,12450,1431
pbe,pbe-aa,dionysius-the-voyager,dionysius-alexandria-geographical-fragments,Geographical Fragments of Asia Minor,Ἀποσπάσματα περὶ τῆς Μικρᾶς Ἀσίας,Epic,grc/dionysius-alexandria-geographical-fragments-pbe-aa.grc.md,22825,2131
lvi,lvi-aa,dionysius-thrax-commentary,comm-dionysius-thrax-little-commentary,Byzantine Little Commentary,Μικρὸν Βυζαντινὸν Ὑπόμνημα,Scholia,grc/comm-dionysius-thrax-little-commentary-lvi-aa.grc.md,103275,1789
lvi,lvi-af,dionysius-thrax-commentary,comm-dionysius-thrax-text,Commentary on Dionysius Thrax (Recension A),Ὑπόμνημα,Scholia,grc/comm-dionysius-thrax-text-lvi-af.grc.md,210404,2008
lvi,lvi-ag,dionysius-thrax-commentary,comm-dionysius-thrax-text,Commentary on Dionysius Thrax (Recension B),Ὑπόμνημα,Scholia,grc/comm-dionysius-thrax-text-lvi-ag.grc.md,163974,1936
lvi,lvi-ab,dionysius-thrax-commentary,comm-dionysius-thrax-introduction-voss,Introduction to the Grammar of Dionysius (Voss Recension),Προλεγόμενα εἰς τὴν Τέχνην Διονυσίου (Βοσσιανά),Scholia,grc/comm-dionysius-thrax-introduction-voss-lvi-ab.grc.md,40931,2250
lvi,lvi-ae,dionysius-thrax-commentary,comm-dionysius-thrax-london,London Scholia,Σχόλια Λονδινά,Scholia,grc/comm-dionysius-thrax-london-lvi-ae.grc.md,529947,1862
lvi,lvi-ac,dionysius-thrax-commentary,comm-dionysius-thrax-marcian,Marcian Scholia,Σχόλια Μαρκιανά,Scholia,grc/comm-dionysius-thrax-marcian-lvi-ac.grc.md,698871,1943
lvi,lvi-ad,dionysius-thrax-commentary,comm-dionysius-thrax-vatican-scholia,Vatican Scholia,Σχόλια Βατικανά,Scholia,grc/comm-dionysius-thrax-vatican-scholia-lvi-ad.grc.md,762374,1736
rqc,rqc-aa,diophantus-of-alexandria,diophantus-alexandria-pontic-histories,Fragments on Pontic Histories,Ἀποσπάσματα περὶ Ποντικῶν Ἱστοριῶν,Mathematics,grc/diophantus-alexandria-pontic-histories-rqc-aa.grc.md,3175,1994
rqm,rqm-ad,diophantus-of-alexandria,diophantus-alexandria-astronomical-methods,Astronomical Calculation Methods,Ἀπόσπασμα,History,grc/diophantus-alexandria-astronomical-methods-rqm-ad.grc.md,32741,1943
rqm,rqm-ae,diophantus-of-alexandria,diophantus-alexandria-geometric-circles,Geometric Fragments on Circles,Ἀποσπάσματα περὶ Κύκλων Γεωμετρικά,History,grc/diophantus-alexandria-geometric-circles-rqm-ae.grc.md,39309,1920
rqm,rqm-ac,diophantus-of-alexandria,diophantus-alexandria-extracting-square-roots,On Extracting Square Roots,Ἀπόσπασμα,History,grc/diophantus-alexandria-extracting-square-roots-rqm-ac.grc.md,3053,1643
rqm,rqm-ab,diophantus-of-alexandria,diophantus-alexandria-polygonal-numbers,On Polygonal Numbers,Περὶ Πολυγωνικῶν Ἀριθμῶν,History,grc/diophantus-alexandria-polygonal-numbers-rqm-ab.grc.md,36424,1711
rqm,rqm-aa,diophantus-of-alexandria,diophantus-alexandria-six-books-arithmetic,Six Books-Arithmetic,Τὰ Ἕξ Βιβλία περὶ Ἀριθμητικῆς,History,grc/diophantus-alexandria-six-books-arithmetic-rqm-aa.grc.md,454869,1915
kdc,kdc-aa,diophilus-or-diophila,diophilus-celestial-bodies,Fragments on Celestial Bodies,Ἀποσπάσματα περὶ τῶν Οὐρανίων,Poetry,grc/diophilus-celestial-bodies-kdc-aa.grc.md,2724,1675
nyi,nyi-ac,dioscorides-of-anazarbus,dioscorides-anazarbus-medical-material,On Medical Material,Περὶ Ὑλῆς Ἰατρικῆς,Medicine,grc/dioscorides-anazarbus-medical-material-nyi-ac.grc.md,1237762,2277
nyi,nyi-aa,dioscorides-of-anazarbus,dioscorides-anazarbus-medical-material,"On Medical Material, Recensions",Περὶ Ὑλῆς Ἰατρικῆς,Medicine,grc/dioscorides-anazarbus-medical-material-nyi-aa.grc.md,132704,2231
nyi,nyi-ab,dioscorides-of-anazarbus,dioscorides-anazarbus-peony,On Peony and What It Can Do,Περὶ παιωνίας καὶ ὅσα ποιεῖν δύναται,Medicine,grc/dioscorides-anazarbus-peony-nyi-ab.grc.md,12715,3380
nyi,nyi-ad,dioscorides-of-anazarbus,dioscorides-anazarbus-simple-medicines,On Simple Medicines,Περὶ ἀπλῶν φαρμάκων,Medicine,grc/dioscorides-anazarbus-simple-medicines-nyi-ad.grc.md,425918,2179
vek,vek-aa,dioscorus-of-aphrodito,dioscorus-aphrodito-panegyric-justin,Panegyric to Emperor Justin,Ἀποσπάσματα,Poetry,grc/dioscorus-aphrodito-panegyric-justin-vek-aa.grc.md,61085,1961
kdm,kdm-aa,dioscurides-of-the-3rd-c-bce,dioscurides-3rd-bce-spartan-constitution,Fragments on Spartan Constitution,Ἀποσπάσματα περὶ τῆς Λακεδαιμονίων Πολιτείας,History,grc/dioscurides-3rd-bce-spartan-constitution-kdm-aa.grc.md,20750,2448
kdm,kdm-ab,dioscurides-of-the-3rd-c-bce,dioscurides-3rd-bce-table-manners-offerings,On Table Manners and Offerings,Ἀπόσπασμα,History,grc/dioscurides-3rd-bce-table-manners-offerings-kdm-ab.grc.md,2276,1560
jxs,jxs-aa,diotimus-of-adramyttium,diotimus-adramyttium-epigrams,Epigrams,Ἐπιγράμματα,Epic,grc/diotimus-adramyttium-epigrams-jxs-aa.grc.md,6265,1793
dmu,dmu-aa,diotimus-of-tyre,diotimus-tyre-testimonies,Testimonies,Μαρτυρίαι,Philosophy,grc/diotimus-tyre-testimonies-dmu-aa.grc.md,3444,1858
ejm,ejm-aa,diotogenes-the-philosopher,diotogenes-kingship-rule,On Kingship and Rule,Ἀποσπάσματα,Philosophy,grc/diotogenes-kingship-rule-ejm-aa.grc.md,22063,1975
hrq,hrq-ab,dioxippus-the-comic-poet,dioxippus-food-drink,Fragments on Food and Drink,Ἀποσπάσματα περὶ Τροφῆς καὶ Ποτοῦ,Comedy,grc/dioxippus-food-drink-hrq-ab.grc.md,3216,1910
hrq,hrq-aa,dioxippus-the-comic-poet,dioxippus-gourmet-feasting,Fragments on Gourmet Feasting,Ἀποσπάσματα περὶ Δαιτὸς Λιχνείας,Comedy,grc/dioxippus-gourmet-feasting-hrq-aa.grc.md,3447,2158
lok,lok-ab,diphilus-of-sinope,diphilus-sinope-comic-feasts-fools,Comic Fragments on Feasts and Fools,Ἀποσπάσματα περὶ Ἑορτῶν καὶ Μωρῶν,Comedy,grc/diphilus-sinope-comic-feasts-fools-lok-ab.grc.md,33660,2419
lok,lok-aa,diphilus-of-sinope,diphilus-sinope-feasts-folly,Fragments on Feasts and Folly,Ἀποσπάσματα περὶ Ἑορτῶν καὶ Μωρίας,Comedy,grc/diphilus-sinope-feasts-folly-lok-aa.grc.md,35039,2113
upk,upk-aa,disciple-of-isidore-anon,anon-isidore-miletus-elements-book-15,Euclid's Elements Book XV,Στοιχεῖα Εὐκλείδου,Science,grc/anon-isidore-miletus-elements-book-15-upk-aa.grc.md,31926,2052
jxi,jxi-aa,dius-the-historian,dius-phoenicia-beauty-excellence,On Beauty and Human Excellence,Ἀποσπάσματα,Philosophy,grc/dius-phoenicia-beauty-excellence-jxi-aa.grc.md,5349,1497
fyg,fyg-aa,diyllus-of-athens,diyllus-athens-historical-fragments,Historical Fragments,Ἀποσπάσματα,History,grc/diyllus-athens-historical-fragments-fyg-aa.grc.md,4692,1904
ahs,ahs-aa,dorieus-of-sparta,dorieus-sparta-epigram,Epigram,Ἐπίγραμμα,Poetry,grc/dorieus-sparta-epigram-ahs-aa.grc.md,2778,1761
oho,oho-aa,dorotheus-of-sidon,dorotheus-sidon-hephaestion-fragments,Fragments Drawn from Hephaestion's Apotelesmatica,Ἀποτελεσματικῶν,Science,grc/dorotheus-sidon-hephaestion-fragments-oho-aa.grc.md,18040,2173
oho,oho-ad,dorotheus-of-sidon,dorotheus-sidon-planets,Fragments on the Planets,Ἀποσπάσματα περὶ Πλανητῶν,Science,grc/dorotheus-sidon-planets-oho-ad.grc.md,3614,2070
oho,oho-ac,dorotheus-of-sidon,dorotheus-sidon-fragments,Greek Fragments,Ἑλληνικὰ Ἀποσπάσματα,Science,grc/dorotheus-sidon-fragments-oho-ac.grc.md,332496,2234
oho,oho-ab,dorotheus-of-sidon,dorotheus-sidon-ancient-fragments,Other Ancient Fragments,Ἄλλα Ἀρχαῖα Ἀποσπάσματα,Science,grc/dorotheus-sidon-ancient-fragments-oho-ab.grc.md,7660,1663
icu,icu-ab,dosiadas-of-crete,dosiadas-crete-altar,Altar,Βωμός,Poetry,grc/dosiadas-crete-altar-icu-ab.grc.md,2906,1516
icu,icu-aa,dosiadas-of-crete,dosiadas-crete-epigram,Epigram,Ἐπίγραμμα,Poetry,grc/dosiadas-crete-epigram-icu-aa.grc.md,3272,1720
hey,hey-aa,dosiadas-of-cydonia,dosiadas-cydonia-communal-feasts,On Cretan Communal Feasts,Ἀποσπάσματα,History,grc/dosiadas-cydonia-communal-feasts-hey-aa.grc.md,7667,1744
jga,jga-aa,dositheus-of-pelusium,dositheus-pelusium-historical-italy,Historical Fragments of Italy,Ἀποσπάσματα περὶ τῆς Ἰταλίας,History,grc/dositheus-pelusium-historical-italy-jga-aa.grc.md,9409,1671
sie,sie-aa,dositheus-the-grammarian,dositheus-grammarian-art,Grammatical Art,Γραμματικὴ Τέχνη,Grammar,grc/dositheus-grammarian-art-sie-aa.grc.md,146986,1680
gpo,gpo-aa,dromo-comicus,dromo-dining-etiquette,Fragments on Dining Etiquette,Ἀποσπάσματα περὶ Συμποσιακῆς Ἀγωγῆς,Comedy,grc/dromo-dining-etiquette-gpo-aa.grc.md,2978,1911
gpo,gpo-ab,dromo-comicus,dromo-parasites-shame,Parasite's Shame,Ἀποσπάσματα,Comedy,grc/dromo-parasites-shame-gpo-ab.grc.md,2548,1468
lju,lju-aa,duris-of-samos,duris-samos-agathocles-campaign,Fragments on Agathocles' Campaign,Ἀποσπάσματα περὶ τῆς Ἀγαθοκλέους Στρατηγίας,History,grc/duris-samos-agathocles-campaign-lju-aa.grc.md,7669,2260
lju,lju-ab,duris-of-samos,duris-samos-historical-fragments,Historical Fragments of Duris,Ἀποσπάσματα Δούριδος,History,grc/duris-samos-historical-fragments-lju-ab.grc.md,62486,2001
rgm,rgm-aa,earthquakes-treatise,earthquakes-treatise-anonymous-dissertation,Anonymous DissertatiEarthquakes,Ἀνωνύμου πραγματεία περὶ σεισμῶν,Science,grc/earthquakes-treatise-anonymous-dissertation-rgm-aa.grc.md,9810,1846
ffa,ffa-aa,echecrates-of-phlius,echecrates-phlius-testimonies,Testimonies,Μαρτυρίαι,Philosophy,grc/echecrates-phlius-testimonies-ffa-aa.grc.md,2587,1566
kic,kic-aa,echephylidas-the-historian,echephylidas-proper-names,Fragments on Proper Names,Ἀποσπάσματα περὶ Ὀνομάτων Κυρίων,History,grc/echephylidas-proper-names-kic-aa.grc.md,3568,1755
gqs,gqs-aa,ecphantus-the-pythagorean,ecphantus-pythagorean-kingship,On Kingship,Περὶ βασιλείας,Philosophy,grc/ecphantus-pythagorean-kingship-gqs-aa.grc.md,19251,1809
gqs,gqs-ab,ecphantus-the-pythagorean,ecphantus-pythagorean-testimonies,Testimonies,Μαρτυρίαι,Philosophy,grc/ecphantus-pythagorean-testimonies-gqs-ab.grc.md,4641,2189
dfw,dfw-aa,elegiac-fragments-anon,eleg-frag-anon-ii-galatian-war,Fragments on the Galatian War,Ἀποσπάσματα περὶ τοῦ Γαλατικοῦ Πολέμου,Poetry,grc/eleg-frag-anon-ii-galatian-war-dfw-aa.grc.md,4233,1826
gyk,gyk-aa,elegiac-fragments-anon,elegiac-fragments-anon-virtue-fate,Fragments on Virtue and Fate,Ἀποσπάσματα περὶ Ἀρετῆς καὶ Εἱμαρμένης,Poetry,grc/elegiac-fragments-anon-virtue-fate-gyk-aa.grc.md,10664,2251
vgs,vgs-ab,elias-the-neoplatonist,elias-neoplatonist-commentaries-aristotle,Commentaries-Aristotle in Greek,Σχόλια Ἠλίου εἰς τὰς κατηγορίας Ἀριστοτέλους,Philosophy,grc/elias-neoplatonist-commentaries-aristotle-vgs-ab.grc.md,664600,2021
vgs,vgs-aa,elias-the-neoplatonist,elias-neoplatonist-prior-analytics-commentary,Commentary-Aristotle's Prior Analytics,Σχόλια εἰς τὰ ἀναλυτικὰ πρότερα Ἀριστοτέλους,Philosophy,grc/elias-neoplatonist-prior-analytics-commentary-vgs-aa.grc.md,28570,2260
vgs,vgs-ac,elias-the-neoplatonist,elias-neoplatonist-porphyry-isagoge,On Porphyry's Isagoge,Περὶ τῆς Πορφυρίου Εἰσαγωγῆς,Philosophy,grc/elias-neoplatonist-porphyry-isagoge-vgs-ac.grc.md,414028,1905
die,die-ac,empedocles-of-acragas,empedocles-acragas-epigrams,Epigram,Ἐπίγραμμα,Philosophy,grc/empedocles-acragas-epigrams-die-ac.grc.md,2513,1589
die,die-ab,empedocles-of-acragas,empedocles-acragas-nature-perception,On Nature and Perception,Ἀποσπάσματα,Philosophy,grc/empedocles-acragas-nature-perception-die-ab.grc.md,138131,2343
die,die-aa,empedocles-of-acragas,empedocles-acragas-testimonies,Testimonies,Μαρτυρίαι,Philosophy,grc/empedocles-acragas-testimonies-die-aa.grc.md,144883,1800
sbg,sbg-aa,encomium-leader-thebans-anon,anon-theban-leader,Encomium for a Theban Leader,Ἀπόσπασμα,Oratory,grc/anon-theban-leader-sbg-aa.grc.md,4629,1464
cmq,cmq-aa,eparchides-of-oineis,eparchides-oineis-icarus-wine,Fragments on Icarus and Wine,Ἀποσπάσματα περὶ Ἰκάρου καὶ Οἴνου,History,grc/eparchides-oineis-icarus-wine-cmq-aa.grc.md,4001,1910
fkk,fkk-ab,ephippus-of-athens,ephippus-athens-alexander-feast,Fragments on Alexander's Feast,Ἀποσπάσματα περὶ τοῦ Ἀλεξάνδρου Συμποσίου,Comedy,grc/ephippus-athens-alexander-feast-fkk-ab.grc.md,13444,2328
fkk,fkk-aa,ephippus-of-athens,ephippus-athens-alexander-feast,Fragments on Alexander's Feast,Ἀποσπάσματα περὶ τοῦ Ἀλεξάνδρου Συμποσίου,Comedy,grc/ephippus-athens-alexander-feast-fkk-aa.grc.md,14309,2875
fbe,fbe-ac,ephorus-of-cyme,ephorus-cyme-harmonia,Fragments on Harmonia,Ἀποσπάσματα περὶ Ἁρμονίας,History,grc/ephorus-cyme-harmonia-fbe-ac.grc.md,2506,1776
fbe,fbe-ab,ephorus-of-cyme,ephorus-cyme-homer-origins,Fragments on Homer's Origins,Ἀποσπάσματα περὶ τῆς Ὁμήρου Γενέσεως,History,grc/ephorus-cyme-homer-origins-fbe-ab.grc.md,256232,1969
fbe,fbe-aa,ephorus-of-cyme,ephorus-cyme-testimonies,Testimonies,Μαρτυρίαι,History,grc/ephorus-cyme-testimonies-fbe-aa.grc.md,24834,1405
uza,uza-aa,ephraem-of-aenus,ephraem-aenus-chronicle,Chronicle,Χρονικόν,History,grc/ephraem-aenus-chronicle-uza-aa.grc.md,728952,2092
aak,aak-ab,epic-fragments-anon,epic-fragments-anon-ii-fishing,Fragments on Fishing,Ἀποσπάσματα περὶ Ἁλιείας,Epic,grc/epic-fragments-anon-ii-fishing-aak-ab.grc.md,2172,1602
aak,aak-aa,epic-fragments-anon,epic-fragments-anon-ii-hermes,Fragments on Hermes,Ἀποσπάσματα περὶ Ἑρμοῦ,Epic,grc/epic-fragments-anon-ii-hermes-aak-aa.grc.md,2616,1911
dfm,dfm-aa,epic-fragments-anon,epic-fragments-anon-epic-poems,Anonymous Epic Poems,Ἀνώνυμα Ἐπικὰ Ποιήματα,Epic,grc/epic-fragments-anon-epic-poems-dfm-aa.grc.md,27672,1736
kjq,kjq-ar,epic-work-anon,epic-anon-encom,encom,Ἐγκώμιον,Epic,grc/epic-anon-encom-kjq-ar.grc.md,3023,1748
kjq,kjq-ad,epic-work-anon,epic-anon-heraclius-leader,encom-Heraclius the Leader,Ἐγκώμιον εἰς Ἡράκλειον τὸν ἡγεμόνα,Epic,grc/epic-anon-heraclius-leader-kjq-ad.grc.md,8007,1728
kjq,kjq-af,epic-work-anon,epic-anon-roman-leader,encom-the Roman Leader,Ἐγκώμιον εἰς τὸν Ῥωμαῖον ἡγεμόνα,Epic,grc/epic-anon-roman-leader-kjq-af.grc.md,9426,1686
kjq,kjq-ap,epic-work-anon,epic-anon-fragment,Epic Fragment,Ἐπικὸν Ἀπόσπασμα,Epic,grc/epic-anon-fragment-kjq-ap.grc.md,4935,1338
kjq,kjq-al,epic-work-anon,epic-anon-ethopoeic-exercise,Ethopoeic Exercise,Ἠθοποιία,Epic,grc/epic-anon-ethopoeic-exercise-kjq-al.grc.md,4062,1984
kjq,kjq-am,epic-work-anon,epic-anon-ethopoeia,Ethopoeic Exercise,Ἠθοποιία,Epic,grc/epic-anon-ethopoeia-kjq-am.grc.md,3204,2302
kjq,kjq-ak,epic-work-anon,epic-anon-ethopoeia,Ethopoeic Exercises,Ἠθοποιίαι,Epic,grc/epic-anon-ethopoeia-kjq-ak.grc.md,5245,1826
kjq,kjq-ag,epic-work-anon,epic-anon-historical-fragment,Historical Epic Fragment A,Ἱστορικὸν Ἐπικὸν Ἀπόσπασμα,Epic,grc/epic-anon-historical-fragment-kjq-ag.grc.md,5211,1430
kjq,kjq-ah,epic-work-anon,epic-anon-historical-fragment,Historical Epic Fragment B,Ἱστορικὸν Ἐπικὸν Ἀπόσπασμα,Epic,grc/epic-anon-historical-fragment-kjq-ah.grc.md,7881,1535
kjq,kjq-ao,epic-work-anon,epic-anon-iambic-encom,Iambic encom,Ἰαμβικὸν Ἐγκώμιον,Epic,grc/epic-anon-iambic-encom-kjq-ao.grc.md,6169,1792
kjq,kjq-an,epic-work-anon,epic-anon-inaugural-speech,Inaugural Speech,Λόγος ἐπιβατήριος,Epic,grc/epic-anon-inaugural-speech-kjq-an.grc.md,4209,1365
kjq,kjq-ab,epic-work-anon,epic-anon-creator-world-hermopolis,Mercury the Creator of the World and Hermopolis Magna,Ἑρμῆς ὁ Δημιουργὸς τοῦ Κόσμου καὶ Ἑρμοῦπολις,Epic,grc/epic-anon-creator-world-hermopolis-kjq-ab.grc.md,8177,1975
kjq,kjq-ai,epic-work-anon,epic-anon-rising-nile,Poem-the Rising Nile,Ποίημα περὶ τοῦ Νείλου ἀνατέλλοντος,Epic,grc/epic-anon-rising-nile-kjq-ai.grc.md,3415,1828
kjq,kjq-aj,epic-work-anon,epic-anon-polyxena-achilles,Polyxena and Achilles,Πολυξένη καὶ Ἀχιλλεύς,Epic,grc/epic-anon-polyxena-achilles-kjq-aj.grc.md,3256,1848
kjq,kjq-ac,epic-work-anon,epic-anon-professor-berytus,Praise of a Professor Teaching at Berytus University,Ἐγκώμιον Καθηγητοῦ ἐν Βηρύτῳ,Epic,grc/epic-anon-professor-berytus-kjq-ac.grc.md,4626,2452
kjq,kjq-aa,epic-work-anon,epic-anon-smyrnaean-professor-berytus,Praise of a Smyrnaean Professor Teaching at Berytus University,Ἐγκώμιον Σμυρναίου Καθηγητοῦ ἐν Βηρύτῳ,Epic,grc/epic-anon-smyrnaean-professor-berytus-kjq-aa.grc.md,9349,1912
kjq,kjq-ae,epic-work-anon,epic-anon-theon-gymnasiarch,Praises of Theon the Gymnasiarch,Ἐγκώμια Θεῶνος τοῦ Γυμνασιάρχου,Epic,grc/epic-anon-theon-gymnasiarch-kjq-ae.grc.md,4131,1921
kjq,kjq-aq,epic-work-anon,epic-anon-wedding-song,Wedding Song,Γαμήλιον Ἄσμα,Epic,grc/epic-anon-wedding-song-kjq-aq.grc.md,2440,1622
euq,euq-aa,epic:-meropis-anon,epic-meropis-anon-fragments,Meropis Fragments,Μηροπίδος Ἀποσπάσματα,Epic,grc/epic-meropis-anon-fragments-euq-aa.grc.md,4206,1807
bhm,bhm-af,epicharmus-syracuse,epicharmus-syracuse-comic-wisdom,Fragments of Comic Wisdom,Ἀποσπάσματα περὶ Κωμικῆς Σοφίας,Comedy,grc/epicharmus-syracuse-comic-wisdom-bhm-af.grc.md,6253,2792
bhm,bhm-ad,epicharmus-syracuse,epicharmus-syracuse-fragments,Fragments of Epicharmus,Ἐπιχάρμου Ἀποσπάσματα,Comedy,grc/epicharmus-syracuse-fragments-bhm-ad.grc.md,27179,2195
bhm,bhm-ac,epicharmus-syracuse,epicharmus-syracuse-fragments,Fragments of Epicharmus,Ἐπιχάρμου Ἀποσπάσματα,Comedy,grc/epicharmus-syracuse-fragments-bhm-ac.grc.md,29099,1870
bhm,bhm-ab,epicharmus-syracuse,epicharmus-syracuse-pseudepicharmea,Fragments of Pseudepicharmea,Ψευδεπιχάρμου Ἀποσπάσματα,Comedy,grc/epicharmus-syracuse-pseudepicharmea-bhm-ab.grc.md,6984,1852
bhm,bhm-aa,epicharmus-syracuse,epicharmus-syracuse-pseudepicharmea,Fragments of Pseudepicharmea,Ψευδεπιχάρμου Ἀποσπάσματα,Comedy,grc/epicharmus-syracuse-pseudepicharmea-bhm-aa.grc.md,9783,1756
bhm,bhm-ag,epicharmus-syracuse,epicharmus-syracuse-gnomic-comic-wisdom,Gnomic and Comic Wisdom Fragments,Ἀποσπάσματα,Comedy,grc/epicharmus-syracuse-gnomic-comic-wisdom-bhm-ag.grc.md,27227,2075
bhm,bhm-ae,epicharmus-syracuse,epicharmus-syracuse-testimonies,Testimonies,Μαρτυρίαι,Comedy,grc/epicharmus-syracuse-testimonies-bhm-ae.grc.md,10608,1840
fka,fka-ab,epicrates-the-comic,epicrates-lais-fragments,Fragments on Lais the Courtesan,Ἀποσπάσματα περὶ Λαΐδος τῆς ἑταίρας,Comedy,grc/epicrates-lais-fragments-fka-ab.grc.md,9215,2232
fka,fka-aa,epicrates-the-comic,epicrates-lais-fragments,Fragments on Lais the Hetaira,Ἀποσπάσματα περὶ Λαΐδος τῆς Ἑταίρας,Comedy,grc/epicrates-lais-fragments-fka-aa.grc.md,9396,1960
ojw,ojw-ac,epictetus-the-stoic,epictetus-discourses,Discourses of Epictetus by Arrian,Ἀρριανοῦ τῶν Ἐπικτήτου Διατριβῶν,Philosophy,grc/epictetus-discourses-ojw-ac.grc.md,859698,2148
ojw,ojw-aa,epictetus-the-stoic,epictetus-fragments,Fragments of Epictetus' Discourses,Ἀποσπάσματα Διατριβῶν Ἐπικτήτου,Philosophy,grc/epictetus-fragments-ojw-aa.grc.md,26053,2610
ojw,ojw-ae,epictetus-the-stoic,epictetus-gnomology,Gnomology (Extended),Γνωμολόγιον Ἐπικτήτου,Philosophy,grc/epictetus-gnomology-ojw-ae.grc.md,26099,1945
ojw,ojw-ad,epictetus-the-stoic,epictetus-gnomology,Gnomology (Short),Γνωμολόγιον Ἐπικτήτου,Philosophy,grc/epictetus-gnomology-ojw-ad.grc.md,5732,1989
ojw,ojw-af,epictetus-the-stoic,epictetus-handbook,Handbook,Ἐγχειρίδιον,Philosophy,grc/epictetus-handbook-ojw-af.grc.md,64161,2150
ojw,ojw-ab,epictetus-the-stoic,epictetus-letter-to-gellius,Letter of Arrian to Lucius Gellius,Ἐπιστολὴ Ἀρριανοῦ πρὸς Λούκιον Γέλλιον,Philosophy,grc/epictetus-letter-to-gellius-ojw-ab.grc.md,5222,2544
jtm,jtm-ab,epicurean-anon,epicurean-anon-pythocles-nature,Fragments on Pythocles and Nature,Ἀποσπάσματα περὶ Πυθοκλέους καὶ Φύσεως,Philosophy,grc/epicurean-anon-pythocles-nature-jtm-ab.grc.md,47628,2703
jtm,jtm-aa,epicurean-anon,epicurean-anon-herculaneum-papyri,Fragments Pertaining to Herculaneum Papyri,Ἀποσπάσματα Περὶ Ἡρ. 176,Philosophy,grc/epicurean-anon-herculaneum-papyri-jtm-aa.grc.md,14507,2437
hui,hui-af,epicurus-the-philosopher,epicurus-established-opinions,Established Opinions,Κύριαι Δόξαι,Philosophy,grc/epicurus-established-opinions-hui-af.grc.md,19252,2226
hui,hui-ag,epicurus-the-philosopher,epicurus-letters-fragments,Fragments of Letters,Ἀποσπάσματα Ἐπιστολῶν,Philosophy,grc/epicurus-letters-fragments-hui-ag.grc.md,49754,2268
hui,hui-aa,epicurus-the-philosopher,epicurus-uncertain-fragments,Fragments of Uncertain Position,Ἀποσπάσματα Ἀδήλου Θέσεως,Philosophy,grc/epicurus-uncertain-fragments-hui-aa.grc.md,3802,1758
hui,hui-ah,epicurus-the-philosopher,epicurus-herodotus-letter,Letter to Herodotus,Ἐπιστολὴ πρὸς Ἡρόδοτον,Philosophy,grc/epicurus-herodotus-letter-hui-ah.grc.md,58443,2220
hui,hui-ae,epicurus-the-philosopher,epicurus-lost-books,Remains of Lost Books,Λείψανα Ἀπολωλότων Βιβλίων,Philosophy,grc/epicurus-lost-books-hui-ae.grc.md,183498,2297
hui,hui-ac,epicurus-the-philosopher,epicurus-letter-pythocles,Second Letter to Pythocles,Δευτέρα Ἐπιστολὴ πρὸς Πυθόκλεα,Philosophy,grc/epicurus-letter-pythocles-hui-ac.grc.md,41034,2181
hui,hui-ad,epicurus-the-philosopher,epicurus-letter-menoeceus,Third Letter to Menoeceus,Τρίτη Ἐπιστολὴ πρὸς Μενοικέα,Philosophy,grc/epicurus-letter-menoeceus-hui-ad.grc.md,19105,2822
hui,hui-ab,epicurus-the-philosopher,epicurus-vatican-gnomology,Vatican Epicurean Gnomology,Γνωμολόγιον Βατικανὸν Ἐπικούρειον,Philosophy,grc/epicurus-vatican-gnomology-hui-ab.grc.md,16434,2151
ino,ino-ab,epigenes-of-byzantium,epigenes-byzantium-banquets-vessels,Fragments on Banquets and Vessels,Ἀποσπάσματα περὶ Συμποσίων καὶ Σκευῶν,Comedy,grc/epigenes-byzantium-banquets-vessels-ino-ab.grc.md,3727,1801
ino,ino-aa,epigenes-of-byzantium,epigenes-byzantium-drinking-vessels,Fragments on Drinking Vessels,Ἀποσπάσματα περὶ Ποτηρίων,Comedy,grc/epigenes-byzantium-drinking-vessels-ino-aa.grc.md,3835,1840
abo,abo-aa,epigoni,epigoni-text,Epigoni,Ἐπίγονοι,Epic,grc/epigoni-text-abo-aa.grc.md,3130,2057
cwq,cwq-aa,epilycus-the-comic-poet,epilycus-comic-food-feasting,Comic Fragments on Food and Feasting,Ἀποσπάσματα περὶ Τροφῆς καὶ Εὐωχίας,Comedy,grc/epilycus-comic-food-feasting-cwq-aa.grc.md,2738,1922
aqy,aqy-ae,epimenides-of-crete,epimenides-crete-glaucus,Fragments on Glaucus,Ἀποσπάσματα περὶ Γλαύκου,Philosophy,grc/epimenides-crete-glaucus-aqy-ae.grc.md,2157,1545
aqy,aqy-ad,epimenides-of-crete,epimenides-crete-oracles-fragments,Oracles and Theological Fragments,Ἀποσπάσματα,Philosophy,grc/epimenides-crete-oracles-fragments-aqy-ad.grc.md,16903,1718
aqy,aqy-aa,epimenides-of-crete,epimenides-crete-testimonies,Testimonies 1,Μαρτυρίαι Α',Philosophy,grc/epimenides-crete-testimonies-aqy-aa.grc.md,27052,2267
aqy,aqy-ab,epimenides-of-crete,epimenides-crete-testimonies-2,Testimonies 2,Μαρτυρίαι Β',Philosophy,grc/epimenides-crete-testimonies-2-aqy-ab.grc.md,19994,2244
aqy,aqy-ac,epimenides-of-crete,epimenides-crete-theological-prophetic,Theological and Prophetic Fragments,Ἀποσπάσματα,Philosophy,grc/epimenides-crete-theological-prophetic-aqy-ac.grc.md,17393,1996
ksc,ksc-aa,epinicus-the-comic-poet,epinicus-seleucus-drinking,Fragments on Seleucus and Drinking,Ἀποσπάσματα περὶ Σελεύκου καὶ Ποτοῦ,Comedy,grc/epinicus-seleucus-drinking-ksc-aa.grc.md,4797,2651
ksc,ksc-ab,epinicus-the-comic-poet,epinicus-symposium-satirical,Symposium and Satirical Fragments,Ἀποσπάσματα,Comedy,grc/epinicus-symposium-satirical-ksc-ab.grc.md,3809,1698
sqg,sqg-bo,epiphanius-salamis,epiphanius-salamis-on-the-stoics,On the Stoics (from On Faith),Περὶ τῶν Στωϊκῶν,Theology,grc/epiphanius-salamis-on-the-stoics-sqg-bo.grc.md,3244,562
rcq,rcq-aa,epitaph-of-abercius,epitaph-abercius-text,Epitaph,Ἐπιτάφιον,Poetry,grc/epitaph-abercius-text-rcq-aa.grc.md,4681,2306
jaq,jaq-aa,erasistratus-of-ceos,erasistratus-ceos-testimonies-fragments,Testimonies and Fragments,Μαρτυρίαι καὶ Ἀποσπάσματα,Medicine,grc/erasistratus-ceos-testimonies-fragments-jaq-aa.grc.md,243021,2879
kly,kly-ab,eratosthenes-of-cyrene,eratosthenes-cyrene-catasterisms,Catasterisms,Καταστερισμοί,Philosophy,grc/eratosthenes-cyrene-catasterisms-kly-ab.grc.md,92265,1835
kly,kly-ac,eratosthenes-of-cyrene,eratosthenes-cyrene-cosmic-order,Fragments on Cosmic Order,Ἀποσπάσματα περὶ Κόσμου Διατάξεως,Philosophy,grc/eratosthenes-cyrene-cosmic-order-kly-ac.grc.md,7678,1895
kly,kly-ad,eratosthenes-of-cyrene,eratosthenes-cyrene-hermes-zeus,Fragments on Hermes and Zeus,Ἀποσπάσματα περὶ Ἑρμοῦ καὶ Διός,Philosophy,grc/eratosthenes-cyrene-hermes-zeus-kly-ad.grc.md,3539,2010
kly,kly-aa,eratosthenes-of-cyrene,eratosthenes-cyrene-adornment-stars,On the Adornment of Stars and Their Etymology,Περὶ Κόσμου Ἀστέρων καὶ Ἐτυμολογίας,Philosophy,grc/eratosthenes-cyrene-adornment-stars-kly-aa.grc.md,5027,2175
grc,grc-aa,ergias-of-rhodes,ergias-rhodes-fragments,Fragments on Rhodes,Ἀποσπάσματα περὶ Ῥόδου,History,grc/ergias-rhodes-fragments-grc-aa.grc.md,6190,1671
grm,grm-ac,erinna-of-telos,erinna-telos-epigrams,Epigrams,Ἐπιγράμματα,Poetry,grc/erinna-telos-epigrams-grm-ac.grc.md,3860,1543
grm,grm-aa,erinna-of-telos,erinna-telos-fragments,Fragments and Title,Ἀποσπάσματα καὶ Τίτλος,Poetry,grc/erinna-telos-fragments-grm-aa.grc.md,4952,1816
grm,grm-ab,erinna-of-telos,erinna-telos-lament-baukis,Lament for Baukis,Ἀποσπάσματα,Poetry,grc/erinna-telos-lament-baukis-grm-ab.grc.md,8822,2217
eyc,eyc-ab,eriphus-the-comic-poet,eriphus-golden-apples,Fragments on Golden Apples,Ἀποσπάσματα περὶ Μήλων Χρυσῶν,Comedy,grc/eriphus-golden-apples-eyc-ab.grc.md,4610,1772
eyc,eyc-aa,eriphus-the-comic-poet,eriphus-golden-apples,Fragments on Golden Apples,Ἀποσπάσματα περὶ Χρυσῶν Μήλων,Comedy,grc/eriphus-golden-apples-eyc-aa.grc.md,4823,1932
nzc,nzc-aa,erotianus-the-grammarian,erotianus-hippocratic-words,Collection of Hippocratic Words,Συναγωγὴ Ἱπποκρατικῶν Λέξεων,Grammar,grc/erotianus-hippocratic-words-nzc-aa.grc.md,158395,2177
nzc,nzc-ab,erotianus-the-grammarian,erotianus-medical-lexicon,Medical Lexicon Fragments,Ἀποσπάσματα,Grammar,grc/erotianus-medical-lexicon-nzc-ab.grc.md,32493,1831
skw,skw-ab,erotic-narrative-anon,erotica-anon-antheia-ephesiaca,"Antheia, Possibly Epitome of Ephesiaca",Ἄνθεια,Fiction,grc/erotica-anon-antheia-ephesiaca-skw-ab.grc.md,5498,1980
skw,skw-ak,erotic-narrative-anon,erotica-anon-apollonius,Apollonius (Fragment A),Ἀπολλώνιος,Fiction,grc/erotica-anon-apollonius-skw-ak.grc.md,2664,1444
skw,skw-al,erotic-narrative-anon,erotica-anon-apollonius,Apollonius (Fragment B),Ἀπολλώνιος,Fiction,grc/erotica-anon-apollonius-skw-al.grc.md,2454,1380
skw,skw-am,erotic-narrative-anon,erotica-anon-calligone,Calligone,Καλλιγόνη,Fiction,grc/erotica-anon-calligone-skw-am.grc.md,3818,1538
skw,skw-ac,erotic-narrative-anon,erotica-anon-chione,Chione,Χιόνη,Fiction,grc/erotica-anon-chione-skw-ac.grc.md,3911,1122
skw,skw-aw,erotic-narrative-anon,erotica-anon-daulis,Daulis,Δαυλίς,Fiction,grc/erotica-anon-daulis-skw-aw.grc.md,7011,1295
skw,skw-av,erotic-narrative-anon,erotica-anon-eleusinian-mysteries,Eleusinian Mysteries Fragment,Ἀπόσπασμα,Fiction,grc/erotica-anon-eleusinian-mysteries-skw-av.grc.md,2765,2097
skw,skw-as,erotic-narrative-anon,erotica-anon-nocturnal-escape,Fragments of a Nocturnal Escape,Ἀποσπάσματα Νυκτερινῆς Δραπέτιδος,Fiction,grc/erotica-anon-nocturnal-escape-skw-as.grc.md,2619,1358
skw,skw-ar,erotic-narrative-anon,erotica-anon-divine-vision,Fragments on a Divine Vision,Ἀποσπάσματα περὶ Θείας Ὄψεως,Fiction,grc/erotica-anon-divine-vision-skw-ar.grc.md,3911,1722
skw,skw-au,erotic-narrative-anon,erotica-anon-sacred-rites,Fragments on Sacred Rites,Ἀποσπάσματα περὶ Ἱερῶν Τελετῶν,Fiction,grc/erotica-anon-sacred-rites-skw-au.grc.md,3234,1791
skw,skw-an,erotic-narrative-anon,erotica-anon-nile-canopus,Fragments on the Nile and Canopus,Ἀποσπάσματα περὶ Νείλου καὶ Κανώπου,Fiction,grc/erotica-anon-nile-canopus-skw-an.grc.md,3807,1611
skw,skw-aa,erotic-narrative-anon,erotica-anon-chione-ninus,Fragments Possibly Part of Chione or Ninus,Ἀποσπάσματα Ἴσως Μέρος Χιόνης ἢ Νίνου,Fiction,grc/erotica-anon-chione-ninus-skw-aa.grc.md,4752,1790
skw,skw-ax,erotic-narrative-anon,erotica-anon-iolaus,Iolaus,Ἰόλαος,Fiction,grc/erotica-anon-iolaus-skw-ax.grc.md,4163,1538
skw,skw-aq,erotic-narrative-anon,erotica-anon-lovers-impassioned-boast,Lover's Impassioned Boast,Ἀπόσπασμα,Fiction,grc/erotica-anon-lovers-impassioned-boast-skw-aq.grc.md,2813,1328
skw,skw-ad,erotic-narrative-anon,erotica-anon-metiochus-parthenope,Metiochus and Parthenope (Fragment A),Μετίοχος καὶ Παρθενόπη,Fiction,grc/erotica-anon-metiochus-parthenope-skw-ad.grc.md,2931,2201
skw,skw-ae,erotic-narrative-anon,erotica-anon-metiochus-parthenope,Metiochus and Parthenope (Fragment B),Μετίοχος καὶ Παρθενόπη,Fiction,grc/erotica-anon-metiochus-parthenope-skw-ae.grc.md,6935,1677
skw,skw-af,erotic-narrative-anon,erotica-anon-metiochus-parthenope,Metiochus and Parthenope (Fragment C),Μετίοχος καὶ Παρθενόπη,Fiction,grc/erotica-anon-metiochus-parthenope-skw-af.grc.md,3436,2161
skw,skw-ah,erotic-narrative-anon,erotica-anon-sesonchosis,Sesonchosis (Fragment A),Σησόνχωσις,Fiction,grc/erotica-anon-sesonchosis-skw-ah.grc.md,2973,1266
skw,skw-ai,erotic-narrative-anon,erotica-anon-sesonchosis,Sesonchosis (Fragment B),Σησόνχωσις,Fiction,grc/erotica-anon-sesonchosis-skw-ai.grc.md,4547,2572
skw,skw-aj,erotic-narrative-anon,erotica-anon-sesonchosis,Sesonchosis (Fragment C),Σησόνχωσις,Fiction,grc/erotica-anon-sesonchosis-skw-aj.grc.md,4561,1743
skw,skw-ao,erotic-narrative-anon,erotica-anon-staphylus,Staphylus,Στάφυλος,Fiction,grc/erotica-anon-staphylus-skw-ao.grc.md,4159,1935
skw,skw-at,erotic-narrative-anon,erotica-anon-suicide-of-severis,Suicide of Severis,Ἀπόσπασμα,Fiction,grc/erotica-anon-suicide-of-severis-skw-at.grc.md,2316,1283
skw,skw-ay,erotic-narrative-anon,erotica-anon-tefnut,Tefnut,Τεφνούτ,Fiction,grc/erotica-anon-tefnut-skw-ay.grc.md,16916,1272
skw,skw-ag,erotic-narrative-anon,erotica-anon-theano,Theano: An Erotic Narrative,Θεανώ: Ἐρωτικὸν Διήγημα,Fiction,grc/erotica-anon-theano-skw-ag.grc.md,3413,1641
skw,skw-ap,erotic-narrative-anon,erotica-anon-tinouphis,Tinouphis,Τινουφίς,Fiction,grc/erotica-anon-tinouphis-skw-ap.grc.md,3435,1510
gpy,gpy-aa,euagon-the-historian,euagon-samian-legends,Fragments on Samian Legends,Ἀποσπάσματα περὶ Σαμίων Μύθων,History,grc/euagon-samian-legends-gpy-aa.grc.md,2908,1792
sfc,sfc-aa,euangelus-the-comic,euangelus-wedding-feast,Wedding Feast,Ἀποσπάσματα,Comedy,grc/euangelus-wedding-feast-sfc-aa.grc.md,2764,1419
sfc,sfc-ab,euangelus-the-comic,euangelus-wedding-feast-preparations,Wedding Feast Preparations,Ἀπόσπασμα,Comedy,grc/euangelus-wedding-feast-preparations-sfc-ab.grc.md,3171,1835
fpa,fpa-ab,eubulus-the-comic-poet,eubulus-feasting,Fragments on Feasting,Ἀποσπάσματα περὶ Εὐωχίας,Comedy,grc/eubulus-feasting-fpa-ab.grc.md,39112,2550
fpa,fpa-aa,eubulus-the-comic-poet,eubulus-feasts-festivals,Fragments on Feasts and Festivals,Ἀποσπάσματα περὶ Ἑορτῶν καὶ Ἑορτασμῶν,Comedy,grc/eubulus-feasts-festivals-fpa-aa.grc.md,40592,1907
iaw,iaw-ab,euclid-of-alexandria,euclid-alexandria-catoptrics,"Catoptrics, Theon Edition?",Κατοπτρικά,Mathematics,grc/euclid-alexandria-catoptrics-iaw-ab.grc.md,54567,2087
iaw,iaw-aq,euclid-of-alexandria,euclid-alexandria-data,Data,Δεδομένα,Mathematics,grc/euclid-alexandria-data-iaw-aq.grc.md,189456,1876
iaw,iaw-ac,euclid-of-alexandria,euclid-alexandria-data-other-demonstrations,Data Other Demonstrations,Δεδομένα καὶ Ἄλλαι Ἀποδείξεις,Mathematics,grc/euclid-alexandria-data-other-demonstrations-iaw-ac.grc.md,41646,2111
iaw,iaw-al,euclid-of-alexandria,euclid-alexandria-elements-alternative-demonstrations-book-10,"Elements, Alternative Demonstrations (Book X)",Στοιχεῖα· Ἄλλαι ἀποδείξεις (βιβλ. ιʹ),Mathematics,grc/euclid-alexandria-elements-alternative-demonstrations-book-10-iaw-al.grc.md,40056,1505
iaw,iaw-am,euclid-of-alexandria,euclid-alexandria-elements-alternative-demonstrations-book-11,"Elements, Alternative Demonstrations (Book XI)",Στοιχεῖα· Ἄλλαι ἀποδείξεις (βιβλ. ιαʹ),Mathematics,grc/euclid-alexandria-elements-alternative-demonstrations-book-11-iaw-am.grc.md,38565,1443
iaw,iaw-aj,euclid-of-alexandria,euclid-alexandria-elements-alternative-demonstrations-books-1-3,"Elements, Alternative Demonstrations (Books I–III)",Στοιχεῖα· Ἄλλαι ἀποδείξεις (βιβλ. αʹ–γʹ),Mathematics,grc/euclid-alexandria-elements-alternative-demonstrations-books-1-3-iaw-aj.grc.md,9824,1550
iaw,iaw-ak,euclid-of-alexandria,euclid-alexandria-elements-alternative-demonstrations-books-5-6,"Elements, Alternative Demonstrations (Books V–VI)",Στοιχεῖα· Ἄλλαι ἀποδείξεις (βιβλ. εʹ–ϛʹ),Mathematics,grc/euclid-alexandria-elements-alternative-demonstrations-books-5-6-iaw-ak.grc.md,17217,1490
iaw,iaw-ai,euclid-of-alexandria,euclid-alexandria-elements,"Elements, Books I–XIII",Στοιχεῖα (βίβλοι αʹ–ιγʹ),Mathematics,grc/euclid-alexandria-elements-iaw-ai.grc.md,1480119,2188
iaw,iaw-an,euclid-of-alexandria,euclid-alexandria-elements-books-11-12-supplement,"Elements, Books XI–XII (Supplement)","Στοιχεῖα (βιβλ. ιαʹ–ιβʹ, ἀποσπάσματα)",Mathematics,grc/euclid-alexandria-elements-books-11-12-supplement-iaw-an.grc.md,102259,1647
iaw,iaw-ao,euclid-of-alexandria,euclid-alexandria-epigram,Epigram,Ἐπίγραμμα,Mathematics,grc/euclid-alexandria-epigram-iaw-ao.grc.md,2493,1548
iaw,iaw-ag,euclid-of-alexandria,euclid-alexandria-divisions-figures,On Divisions of Figures,Ἀποσπάσματα,Mathematics,grc/euclid-alexandria-divisions-figures-iaw-ag.grc.md,101353,2530
iaw,iaw-ap,euclid-of-alexandria,euclid-alexandria-optics,Optics,Ὀπτικά,Mathematics,grc/euclid-alexandria-optics-iaw-ap.grc.md,115094,2419
iaw,iaw-ah,euclid-of-alexandria,euclid-alexandria-phenomena,Phenomena,Φαινόμενα,Mathematics,grc/euclid-alexandria-phenomena-iaw-ah.grc.md,85656,2131
iaw,iaw-aa,euclid-of-alexandria,euclid-alexandria-phenomena-demonstrations-b,"Phenomena, Demonstrations of Another Recension B",Φαινόμενα (Ἀποδείξεις Ἀναθεωρήσεως Β),Mathematics,grc/euclid-alexandria-phenomena-demonstrations-b-iaw-aa.grc.md,25211,1895
iaw,iaw-ae,euclid-of-alexandria,euclid-alexandria-phenomena-b,"Phenomena, Recension B",Φαινόμενα (Ἀναθεώρησις Β),Mathematics,grc/euclid-alexandria-phenomena-b-iaw-ae.grc.md,53166,1892
iaw,iaw-ad,euclid-of-alexandria,euclid-alexandria-review-optics,Review of Optics by Theon,Ἐπισκόπησις Ὀπτικῶν ὑπὸ Θεωνος,Mathematics,grc/euclid-alexandria-review-optics-iaw-ad.grc.md,106844,2266
iaw,iaw-af,euclid-of-alexandria,euclid-alexandria-canon-section,Section of the Canon,Κανόνος Τομή,Mathematics,grc/euclid-alexandria-canon-section-iaw-af.grc.md,27333,1943
qea,qea-aa,eudemus-of-argos,eudemus-argos-rhetorical-words,On Rhetorical Words,Περὶ λέξεων ῥητορικῶν,Oratory,grc/eudemus-argos-rhetorical-words-qea-aa.grc.md,33790,1375
fuk,fuk-aa,eudemus-of-rhodes,eudemus-rhodes-fragments-aristotelian-logic,Fragments on Aristotelian Logic,Ἀποσπάσματα περὶ τῆς Ἀριστοτελικῆς Λογικῆς,Philosophy,grc/eudemus-rhodes-fragments-aristotelian-logic-fuk-aa.grc.md,228480,2046
fuu,fuu-aa,eudemus-of-rhodes,eudemus-rhodes-ii-antidotes,Fragments on Antidotes,Ἀποσπάσματα περὶ Ἀλεξιφαρμάκων,Philosophy,grc/eudemus-rhodes-ii-antidotes-fuu-aa.grc.md,3173,1522
feq,feq-aa,eudoxus-cnidus,eudoxus-cnidus-astronomical-art,Astronomical Art,Ἀστρονομικὴ Τέχνη,Science,grc/eudoxus-cnidus-astronomical-art-feq-aa.grc.md,38115,2819
feq,feq-ab,eudoxus-cnidus,eudoxus-cnidus-astronomical-fragments,Astronomical Phenomena Fragments,Ἀποσπάσματα,Science,grc/eudoxus-cnidus-astronomical-fragments-feq-ab.grc.md,208815,2176
jwo,jwo-aa,eudoxus-of-rhodes,eudoxus-rhodes-geography,Fragments on Geography,Ἀποσπάσματα περὶ Γεωγραφίας,History,grc/eudoxus-rhodes-geography-jwo-aa.grc.md,3029,1881
nso,nso-aa,eudromus-the-philosopher,eudromus-philosophical-division,Fragments on Philosophical Division,Ἀποσπάσματα περὶ Φιλοσοφικῆς Διαιρέσεως,Philosophy,grc/eudromus-philosophical-division-nso-aa.grc.md,2948,1865
cbc,cbc-aa,euenus-of-paros,euenus-paros-wisdom-moderation,On Wisdom and Moderation,Ἀποσπάσματα,Poetry,grc/euenus-paros-wisdom-moderation-cbc-aa.grc.md,4481,1788
rsa,rsa-aa,eugenius-the-alchemist,eugenius-alchemist-doubling,Eugenius' Doubling,Εὐγενίου δίπλωσις,Science,grc/eugenius-alchemist-doubling-rsa-aa.grc.md,2491,1544
krs,krs-aa,eumaeus-the-historian,eumaeus-hannibal-fragments,Fragments on Hannibal,Ἀποσπάσματα περὶ Ἀννίβου,History,grc/eumaeus-hannibal-fragments-krs-aa.grc.md,2821,1618
aaa,aaa-aa,eumelus-of-corinth,eumelus-corinth-matters,Corinthian Matters,Κορινθιακὰ Πράγματα,Epic,grc/eumelus-corinth-matters-aaa-aa.grc.md,13064,2001
aaa,aaa-ab,eumelus-of-corinth,eumelus-corinth-epic-fragments,Epic Fragments,Ἐπικὰ Ἀποσπάσματα,Epic,grc/eumelus-corinth-epic-fragments-aaa-ab.grc.md,4074,1731
aaa,aaa-ad,eumelus-of-corinth,eumelus-corinth-genealogy,Fragments on Corinthian Genealogy,Ἀποσπάσματα περὶ Κορινθιακῆς Γενεαλογίας,Epic,grc/eumelus-corinth-genealogy-aaa-ad.grc.md,4006,2059
aaa,aaa-ac,eumelus-of-corinth,eumelus-corinth-testimonies,Testimonies,Μαρτυρίαι,Epic,grc/eumelus-corinth-testimonies-aaa-ac.grc.md,2220,1367
sos,sos-aa,eunapius-of-sardis,eunapius-sardis-historical-fragments,Historical Fragments,Ἱστορικὰ Ἀποσπάσματα,History,grc/eunapius-sardis-historical-fragments-sos-aa.grc.md,194255,3084
sos,sos-ab,eunapius-of-sardis,eunapius-sardis-life-libanius,Life of Libanius,Βίος Λιβανίου,History,grc/eunapius-sardis-life-libanius-sos-ab.grc.md,10823,1520
hmq,hmq-aa,euphantus-of-olynthus,euphantus-olynthus-historical-fragments,Historical Fragments,Ἀποσπάσματα,Philosophy,grc/euphantus-olynthus-historical-fragments-hmq-aa.grc.md,2901,1798
kog,kog-ac,euphorion-of-chalcis,euphorion-chalcis-epigrams,Epigrams,Ἐπιγράμματα,Epic,grc/euphorion-chalcis-epigrams-kog-ac.grc.md,2712,1475
kog,kog-ab,euphorion-of-chalcis,euphorion-chalcis-ajax-myth,Fragments on Ajax and Myth,Ἀποσπάσματα περὶ Αἴαντος καὶ Μύθου,Epic,grc/euphorion-chalcis-ajax-myth-kog-ab.grc.md,23980,1902
kog,kog-aa,euphorion-of-chalcis,euphorion-chalcis-myth-divinity,Fragments on Myth and Divinity,Ἀποσπάσματα περὶ Μύθου καὶ Θειότητος,Epic,grc/euphorion-chalcis-myth-divinity-kog-aa.grc.md,19861,1823
ery,ery-ab,euphro-of-sicyon,euphro-sicyon-cooks-deceit,Fragments on Cooks and Deceit,Ἀποσπάσματα περὶ Μάγειρων καὶ Ἀπάτης,Comedy,grc/euphro-sicyon-cooks-deceit-ery-ab.grc.md,10131,1752
ery,ery-aa,euphro-of-sicyon,euphro-sicyon-seven-gastronomic-sages,Seven Gastronomic Sages,Ἀποσπάσματα,Comedy,grc/euphro-sicyon-seven-gastronomic-sages-ery-aa.grc.md,10217,1814
dum,dum-ae,eupolis-atheniensis,eupolis-athens-life-fragments,Athenian Life Fragments,Ἀποσπάσματα,Comedy,grc/eupolis-athens-life-fragments-dum-ae.grc.md,2759,1828
dum,dum-aa,eupolis-atheniensis,eupolis-athens-comic-rural-life,Comic Fragments on Rural Life,Ἀποσπάσματα περὶ Βίου Ἀγροικοῦ,Comedy,grc/eupolis-athens-comic-rural-life-dum-aa.grc.md,48869,2188
dum,dum-ad,eupolis-atheniensis,eupolis-athens-politicians,Fragments on Athenian Politicians,Ἀποσπάσματα περὶ τῶν Ἀθηναίων Πολιτικῶν,Comedy,grc/eupolis-athens-politicians-dum-ad.grc.md,35521,2528
dum,dum-ac,eupolis-atheniensis,eupolis-athens-fragments-society,Fragments on Athenian Society,Ἀποσπάσματα περὶ τῆς Ἀθηναίων Κοινωνίας,Comedy,grc/eupolis-athens-fragments-society-dum-ac.grc.md,11329,2072
dum,dum-ab,eupolis-atheniensis,eupolis-athens-pastoral-satirical,Pastoral and Satirical Fragments,Ἀποσπάσματα,Comedy,grc/eupolis-athens-pastoral-satirical-dum-ab.grc.md,43263,2231
cbm,cbm-aq,euripides,euripides-alcestis,Alcestis,Ἄλκηστις,Drama,grc/euripides-alcestis-cbm-aq.grc.md,97586,2354
cbm,cbm-al,euripides,euripides-alexander,Alexander,Ἀλέξανδρος,Drama,grc/euripides-alexander-cbm-al.grc.md,11783,2035
cbm,cbm-aj,euripides,euripides-andromache,Andromacha,Ἀνδρομάχη,Drama,grc/euripides-andromache-cbm-aj.grc.md,107620,1991
cbm,cbm-au,euripides,euripides-antiope,Antiope,Ἀντιόπη,Drama,grc/euripides-antiope-cbm-au.grc.md,13965,1761
cbm,cbm-av,euripides,euripides-bacchae,Bacchae,Βάκχαι,Drama,grc/euripides-bacchae-cbm-av.grc.md,114007,2129
cbm,cbm-an,euripides,euripides-cassandra-apollo,Cassandra and Apollo Fragments,Ἀποσπάσματα,Drama,grc/euripides-cassandra-apollo-cbm-an.grc.md,14965,1900
cbm,cbm-aw,euripides,euripides-cyclops,Cyclops,Κύκλωψ,Drama,grc/euripides-cyclops-cbm-aw.grc.md,62317,2289
cbm,cbm-ax,euripides,euripides-electra,Electra,Ἠλέκτρα,Drama,grc/euripides-electra-cbm-ax.grc.md,113957,1684
cbm,cbm-ar,euripides,euripides-epigrams,Epigrams,Ἐπιγράμματα,Drama,grc/euripides-epigrams-cbm-ar.grc.md,2047,1393
cbm,cbm-aa,euripides,euripides-uncertain-story,Fragments of an Uncertain Story,Ἀποσπάσματα ἀδήλου διηγήσεως,Drama,grc/euripides-uncertain-story-cbm-aa.grc.md,6936,1898
cbm,cbm-am,euripides,euripides-exile-lineage,Fragments on Exile and Lineage,Ἀποσπάσματα περὶ Φυγῆς καὶ Γένους,Drama,grc/euripides-exile-lineage-cbm-am.grc.md,262703,2741
cbm,cbm-ao,euripides,euripides-hector-cassandra,Fragments on Hector and Cassandra,Ἀποσπάσματα περὶ Ἕκτορος καὶ Κασσάνδρας,Drama,grc/euripides-hector-cassandra-cbm-ao.grc.md,69943,2478
cbm,cbm-ba,euripides,euripides-hecuba,Hecuba,Ἑκάβη,Drama,grc/euripides-hecuba-cbm-ba.grc.md,106754,2161
cbm,cbm-bb,euripides,euripides-helena,Helena,Ἑλένη,Drama,grc/euripides-helena-cbm-bb.grc.md,144062,1910
cbm,cbm-ah,euripides,euripides-heraclidae,Heracleidae,Ἡρακλεῖδαι,Drama,grc/euripides-heraclidae-cbm-ah.grc.md,91654,2230
cbm,cbm-as,euripides,euripides-hercules,Hercules,Ἡρακλῆς,Drama,grc/euripides-hercules-cbm-as.grc.md,117629,1777
cbm,cbm-ak,euripides,euripides-hippolytus,Hippolytus,Ἱππόλυτος,Drama,grc/euripides-hippolytus-cbm-ak.grc.md,119880,2120
cbm,cbm-ap,euripides,euripides-hypsipyle,Hypsipyle,Ὑψιπύλη,Drama,grc/euripides-hypsipyle-cbm-ap.grc.md,29126,1769
cbm,cbm-bf,euripides,euripides-ion,Ion,Ἴων,Drama,grc/euripides-ion-cbm-bf.grc.md,137568,2091
cbm,cbm-ad,euripides,euripides-iphigenia-aulis,Iphigenia at Aulis,Ἰφιγένεια ἐν Αὐλίδι,Drama,grc/euripides-iphigenia-aulis-cbm-ad.grc.md,137582,2411
cbm,cbm-ac,euripides,euripides-iphigenia-tauris,Iphigenia in Tauris,Ἰφιγένεια ἐν Ταύροις,Drama,grc/euripides-iphigenia-tauris-cbm-ac.grc.md,125571,2277
cbm,cbm-be,euripides,euripides-medea,Medea,Μήδεια,Drama,grc/euripides-medea-cbm-be.grc.md,117795,2013
cbm,cbm-bc,euripides,euripides-oeneus,Oeneus,Οἰνεύς,Drama,grc/euripides-oeneus-cbm-bc.grc.md,3430,1752
cbm,cbm-ay,euripides,euripides-orestes,Orestes,Ὀρέστης,Drama,grc/euripides-orestes-cbm-ay.grc.md,148451,1983
cbm,cbm-ae,euripides,euripides-papyrus-fragments,Papyrus Fragments,Ἀποσπάσματα παπύρου,Drama,grc/euripides-papyrus-fragments-cbm-ae.grc.md,68038,2361
cbm,cbm-at,euripides,euripides-phaethon,Phaethon,Φαέθων,Drama,grc/euripides-phaethon-cbm-at.grc.md,17504,2550
cbm,cbm-af,euripides,euripides-phoenician-women,Phoenician Women,Φοίνισσαι,Drama,grc/euripides-phoenician-women-cbm-af.grc.md,148698,1775
cbm,cbm-az,euripides,euripides-phrixus,Phrixus,Φρίξος,Drama,grc/euripides-phrixus-cbm-az.grc.md,4738,2209
cbm,cbm-bd,euripides,euripides-rhesus,Rhesus,Ῥῆσος,Drama,grc/euripides-rhesus-cbm-bd.grc.md,82672,2188
cbm,cbm-ai,euripides,euripides-suppliants,Supplicants,Ἱκέτιδες,Drama,grc/euripides-suppliants-cbm-ai.grc.md,105567,1931
cbm,cbm-ag,euripides,euripides-trojan-women,Trojan Women,Τρῳάδες,Drama,grc/euripides-trojan-women-cbm-ag.grc.md,107724,1536
cbm,cbm-ab,euripides,euripides-victory-ode-alcibiades,Victory Ode-Alcibiades,Νικητήριος ᾠδὴ ἐπὶ Ἀλκιβιάδῃ,Drama,grc/euripides-victory-ode-alcibiades-cbm-ab.grc.md,2777,1994
cbw,cbw-aa,euripides-the-tragedian,euripides-letters-archelaus,Letters to King Archelaus,Ἐπιστολαὶ πρὸς Ἀρχέλαον,,grc/euripides-letters-archelaus-cbw-aa.grc.md,24192,1872
szw,szw-aa,euryphamus-the-philosopher,euryphamus-life,Fragments on Life,Ἀποσπάσματα περὶ Βίου,Philosophy,grc/euryphamus-life-szw-aa.grc.md,10372,1501
eyw,eyw-ab,eurytus-the-pythagorean,eurytus-pythagorean-chance-spontaneous-events,On Chance and Spontaneous Events,Ἀπόσπασμα,Philosophy,grc/eurytus-pythagorean-chance-spontaneous-events-eyw-ab.grc.md,4203,2018
eyw,eyw-aa,eurytus-the-pythagorean,eurytus-pythagorean-testimonies,Testimonies,Μαρτυρίαι,Philosophy,grc/eurytus-pythagorean-testimonies-eyw-aa.grc.md,6110,2196
tva,tva-bg,eusebius-of-caesarea,eusebius-caesarea-against-hierocles,Against Hierocles,Κατὰ Ἱεροκλέους,Theology,grc/eusebius-caesarea-against-hierocles-tva-bg.grc.md,133081,2232
tva,tva-bh,eusebius-of-caesarea,eusebius-caesarea-against-marcellus,Against Marcellus,των κατά Μαρκέλλου,Theology,grc/eusebius-caesarea-against-marcellus-tva-bh.grc.md,225528,2061
tva,tva-av,eusebius-of-caesarea,eusebius-caesarea-evangelical-demonstration,Evangelical Demonstration,Ἐπίδειξις Εὐαγγελική,Theology,grc/eusebius-caesarea-evangelical-demonstration-tva-av.grc.md,1959658,2261
tva,tva-ab,eusebius-of-caesarea,eusebius-caesarea-evangelical-demonstration-fragments,Evangelical Demonstration Fragments of Book XV,"Ἐπίδειξις Εὐαγγελική, Ἀποσπάσματα Βιβλίου ΙΕʹ",Theology,grc/eusebius-caesarea-evangelical-demonstration-fragments-tva-ab.grc.md,14769,3350
tva,tva-at,eusebius-of-caesarea,eusebius-caesarea-ecclesiastical-theology,On Ecclesiastical Theology,περὶ τῆς ἐκκλησιαστικῆς θεολογίας,Theology,grc/eusebius-caesarea-ecclesiastical-theology-tva-at.grc.md,498884,2334
tva,tva-bm,eusebius-of-caesarea,eusebius-caesarea-theophany,On Theophany,Περὶ Θεοφανείας,Theology,grc/eusebius-caesarea-theophany-tva-bm.grc.md,107418,2025
tva,tva-aq,eusebius-of-caesarea,eusebius-caesarea-preparation-gospel,Preparation for the Gospel,Εὐαγγελικὴ Προπαρασκευή,Theology,grc/eusebius-caesarea-preparation-gospel-tva-aq.grc.md,3006522,2331
sio,sio-aa,eusebius-of-myndus,eusebius-myndus-ethical-maxims,Fragments on Ethical Maxims,Ἀποσπάσματα περὶ Ἠθικῶν Γνωμῶν,Philosophy,grc/eusebius-myndus-ethical-maxims-sio-aa.grc.md,43110,1788
xpw,xpw-ad,eustathius-thessalonica,eustathius-thessalonica-commentary-iliad,Commentary on Homer's Iliad,Ὑπόμνημα εἰς τὴν Ἰλιάδα,Grammar,grc/eustathius-thessalonica-commentary-iliad-xpw-ad.grc.md,12803346,610
xpw,xpw-ac,eustathius-thessalonica,eustathius-thessalonica-commentary-odyssey,Commentary on Homer's Odyssey,Ὑπόμνημα εἰς τὴν Ὀδύσσειαν,Grammar,grc/eustathius-thessalonica-commentary-odyssey-xpw-ac.grc.md,6530864,630
ugo,ugo-aa,eustochius-of-cappadocia,eustochius-cappadocia-pantikapaion,On the City of Pantikapaion,Ἀπόσπασμα,Oratory,grc/eustochius-cappadocia-pantikapaion-ugo-aa.grc.md,2427,1403
sma,sma-aa,eutecnius-the-paraphrast,eutecnius-paraphrast-oppian-cynegetica,Paraphrase of Oppian's Cynegetica,Παράφρασις εἰς τὰ Κυνηγετικά τοῦ Ὀππιανοῦ,Oratory,grc/eutecnius-paraphrast-oppian-cynegetica-sma-aa.grc.md,178139,1909
sma,sma-ab,eutecnius-the-paraphrast,eutecnius-paraphrast-oppian-halieutica,Paraphrase of Oppian's Halieutica,Παράφρασις εἰς τὰ Ἁλιευτικά τοῦ Ὀππιανοῦ,Oratory,grc/eutecnius-paraphrast-oppian-halieutica-sma-ab.grc.md,94160,2038
sma,sma-ac,eutecnius-the-paraphrast,eutecnius-paraphrast-nicander-antidotes,Paraphrase-Nicander's Antidotes,Παράφρασις εἰς τὰ Ἀντίδοτα Νικάνδρου,Oratory,grc/eutecnius-paraphrast-nicander-antidotes-sma-ac.grc.md,91932,1754
sma,sma-ad,eutecnius-the-paraphrast,eutecnius-paraphrast-theriaca,Paraphrase-Nicander's Theriaca,Παράφρασις εἰς τὰ Θηριακὰ Νικάνδρου,Oratory,grc/eutecnius-paraphrast-theriaca-sma-ad.grc.md,153007,1987
mas,mas-aa,euthydemus-the-physician,euthydemus-salted-fish-fisheries,On Salted Fish and Fisheries,Ἀπόσπασμα,Medicine,grc/euthydemus-salted-fish-fisheries-mas-aa.grc.md,3044,1422
uvy,uvy-aa,eutocius-of-ascalon,eutocius-ascalon-sphere-cylinder,Commentaries-the Books-the Sphere and Cylinder,Ὑπομνήματα εἰς τὰ περὶ σφαίρας καὶ κυλίνδρου,Mathematics,grc/eutocius-ascalon-sphere-cylinder-uvy-aa.grc.md,291246,2307
uvy,uvy-ad,eutocius-of-ascalon,eutocius-ascalon-commentary-conics,Commentary-Conics,Ὑπόμνημα εἰς τὰ Κωνικά,Mathematics,grc/eutocius-ascalon-commentary-conics-uvy-ad.grc.md,199877,1889
uvy,uvy-ab,eutocius-of-ascalon,eutocius-ascalon-equilibrium-planes,Commentary-the Books-the Equilibrium of Planes,Ὑπόμνημα εἰς τὰ περὶ ἰσορροπίας ἐπιπέδων,Mathematics,grc/eutocius-ascalon-equilibrium-planes-uvy-ab.grc.md,71681,2065
uvy,uvy-ac,eutocius-of-ascalon,eutocius-ascalon-measurement-circle,Commentary-the Measurement of the Circle,Ὑπόμνημα εἰς τὴν μέτρησιν τοῦ κύκλου,Mathematics,grc/eutocius-ascalon-measurement-circle-uvy-ac.grc.md,36088,2062
spm,spm-aa,eutropius-the-historian,eutropius-summary-city,"Summary from the Founding of the City, Paeanian Translation",Σύνοψις ἀπὸ τῆς Κτίσεως τῆς Πόλεως,History,grc/eutropius-summary-city-spm-aa.grc.md,329185,2168
smu,smu-aa,eutychianus-the-historian,eutychianus-julian-campaign,Fragments on Julian's Campaign,Ἀποσπάσματα περὶ τῆς Ἰουλιανοῦ Στρατείας,History,grc/eutychianus-julian-campaign-smu-aa.grc.md,4538,1734
nfm,nfm-aa,ezechiel-the-tragic-poet,ezechiel-tragic-extraction,Extraction,Ἐξαγωγή,Drama,grc/ezechiel-tragic-extraction-nfm-aa.grc.md,25151,1596
ksw,ksw-aa,fabius-pictor-the-historian,fabius-pictor-roman-history,Fabius Pictor's Roman History,Ἀποσπάσματα,History,grc/fabius-pictor-roman-history-ksw-aa.grc.md,51411,1816
tre,tre-aa,fables-of-trees-and-birds,fables-trees-birds-heidelberg-222,Fragments P. Heidelberg 222,Ἀποσπάσματα Π. Ἑϊδελβέργ 222,Poetry,grc/fables-trees-birds-heidelberg-222-tre-aa.grc.md,5811,1706
peq,peq-aa,favorinus-of-arelate,favorinus-arelate-old-age-pleasure,Fragments on Old Age and Pleasure,Ἀποσπάσματα περὶ Γήρως καὶ Ἡδονῆς,Philosophy,grc/favorinus-arelate-old-age-pleasure-peq-aa.grc.md,181601,1921
mbc,mbc-aa,florentine-paradox-anon,florentine-paradoxographer-marvels-waters,Marvels of Waters,Θαύματα περὶ ὑδάτων,History,grc/florentine-paradoxographer-marvels-waters-mbc-aa.grc.md,17693,1833
uri,uri-aa,florilegium-cyrillianum-anon,florilegium-cyrillianum-anthology,Cyrillian Anthology,Κυρίλλειος Ἀνθολογία,Poetry,grc/florilegium-cyrillianum-anthology-uri-aa.grc.md,303129,1721
pmi,pmi-ae,fronto-the-rhetorician,fronto-epigrams,Epigrams,Ἐπιγράμματα,Oratory,grc/fronto-epigrams-pmi-ae.grc.md,2701,1680
pmi,pmi-aa,fronto-the-rhetorician,fronto-headless-letters-supplement,Supplement to Headless Letters,Προσθήκη εἰς Ἐπιστολὰς Ἀκέφαλους,Oratory,grc/fronto-headless-letters-supplement-pmi-aa.grc.md,29927,1821
pmi,pmi-ad,fronto-the-rhetorician,fronto-friends,To Friends,Πρὸς Φίλους,Oratory,grc/fronto-friends-pmi-ad.grc.md,2694,1568
pmi,pmi-ab,fronto-the-rhetorician,fronto-marcus-caesar,To Marcus Caesar and Each Other,Πρὸς Μάρκον Καῖσαρα καὶ Ἀλλήλους,Oratory,grc/fronto-marcus-caesar-pmi-ab.grc.md,12235,1901
pmi,pmi-ac,fronto-the-rhetorician,fronto-marcus-caesar,To Marcus Caesar and Each Other,Πρὸς Μάρκον Καῖσαρα καὶ Ἀλλήλους,Oratory,grc/fronto-marcus-caesar-pmi-ac.grc.md,6550,2361
lyu,lyu-aa,gaius-acilius-the-historian,gaius-acilius-early-roman-history,Fragments on Early Roman History,Ἀποσπάσματα περὶ τῆς πρώτης Ῥωμαϊκῆς ἱστορίας,Philosophy,grc/gaius-acilius-early-roman-history-lyu-aa.grc.md,7114,1882
rmg,rmg-aa,gaius-asinius-quadratus,quadratus-parthica-fragments,Fragments of the Parthica,Ἀποσπάσματα τῆς Παρθικῆς,History,grc/quadratus-parthica-fragments-rmg-aa.grc.md,11259,1894
piw,piw-ab,galen-of-pergamon,galen-pergamon-allegories-theogony,Allegories-Hesiod's Theogony,Ἀλληγορίαι εἰς τὴν Θεογονίαν τοῦ Ἡσιόδου,Grammar,grc/galen-pergamon-allegories-theogony-piw-ab.grc.md,243186,2023
piw,piw-aa,galen-of-pergamon,galen-pergamon-allegories-iliad-4,Allegories-Homer's Iliad 4.1–4,Ἀλληγορίαι εἰς τὴν Ἰλιάδα τοῦ Ὁμήρου,Grammar,grc/galen-pergamon-allegories-iliad-4-piw-aa.grc.md,17711,1973
qmm,qmm-cg,galen-of-pergamon,galen-pergamon-epileptic-boy,Advice for an Epileptic Boy,Συμβουλή πρὸς παιδὶ ἐπιληπτικῷ,Medicine,grc/galen-pergamon-epileptic-boy-qmm-cg.grc.md,41771,2035
qmm,qmm-du,galen-of-pergamon,galen-pergamon-against-lycus,Against Lycus,Κατὰ Λύκου,Medicine,grc/galen-pergamon-against-lycus-qmm-du.grc.md,93345,1828
qmm,qmm-ar,galen-of-pergamon,galen-pergamon-against-writers-circuits,Against Those Who Wrote-Types or Circuits,Κατὰ τῶν γράψαντων περὶ τύπων ἢ κύκλων,Medicine,grc/galen-pergamon-against-writers-circuits-qmm-ar.grc.md,73890,1887
qmm,qmm-aj,galen-of-pergamon,galen-pergamon-against-julian-hippocrates-aphorisms,Against What Julian Said-Hippocrates' Aphorisms,Κατὰ τῶν ὑπὸ Ἰουλιανοῦ περὶ Ἱπποκράτους,Medicine,grc/galen-pergamon-against-julian-hippocrates-aphorisms-qmm-aj.grc.md,101079,2498
qmm,qmm-am,galen-of-pergamon,galen-pergamon-commentaries-epidemics-vi,Commentaries-Hippocrates Book VI of Epidemics,Ὑπομνήματα εἰς Ἱπποκράτους Ἐπιδημιῶν Ϛ',Medicine,grc/galen-pergamon-commentaries-epidemics-vi-qmm-am.grc.md,968820,2527
qmm,qmm-ak,galen-of-pergamon,galen-pergamon-commentaries-epidemics-3,Commentaries-Hippocrates' Book III of Epidemics,Ὑπομνήματα εἰς Ἱπποκράτους Ἐπιδημιῶν Γ',Medicine,grc/galen-pergamon-commentaries-epidemics-3-qmm-ak.grc.md,531624,2154
qmm,qmm-aw,galen-of-pergamon,galen-pergamon-hippocrates-prognostic,Commentaries-Hippocrates' Prognostic I,Ὑπομνήματα εἰς Ἱπποκράτους Προγνωστικὸν Α',Medicine,grc/galen-pergamon-hippocrates-prognostic-qmm-aw.grc.md,590755,2153
qmm,qmm-ax,galen-of-pergamon,galen-pergamon-timaeus-commentary,Commentary on Plato's Timaeus,Ὑπομνήματα εἰς τὰ τοῦ Πλάτωνος Τιμαίου ἀποσπάσματα,Medicine,grc/galen-pergamon-timaeus-commentary-qmm-ax.grc.md,65056,2247
qmm,qmm-aa,galen-of-pergamon,galen-pergamon-healthy-diet,Commentary-Hippocrates or Polybius' Work-the Healthy Diet of Individuals,Σχόλια εἰς Ἱπποκράτους ἢ Πολυβίου Περὶ ὑγιεινῆς,Medicine,grc/galen-pergamon-healthy-diet-qmm-aa.grc.md,84341,2965
qmm,qmm-ca,galen-of-pergamon,galen-pergamon-learn-arts,Exhortation to Learn the Arts,Παραίνεσις πρὸς τὴν τῶν τεχνῶν μάθησιν,Medicine,grc/galen-pergamon-learn-arts-qmm-ca.grc.md,67296,2275
qmm,qmm-as,galen-of-pergamon,galen-pergamon-explanation-obsolete-words,Explanation of Obsolete Words of Hippocrates,Ἐξήγησις τῶν παλαιῶν λέξεων τοῦ Ἱπποκράτους,Medicine,grc/galen-pergamon-explanation-obsolete-words-qmm-as.grc.md,130981,3008
qmm,qmm-ef,galen-of-pergamon,galen-pergamon-text,Galen,Γαληνὸς περὶ δίαιτας ἀδυνατίζουσας,Medicine,grc/galen-pergamon-text-qmm-ef.grc.md,81922,2407
qmm,qmm-an,galen-of-pergamon,galen-pergamon-detecting-feigned-illness,How Those Feigning Illnesses Should Be Detected,Πῶς δεῖ τοὺς νοσοῦντας προσποιουμένους ἐλέγχειν,Medicine,grc/galen-pergamon-detecting-feigned-illness-qmm-an.grc.md,13613,2079
qmm,qmm-dl,galen-of-pergamon,galen-pergamon-logical-instruction,Logical Instruction,Λογικὴ Διδασκαλία,Medicine,grc/galen-pergamon-logical-instruction-qmm-dl.grc.md,108452,1859
qmm,qmm-dz,galen-of-pergamon,galen-pergamon-medical-art,Medical Art,Ἰατρικὴ Τέχνη,Medicine,grc/galen-pergamon-medical-art-qmm-dz.grc.md,199071,1780
qmm,qmm-dm,galen-of-pergamon,galen-pergamon-affected-places,On Affected Places,Περὶ τῶν τόπων τῶν πεπονθότων,Medicine,grc/galen-pergamon-affected-places-qmm-dm.grc.md,879696,2096
qmm,qmm-ct,galen-of-pergamon,galen-pergamon-anatomical-procedures,On Anatomical Procedures,Περὶ τῶν ἀνατομικῶν ἐπιτηδευμάτων,Medicine,grc/galen-pergamon-anatomical-procedures-qmm-ct.grc.md,966436,2353
qmm,qmm-dy,galen-of-pergamon,galen-pergamon-antidotes,On Antidotes,Περὶ ἀντιδότων,Medicine,grc/galen-pergamon-antidotes-qmm-dy.grc.md,357426,2667
qmm,qmm-ds,galen-of-pergamon,galen-pergamon-barley-drink,On Barley Drink,Περὶ τῆς πτισάνης,Medicine,grc/galen-pergamon-barley-drink-qmm-ds.grc.md,30123,2386
qmm,qmm-dv,galen-of-pergamon,galen-pergamon-black-bile,On Black Bile,Περὶ μέλαινας χολῆς,Medicine,grc/galen-pergamon-black-bile-qmm-dv.grc.md,80716,1997
qmm,qmm-db,galen-of-pergamon,galen-pergamon-bones-beginners,On Bones for Beginners,Περὶ τῶν ὀστέων τοῖς νεοφύτοις,Medicine,grc/galen-pergamon-bones-beginners-qmm-db.grc.md,86366,2321
qmm,qmm-ec,galen-of-pergamon,galen-pergamon-crises,On Crises,Περὶ κρίσεων,Medicine,grc/galen-pergamon-crises-qmm-ec.grc.md,417519,1882
qmm,qmm-dq,galen-of-pergamon,galen-pergamon-critical-days,On Critical Days,Περὶ τῶν κρισίμων ἡμερῶν,Medicine,grc/galen-pergamon-critical-days-qmm-dq.grc.md,338733,2030
qmm,qmm-eb,galen-of-pergamon,galen-pergamon-customs,On Customs,Περὶ ἐθῶν,Medicine,grc/galen-pergamon-customs-qmm-eb.grc.md,53008,2283
qmm,qmm-ao,galen-of-pergamon,galen-pergamon-diagnosing-treating-emotions,On Diagnosing and Treating Each Mind's Emotions,Περὶ διαγνώσεως καὶ θεραπείας ἑκάστου τῶν τοῦ,Medicine,grc/galen-pergamon-diagnosing-treating-emotions-qmm-ao.grc.md,107622,2270
qmm,qmm-df,galen-of-pergamon,galen-pergamon-diagnosing-pulses,On Diagnosing Pulses,Περὶ τῆς διαγνώσεως τῶν σφυγμῶν,Medicine,grc/galen-pergamon-diagnosing-pulses-qmm-df.grc.md,387157,2578
qmm,qmm-cu,galen-of-pergamon,galen-pergamon-diagnosis-dreams,On Diagnosis from Dreams,Περὶ τῆς διγνώσεως ἐξ ἐνυπνίων,Medicine,grc/galen-pergamon-diagnosis-dreams-qmm-cu.grc.md,8789,2092
qmm,qmm-ck,galen-of-pergamon,galen-pergamon-difficulty-breathing,On Difficulty of Breathing,Περὶ δυσπνοίας,Medicine,grc/galen-pergamon-difficulty-breathing-qmm-ck.grc.md,400945,2995
qmm,qmm-co,galen-of-pergamon,galen-pergamon-divination-pulses,On Divination from Pulses,Περὶ τῆς μαντικῆς ἐκ τῶν σφυγμῶν,Medicine,grc/galen-pergamon-divination-pulses-qmm-co.grc.md,451493,2023
qmm,qmm-dw,galen-of-pergamon,galen-pergamon-emaciation,On Emaciation,Περὶ μαρασμοῦ,Medicine,grc/galen-pergamon-emaciation-qmm-dw.grc.md,73746,1820
qmm,qmm-ea,galen-of-pergamon,galen-pergamon-fullness,On Fullness,Περὶ πληρότητος,Medicine,grc/galen-pergamon-fullness-qmm-ea.grc.md,139705,2124
qmm,qmm-do,galen-of-pergamon,galen-pergamon-good-condition,On Good Condition,Περὶ τοῦ ἀγαθοῦ ἕξεως,Medicine,grc/galen-pergamon-good-condition-qmm-do.grc.md,12630,2160
qmm,qmm-br,galen-of-pergamon,galen-pergamon-hair,On Hair According to Hippocrates,Περὶ κόμης κατὰ Ἱπποκράτην,Medicine,grc/galen-pergamon-hair-qmm-br.grc.md,24996,1752
qmm,qmm-cp,galen-of-pergamon,galen-pergamon-hippocrates-aphorisms,On Hippocrates' Aphorisms,Περὶ Ἱπποκράτους Ἀφορισμῶν,Medicine,grc/galen-pergamon-hippocrates-aphorisms-qmm-cp.grc.md,1214656,2086
qmm,qmm-ch,galen-of-pergamon,galen-pergamon-hippocrates-epidemics,On Hippocrates' Epidemics I,Περὶ Ἱπποκράτους Ἐπιδημιῶν Α',Medicine,grc/galen-pergamon-hippocrates-epidemics-qmm-ch.grc.md,502682,2259
qmm,qmm-cl,galen-of-pergamon,galen-pergamon-prognostic,On Hippocrates' Prognostic,Περὶ Ἱπποκράτους Προγνωστικοῦ,Medicine,grc/galen-pergamon-prognostic-qmm-cl.grc.md,527467,2167
qmm,qmm-cb,galen-of-pergamon,galen-pergamon-fractures,On Hippocrates'-Fractures,Περὶ Ἱπποκράτους περὶ καταγμάτων,Medicine,grc/galen-pergamon-fractures-qmm-cb.grc.md,523029,2187
qmm,qmm-cq,galen-of-pergamon,galen-pergamon-joints,On Hippocrates'-Joints,Περὶ Ἱπποκράτους περὶ ἄρθρων,Medicine,grc/galen-pergamon-joints-qmm-cq.grc.md,648230,2115
qmm,qmm-aq,galen-of-pergamon,galen-pergamon-diet-acutely-ill,On Hippocrates'-the Diet of the Acutely Ill,Περὶ Ἱπποκράτους περὶ δίαιτας τῶν ὀξέων,Medicine,grc/galen-pergamon-diet-acutely-ill-qmm-aq.grc.md,838923,2432
qmm,qmm-ba,galen-of-pergamon,galen-pergamon-on-hippocrates-workshop,On Hippocrates'-the Doctor's Workshop,Περὶ Ἱπποκράτους περὶ τοῦ ἰατροῦ ἐργαστηρίου,Medicine,grc/galen-pergamon-on-hippocrates-workshop-qmm-ba.grc.md,518081,2842
qmm,qmm-bi,galen-of-pergamon,galen-pergamon-nature-of-man,On Hippocrates'-the Nature of Man,Εἰς Ἱπποκράτους Περὶ φύσεως ἀνθρώπου,Medicine,grc/galen-pergamon-nature-of-man-qmm-bi.grc.md,300801,2073
qmm,qmm-dr,galen-of-pergamon,galen-pergamon-own-books,On His Own Books,Περὶ τῶν ἰδίων βιβλίων,Medicine,grc/galen-pergamon-own-books-qmm-dr.grc.md,81374,1759
qmm,qmm-ac,galen-of-pergamon,galen-pergamon-leeches-cupping-scarification,"On Leeches, Revulsion, Cupping, Incision and Scarification",Περὶ βδελλῶν,Medicine,grc/galen-pergamon-leeches-cupping-scarification-qmm-ac.grc.md,11257,1848
qmm,qmm-de,galen-of-pergamon,galen-pergamon-medical-experience,On Medical Experience,Περὶ τῆς ἰατρικῆς ἐμπειρίας,Medicine,grc/galen-pergamon-medical-experience-qmm-de.grc.md,14502,1850
qmm,qmm-dx,galen-of-pergamon,galen-pergamon-melancholy,On Melancholy,Περὶ μελαγχολίας,Medicine,grc/galen-pergamon-melancholy-qmm-dx.grc.md,15748,2385
qmm,qmm-dg,galen-of-pergamon,galen-pergamon-natural-faculties,On Natural Faculties,Περί φυσικῶν δυνάμεων,Medicine,grc/galen-pergamon-natural-faculties-qmm-dg.grc.md,396018,2670
qmm,qmm-at,galen-of-pergamon,galen-pergamon-personal-doctrines-fragments,"On Personal Doctrines, Unpublished Fragments",Περὶ τῶν ἰδίων δογμάτων,Medicine,grc/galen-pergamon-personal-doctrines-fragments-qmm-at.grc.md,14437,1895
qmm,qmm-dh,galen-of-pergamon,galen-pergamon-preserving-health,On Preserving Health,Περὶ τῆς ὑγιείας διατηρήσεως,Medicine,grc/galen-pergamon-preserving-health-qmm-dh.grc.md,837361,2737
qmm,qmm-cv,galen-of-pergamon,galen-pergamon-prognosis-epigenes,On Prognosis to Epigenes,Περὶ προγνώσεως πρὸς Ἐπιγένη,Medicine,grc/galen-pergamon-prognosis-epigenes-qmm-cv.grc.md,144774,2082
qmm,qmm-cy,galen-of-pergamon,galen-pergamon-pulses-beginners,On Pulses for Beginners,Περὶ τῶν σφυγμῶν πρὸς νεοφύτους,Medicine,grc/galen-pergamon-pulses-beginners-qmm-cy.grc.md,75948,1978
qmm,qmm-dc,galen-of-pergamon,galen-pergamon-sects-beginners,On Sects for Beginners,Περὶ τῶν αἱρέσεων τοῖς εἰσαγομένοις,Medicine,grc/galen-pergamon-sects-beginners-qmm-dc.grc.md,79285,2087
qmm,qmm-ee,galen-of-pergamon,galen-pergamon-seed,On Seed,Περὶ σπέρματος,Medicine,grc/galen-pergamon-seed-qmm-ee.grc.md,257710,2318
qmm,qmm-di,galen-of-pergamon,galen-pergamon-seven-month-birth,On Seven-Month Birth,Περὶ ἑπταμηνίας,Medicine,grc/galen-pergamon-seven-month-birth-qmm-di.grc.md,19102,2074
qmm,qmm-dp,galen-of-pergamon,galen-pergamon-sexual-matters,On Sexual Matters,Περὶ τῶν ἀφροδισίων,Medicine,grc/galen-pergamon-sexual-matters-qmm-dp.grc.md,12265,2385
qmm,qmm-bt,galen-of-pergamon,galen-pergamon-sophisms,On Sophisms or Verbal Fallacies,Περὶ σοφισμάτων ἢ λογικῶν παγίδων,Medicine,grc/galen-pergamon-sophisms-qmm-bt.grc.md,32423,1909
qmm,qmm-bl,galen-of-pergamon,galen-pergamon-good-bad-juice,On Substances of Good and Bad Juice,Περὶ τῶν ὑλῶν τοῦ ἀγαθοῦ καὶ κακοῦ χυμοῦ,Medicine,grc/galen-pergamon-good-bad-juice-qmm-bl.grc.md,129981,1824
qmm,qmm-dt,galen-of-pergamon,galen-pergamon-temperaments,On Temperaments,Περὶ τῶν κράσεων,Medicine,grc/galen-pergamon-temperaments-qmm-dt.grc.md,334926,2397
qmm,qmm-bj,galen-of-pergamon,galen-pergamon-best-constitution,On the Best Constitution of Our Body,Περὶ τῆς ἀρίστης τοῦ σώματος κατασκευῆς,Medicine,grc/galen-pergamon-best-constitution-qmm-bj.grc.md,24960,2745
qmm,qmm-dj,galen-of-pergamon,galen-pergamon-best-doctrine,On the Best Doctrine,Περὶ τῆς ἀρίστης διδασκαλίας,Medicine,grc/galen-pergamon-best-doctrine-qmm-dj.grc.md,25895,2138
qmm,qmm-cr,galen-of-pergamon,galen-pergamon-causes-diseases,On the Causes of Diseases,Περὶ τῶν αἰτιῶν τῶν νόσων,Medicine,grc/galen-pergamon-causes-diseases-qmm-cr.grc.md,76977,1730
qmm,qmm-cz,galen-of-pergamon,galen-pergamon-causes-pulses,On the Causes of Pulses,Περὶ τῶν αἰτιῶν τῶν σφυγμῶν,Medicine,grc/galen-pergamon-causes-pulses-qmm-cz.grc.md,399588,2467
qmm,qmm-cc,galen-of-pergamon,galen-pergamon-causes-respiration,On the Causes of Respiration,Περὶ τῶν αἰτιῶν τῆς ἀναπνοῆς,Medicine,grc/galen-pergamon-causes-respiration-qmm-cc.grc.md,11245,2790
qmm,qmm-cs,galen-of-pergamon,galen-pergamon-causes-symptoms,On the Causes of Symptoms,Περὶ τῶν αἰτιῶν τῶν συμπτωμάτων,Medicine,grc/galen-pergamon-causes-symptoms-qmm-cs.grc.md,365236,2280
qmm,qmm-bf,galen-of-pergamon,galen-pergamon-drugs-by-places,On the Composition of Drugs by Places,Περὶ συνθέσεως φαρμάκων κατὰ τόπους βιβλία Ι,Medicine,grc/galen-pergamon-drugs-by-places-qmm-bf.grc.md,1813891,2090
qmm,qmm-bk,galen-of-pergamon,galen-pergamon-drugs-composition,On the Composition of Drugs by Types,Περὶ συνθέσεως φαρμάκων κατὰ γένη,Medicine,grc/galen-pergamon-drugs-composition-qmm-bk.grc.md,1298046,2415
qmm,qmm-af,galen-of-pergamon,galen-pergamon-medical-art-constitution,On the Constitution of the Medical Art to Patrophilus,Περὶ τῆς κατασκευῆς τῆς ἰατρικῆς τέχνης πρὸς,Medicine,grc/galen-pergamon-medical-art-constitution-qmm-af.grc.md,149560,2131
qmm,qmm-al,galen-of-pergamon,galen-pergamon-diagnosis-treatment-sins,On the Diagnosis and Treatment of Any Soul's Sins,Περὶ διαγνώσεως καὶ θεραπείας τῶν ἁμαρτημάτων,Medicine,grc/galen-pergamon-diagnosis-treatment-sins-qmm-al.grc.md,86658,2067
qmm,qmm-bw,galen-of-pergamon,galen-pergamon-diseases-differences,On the Differences of Diseases,Περὶ τῶν διαφορῶν τῶν νόσων,Medicine,grc/galen-pergamon-diseases-differences-qmm-bw.grc.md,83104,2097
qmm,qmm-cd,galen-of-pergamon,galen-pergamon-differences-fevers,On the Differences of Fevers,Περὶ τῶν διαφορῶν τῶν πυρετῶν,Medicine,grc/galen-pergamon-differences-fevers-qmm-cd.grc.md,264313,2415
qmm,qmm-ce,galen-of-pergamon,galen-pergamon-pulses-differences,On the Differences of Pulses,Περὶ τῶν διαφορῶν τῶν σφυγμῶν,Medicine,grc/galen-pergamon-pulses-differences-qmm-ce.grc.md,530453,1922
qmm,qmm-bx,galen-of-pergamon,galen-pergamon-differences-symptoms,On the Differences of Symptoms,Περὶ τῶν διαφορῶν τῶν συμπτωμάτων,Medicine,grc/galen-pergamon-differences-symptoms-qmm-bx.grc.md,83151,2274
qmm,qmm-au,galen-of-pergamon,galen-pergamon-dissection-muscles,On the Dissection of Muscles for Beginners,Περὶ τῆς τῶν μυῶν ἀνατομῆς πρὸς τοὺς νεοφύτους,Medicine,grc/galen-pergamon-dissection-muscles-qmm-au.grc.md,180294,2040
qmm,qmm-ci,galen-of-pergamon,galen-pergamon-dissection-nerves,On the Dissection of Nerves,Περὶ τῆς νεύρων τομῆς,Medicine,grc/galen-pergamon-dissection-nerves-qmm-ci.grc.md,46777,2822
qmm,qmm-bu,galen-of-pergamon,galen-pergamon-dissection-uterus,On the Dissection of the Uterus,Περὶ τῆς μήτρας τομῆς,Medicine,grc/galen-pergamon-dissection-uterus-qmm-bu.grc.md,40839,2009
qmm,qmm-bb,galen-of-pergamon,galen-pergamon-dissection-veins-arteries,On the Dissection of Veins and Arteries,Περὶ τῆς φλεβῶν καὶ ἀρτηριῶν τομῆς,Medicine,grc/galen-pergamon-dissection-veins-arteries-qmm-bb.grc.md,94290,1969
qmm,qmm-az,galen-of-pergamon,galen-pergamon-doctrines-hippocrates-plato,On the Doctrines of Hippocrates and Plato,Περὶ τῶν δογμάτων Ἱπποκράτους καὶ Πλάτωνος,Medicine,grc/galen-pergamon-doctrines-hippocrates-plato-qmm-az.grc.md,1174500,2456
qmm,qmm-bs,galen-of-pergamon,galen-pergamon-elements,On the Elements from Hippocrates,Περὶ τῶν στοιχείων ἐξ Ἱπποκράτους,Medicine,grc/galen-pergamon-elements-qmm-bs.grc.md,163839,2545
qmm,qmm-bp,galen-of-pergamon,galen-pergamon-small-ball-exercise,On the Exercise of the Small Ball,Περὶ τῆς μικρᾶς σφαίρας γυμνασίας,Medicine,grc/galen-pergamon-small-ball-exercise-qmm-bp.grc.md,23845,2025
qmm,qmm-cj,galen-of-pergamon,galen-pergamon-formation-fetuses,On the Formation of Fetuses,Περὶ τῆς τῶν ἐμβρύων διαπλάσεως,Medicine,grc/galen-pergamon-formation-fetuses-qmm-cj.grc.md,97885,2337
qmm,qmm-cm,galen-of-pergamon,galen-pergamon-instrument-smell,On the Instrument of Smell,Περὶ τοῦ ὀργάνου τῆς ὀσμῆς,Medicine,grc/galen-pergamon-instrument-smell-qmm-cm.grc.md,59427,1956
qmm,qmm-cw,galen-of-pergamon,galen-pergamon-method-healing,On the Method of Healing,Περὶ τῆς μεθόδου θεραπείας,Medicine,grc/galen-pergamon-method-healing-qmm-cw.grc.md,1957002,2114
qmm,qmm-bc,galen-of-pergamon,galen-pergamon-method-healing-venesection,On the Method of Healing by Venesection,Περὶ τῆς θεραπευτικῆς μεθόδου διὰ φλεβοτομίας,Medicine,grc/galen-pergamon-method-healing-venesection-qmm-bc.grc.md,130084,2858
qmm,qmm-cn,galen-of-pergamon,galen-pergamon-movement-muscles,On the Movement of Muscles,Περὶ κινήσεως μυῶν,Medicine,grc/galen-pergamon-movement-muscles-qmm-cn.grc.md,182715,2143
qmm,qmm-bd,galen-of-pergamon,galen-pergamon-order-books-eugenianus,On the Order of His Books to Eugenianus,Περὶ τῆς τάξεως τῶν βιβλίων πρὸς Εὐγενιανόν,Medicine,grc/galen-pergamon-order-books-eugenianus-qmm-bd.grc.md,28075,2603
qmm,qmm-bm,galen-of-pergamon,galen-pergamon-purgative-medicines,On the Power of Purgative Medicines,Περὶ τῆς δυνάμεως τῶν καθαρτικῶν φαρμάκων,Medicine,grc/galen-pergamon-purgative-medicines-qmm-bm.grc.md,40528,2740
qmm,qmm-dd,galen-of-pergamon,galen-pergamon-powers-foods,On the Powers in Foods,Περὶ τῶν ἐν ταῖς τροφαῖς δυνάμεων,Medicine,grc/galen-pergamon-powers-foods-qmm-dd.grc.md,553747,2001
qmm,qmm-ad,galen-of-pergamon,galen-pergamon-shoulder-dislocated,On the Shoulder Dislocated in Ways Hippocrates Did Not See,Περὶ τοῦ ὤμου τοῖς τρόποις ἐκπεπτωκότος οὓς,Medicine,grc/galen-pergamon-shoulder-dislocated-qmm-ad.grc.md,126017,2243
qmm,qmm-bg,galen-of-pergamon,galen-pergamon-substance-faculties,On the Substance of Natural Faculties,Περὶ τῆς οὐσίας τῶν φυσικῶν δυνάμεων,Medicine,grc/galen-pergamon-substance-faculties-qmm-bg.grc.md,19715,2114
qmm,qmm-ae,galen-of-pergamon,galen-pergamon-temperaments-powers-medicines,On the Temperaments and Powers of Simple Medicines I-VI,Περὶ τῶν τῶν ἁπλῶν φαρμάκων κράσεων καὶ δυνάμεων,Medicine,grc/galen-pergamon-temperaments-powers-medicines-qmm-ae.grc.md,1659384,2344
qmm,qmm-cx,galen-of-pergamon,galen-pergamon-diseases-times,On the Times of Diseases,Περὶ τῶν χρόνων τῶν νόσων,Medicine,grc/galen-pergamon-diseases-times-qmm-cx.grc.md,68411,1974
qmm,qmm-bq,galen-of-pergamon,galen-pergamon-times-disease,On the Times of the Whole Disease,Περὶ τῶν χρόνων τοῦ ὅλου νόσου,Medicine,grc/galen-pergamon-times-disease-qmm-bq.grc.md,45914,2299
qmm,qmm-bh,galen-of-pergamon,galen-pergamon-human-body-parts,On the Use of Parts of the Human Body,Περὶ χρείας τῶν τοῦ ἀνθρωπίνου σώματος μορίων,Medicine,grc/galen-pergamon-human-body-parts-qmm-bh.grc.md,2389550,2229
qmm,qmm-dk,galen-of-pergamon,galen-pergamon-pulses,On the Use of Pulses,Περὶ χρείας σφυγμῶν,Medicine,grc/galen-pergamon-pulses-qmm-dk.grc.md,58100,1988
qmm,qmm-by,galen-of-pergamon,galen-pergamon-usefulness-breathing,On the Usefulness of Breathing,Περὶ τῆς ὠφελείας τῆς ἀναπνοῆς,Medicine,grc/galen-pergamon-usefulness-breathing-qmm-by.grc.md,80882,2194
qmm,qmm-dn,galen-of-pergamon,galen-pergamon-theriac-piso,On Theriac to Piso,Περὶ θηριακῆς πρὸς Πείσωνα,Medicine,grc/galen-pergamon-theriac-piso-qmm-dn.grc.md,165495,2130
qmm,qmm-ap,galen-of-pergamon,galen-pergamon-tremor-palpitation-convulsion-rigidity,"On Tremor, Palpitation, Convulsion and Rigidity",Περὶ τρόμου,Medicine,grc/galen-pergamon-tremor-palpitation-convulsion-rigidity-qmm-ap.grc.md,114035,2212
qmm,qmm-cf,galen-of-pergamon,galen-pergamon-tumors,On Tumors Contrary to Nature,Περὶ τῶν ὄγκων παρὰ φύσιν,Medicine,grc/galen-pergamon-tumors-qmm-cf.grc.md,54415,1902
qmm,qmm-ed,galen-of-pergamon,galen-pergamon-types,On Types,Περὶ τῶν τύπων,Medicine,grc/galen-pergamon-types-qmm-ed.grc.md,22828,2188
qmm,qmm-da,galen-of-pergamon,galen-pergamon-unequal-intemperance,On Unequal Intemperance,Περὶ ἀνισοῦ ἀκρασίας,Medicine,grc/galen-pergamon-unequal-intemperance-qmm-da.grc.md,41189,2179
qmm,qmm-ai,galen-of-pergamon,galen-pergamon-venesection-erasistrateans-rome,On VenesectiErasistrateans Living in Rome,Περὶ φλεβοτομίας κατὰ Ἐρασιστρατείους Ῥώμῃ,Medicine,grc/galen-pergamon-venesection-erasistrateans-rome-qmm-ai.grc.md,119205,2753
qmm,qmm-bn,galen-of-pergamon,galen-pergamon-venesection,On VenesectiErasistratus,Περὶ φλεβοτομίας κατὰ Ἐρασίστρατον,Medicine,grc/galen-pergamon-venesection-qmm-bn.grc.md,77287,2179
qmm,qmm-ay,galen-of-pergamon,galen-pergamon-timaeus-commentary,Scholia on Plato's Timaeus,Σχόλια εἰς τὰ ἀποσπάσματα τοῦ Πλάτωνος Τιμαίου,Medicine,grc/galen-pergamon-timaeus-commentary-qmm-ay.grc.md,36495,2140
qmm,qmm-bv,galen-of-pergamon,galen-pergamon-synopsis-pulses,Synopsis of His Books-Pulses,Σύνοψις τῶν βιβλίων περὶ σφυγμῶν,Medicine,grc/galen-pergamon-synopsis-pulses-qmm-bv.grc.md,196885,2073
qmm,qmm-bz,galen-of-pergamon,galen-pergamon-qualities-incorporeal,That Qualities are Incorporeal,Ὅτι τὰ ποιοῦντα ἀσώματα,Medicine,grc/galen-pergamon-qualities-incorporeal-qmm-bz.grc.md,41648,1895
qmm,qmm-av,galen-of-pergamon,galen-pergamon-best-doctor-philosopher,That the Best Doctor is Also a Philosopher,Ὅτι ὁ ἄριστος ἰατρὸς καὶ φιλόσοφος ἐστίν,Medicine,grc/galen-pergamon-best-doctor-philosopher-qmm-av.grc.md,20463,2434
qmm,qmm-ag,galen-of-pergamon,galen-pergamon-mind-morals-body-temperaments,That the Mind's Morals Follow the Body's Temperaments,Ὅτι οἱ τοῦ ἀνθρώπου τρόποι τοῖς τοῦ σώματος,Medicine,grc/galen-pergamon-mind-morals-body-temperaments-qmm-ag.grc.md,107958,2602
qmm,qmm-ab,galen-of-pergamon,galen-pergamon-thrasybulus-hygiene,Thrasybulus or Whether Hygiene Belongs to Medicine or Gymnastics,Θρασύβουλος ἢ πότερον ἰατρικῇ ἢ γυμναστικῇ ὑγιεινή,Medicine,grc/galen-pergamon-thrasybulus-hygiene-qmm-ab.grc.md,172208,2609
qmm,qmm-bo,galen-of-pergamon,galen-pergamon-method-healing,To Glaucthe Method of Healing,Πρὸς Γλαύκωνα περὶ τῆς μεθόδου θεραπείας,Medicine,grc/galen-pergamon-method-healing-qmm-bo.grc.md,284782,1987
qmm,qmm-be,galen-of-pergamon,galen-pergamon-blood-arteries,Whether Blood Is Contained In Arteries,Εἰ ἐν ταῖς ἀρτηρίαις αἷμα περιέχεται,Medicine,grc/galen-pergamon-blood-arteries-qmm-be.grc.md,63460,1918
qmm,qmm-ah,galen-of-pergamon,galen-pergamon-purgative-medicines,Whom to Purge with Which Purgative Medicines and When,Ποιοὺς τίνι καθαρτικῷ καὶ πότε καθαίρειν δεῖ,Medicine,grc/galen-pergamon-purgative-medicines-qmm-ah.grc.md,28081,2080
nwa,nwa-ac,geminus-of-rhodes,geminus-rhodes-calendar,Calendar,Ἡμερολόγιον,Science,grc/geminus-rhodes-calendar-nwa-ac.grc.md,22870,1809
nwa,nwa-aa,geminus-of-rhodes,geminus-rhodes-astronomy,Elements of Astronomy,Στοιχεῖα Ἀστρονομίας,Science,grc/geminus-rhodes-astronomy-nwa-aa.grc.md,252863,1970
nwa,nwa-ab,geminus-of-rhodes,geminus-rhodes-optical-fragments,Optical Fragments,Ὀπτικὰ Ἀποσπάσματα,Science,grc/geminus-rhodes-optical-fragments-nwa-ab.grc.md,10285,1923
xia,xia-aa,genuine-etymological-work,etymologicum-genuinum,Genuine Etymological Work,Ἐτυμολογικὸν τὸ Γενικόν,Lexicography,grc/etymologicum-genuinum-xia-aa.grc.md,856644,581
ums,ums-aa,geographical-work-anon,anon-geographica-parthian-stations,Parthian Stations,Παρθικαὶ Στάσεις,Geography,grc/anon-geographica-parthian-stations-ums-aa.grc.md,10362,2013
mbm,mbm-aa,geographical-works-anon,anon-geographica-measurements-islands,Geographical Measurements of Islands,Ἀποσπάσματα,Geography,grc/anon-geographica-measurements-islands-mbm-aa.grc.md,4293,1517
fbo,fbo-aa,glaucus-of-rhegium,glaucus-rhegium-ancient-poets-musicians,On Ancient Poets and Musicians,Ἀποσπάσματα,History,grc/glaucus-rhegium-ancient-poets-musicians-fbo-aa.grc.md,7058,1957
mfs,mfs-aa,glaucus-the-historian,glaucus-geography-antiquities,Arab Geography and Antiquities,Ἀποσπάσματα,History,grc/glaucus-geography-antiquities-mfs-aa.grc.md,4399,1627
dne,dne-aa,gorgias-of-athens,gorgias-athens-courtesans,On Athenian Courtesans,Ἀποσπάσματα,History,grc/gorgias-athens-courtesans-dne-aa.grc.md,4307,1644
eme,eme-ab,gorgias-of-leontini,gorgias-leontini-nature-nonbeing,On Nature and Non-Being,Ἀποσπάσματα,Oratory,grc/gorgias-leontini-nature-nonbeing-eme-ab.grc.md,82264,1836
eme,eme-ac,gorgias-of-leontini,gorgias-leontini-testimonies,Testimonies 1,Μαρτυρίαι Α',Oratory,grc/gorgias-leontini-testimonies-eme-ac.grc.md,2617,1856
eme,eme-aa,gorgias-of-leontini,gorgias-leontini-testimonies-2,Testimonies 2,Μαρτυρίαι Β',Oratory,grc/gorgias-leontini-testimonies-2-eme-aa.grc.md,31131,2114
cdk,cdk-aa,gorgon-the-historian,gorgon-rhodian-sacrifices,On Rhodian Sacrifices,Ἀποσπάσματα,History,grc/gorgon-rhodian-sacrifices-cdk-aa.grc.md,2625,1536
ois,ois-aa,gospel-of-luke,luke-salt-preparation,Preparation of Salt,Σκευασία ἁλατίου,Medicine,grc/luke-salt-preparation-ois-aa.grc.md,3865,2086
xie,xie-aa,great-etymological-work,etymologicum-magnum,Great Etymological Work,Ἐτυμολογικὸν τὸ Μέγα,Lexicography,grc/etymologicum-magnum-xie-aa.grc.md,4260501,591
ajg,ajg-aa,greek-anthology,greek-anthology-volume-5,"Anthology, Volume V",Ἀνθολογία,Poetry,grc/greek-anthology-volume-5-ajg-aa.grc.md,2073861,2304
tqa,tqa-aa,greek-grammarian-anon,anon-grammarian-declension-nouns,Commentary-the Anonymous Work-the Declension of Nouns,Περὶ κλίσεως ὀνομάτων,Grammar,grc/anon-grammarian-declension-nouns-tqa-aa.grc.md,3601,1750
tqa,tqa-ad,greek-grammarian-anon,anon-grammarian-compendium-herodian,Compendium of Catholic Herodian,Σύνοψις Καθολικοῦ Ἡρωδιανοῦ,Grammar,grc/anon-grammarian-compendium-herodian-tqa-ad.grc.md,4495,1779
tqa,tqa-ab,greek-grammarian-anon,anon-grammarian-herodian-declension,Compendium of Herodian's Work-Declension of Nouns,Περὶ κλίσεως,Grammar,grc/anon-grammarian-herodian-declension-tqa-ab.grc.md,3449,1660
tqa,tqa-ae,greek-grammarian-anon,anon-grammarian-fragment,Grammatical Fragment,Γραμματικὸν Ἀπόσπασμα,Grammar,grc/anon-grammarian-fragment-tqa-ae.grc.md,5967,1522
tqa,tqa-af,greek-grammarian-anon,anon-grammarian-fragment,Grammatical Fragment,Γραμματικὸν Ἀπόσπασμα,Grammar,grc/anon-grammarian-fragment-tqa-af.grc.md,14346,1405
tqa,tqa-ag,greek-grammarian-anon,anon-grammarian-fragment,Grammatical Fragment,Γραμματικὸν Ἀπόσπασμα,Grammar,grc/anon-grammarian-fragment-tqa-ag.grc.md,6074,1854
tqa,tqa-am,greek-grammarian-anon,anon-grammarian-fragment,Grammatical Fragment,Γραμματικὸν Ἀπόσπασμα,Grammar,grc/anon-grammarian-fragment-tqa-am.grc.md,5869,1763
tqa,tqa-an,greek-grammarian-anon,anon-grammarian-fragment,Grammatical Fragment,Γραμματικὸν Ἀπόσπασμα,Grammar,grc/anon-grammarian-fragment-tqa-an.grc.md,4630,1755
tqa,tqa-ao,greek-grammarian-anon,anon-grammarian-fragment,Grammatical Fragment,Γραμματικὸν Ἀπόσπασμα,Grammar,grc/anon-grammarian-fragment-tqa-ao.grc.md,2280,1284
tqa,tqa-ah,greek-grammarian-anon,anon-grammarian-fragment,Grammatical Fragment,Γραμματικὸν Ἀπόσπασμα,Grammar,grc/anon-grammarian-fragment-tqa-ah.grc.md,4345,1759
tqa,tqa-ak,greek-grammarian-anon,anon-grammarian-fragment,Grammatical Fragment,Γραμματικὸν Ἀπόσπασμα,Grammar,grc/anon-grammarian-fragment-tqa-ak.grc.md,3047,1723
tqa,tqa-al,greek-grammarian-anon,anon-grammarian-fragment,Grammatical Fragment,Γραμματικὸν Ἀπόσπασμα,Grammar,grc/anon-grammarian-fragment-tqa-al.grc.md,3978,1593
tqa,tqa-at,greek-grammarian-anon,anon-grammarian-fragment,Grammatical Fragment,Γραμματικὸν Ἀπόσπασμα,Grammar,grc/anon-grammarian-fragment-tqa-at.grc.md,2716,1287
tqa,tqa-as,greek-grammarian-anon,anon-grammarian-fragment,Grammatical Fragment,Γραμματικὸν Ἀπόσπασμα,Grammar,grc/anon-grammarian-fragment-tqa-as.grc.md,3352,1659
tqa,tqa-ar,greek-grammarian-anon,anon-grammarian-fragment,Grammatical Fragment,Γραμματικὸν Ἀπόσπασμα,Grammar,grc/anon-grammarian-fragment-tqa-ar.grc.md,4376,1666
tqa,tqa-aq,greek-grammarian-anon,anon-grammarian-fragment,Grammatical Fragment,Γραμματικὸν Ἀπόσπασμα,Grammar,grc/anon-grammarian-fragment-tqa-aq.grc.md,3661,1517
tqa,tqa-ap,greek-grammarian-anon,anon-grammarian-fragment,Grammatical Fragment,Γραμματικὸν Ἀπόσπασμα,Grammar,grc/anon-grammarian-fragment-tqa-ap.grc.md,5915,1332
tqa,tqa-aj,greek-grammarian-anon,anon-grammarian-fragment,Grammatical Fragment,Γραμματικὸν Ἀπόσπασμα,Grammar,grc/anon-grammarian-fragment-tqa-aj.grc.md,5862,1648
tqa,tqa-ai,greek-grammarian-anon,anon-grammarian-fragment,Grammatical Fragment,Γραμματικὸν Ἀπόσπασμα,Grammar,grc/anon-grammarian-fragment-tqa-ai.grc.md,4103,1659
tqa,tqa-av,greek-grammarian-anon,anon-grammarian-aeolis,On Aeolis,Περὶ Αἰολίδος,Grammar,grc/anon-grammarian-aeolis-tqa-av.grc.md,8241,1819
tqa,tqa-au,greek-grammarian-anon,anon-grammarian-participles,On Participles,Περὶ Μετοχῶν,Grammar,grc/anon-grammarian-participles-tqa-au.grc.md,3268,2072
tqa,tqa-ac,greek-grammarian-anon,anon-grammarian-ancient-art,Supplements to the Ancient Art of Dionysius,Προσθήκαι εἰς τὴν Ἀρχαίαν Τέχνην τοῦ Διονυσίου,Grammar,grc/anon-grammarian-ancient-art-tqa-ac.grc.md,38159,1889
dgg,dgg-aa,greek-lyric-fragments-anon,anon-greek-lyric-fragments,Anonymous Fragments from Authors,Ἀνώνυμα Ἀποσπάσματα ἐκ Συγγραφέων,Poetry,grc/anon-greek-lyric-fragments-dgg-aa.grc.md,15013,2119
sne,sne-cc,gregory-nazianzus,gregory-nazianzus-dogmatic-poems,Dogmatic Poems,,Theology,grc/gregory-nazianzus-dogmatic-poems-sne-cc.grc.md,141246,443
sne,sne-cl,gregory-nazianzus,gregory-nazianzus-friendship-duty,Letters on Friendship and Duty,,Theology,grc/gregory-nazianzus-friendship-duty-sne-cl.grc.md,520673,479
sne,sne-by,gregory-nazianzus,gregory-nazianzus-moral-poem-30,Moral Poem Thirty,,Theology,grc/gregory-nazianzus-moral-poem-30-sne-by.grc.md,484466,447
sne,sne-bt,gregory-nazianzus,gregory-nazianzus-poems,Poems About Himself,,Theology,grc/gregory-nazianzus-poems-sne-bt.grc.md,381024,435
sne,sne-bn,gregory-nazianzus,gregory-nazianzus-others,Poems Concerning Others,,Theology,grc/gregory-nazianzus-others-sne-bn.grc.md,152170,445
sne,sne-bu,gregory-nazianzus,gregory-nazianzus-theological-letters,Theological Letters,,Theology,grc/gregory-nazianzus-theological-letters-sne-bu.grc.md,55917,465
cgw,cgw-aa,gryllus-of-athens,gryllus-athens-mime-contest,Heracles and the Mime in Contest,Ἀπόσπασμα,Poetry,grc/gryllus-athens-mime-contest-cgw-aa.grc.md,3073,1490
xib,xib-aa,gudian-etymological-work,etymologicum-gudianum,Gudian Etymological Work,Ἐτυμολογικὸν τὸ Γουδιανόν,Lexicography,grc/etymologicum-gudianum-xib-aa.grc.md,3305176,585
ras,ras-aa,hadrian-of-tyre-the-sophist,hadrian-tyre-declamation,Declamation,Μελέτη,Oratory,grc/hadrian-tyre-declamation-ras-aa.grc.md,5856,2052
jwy,jwy-aa,harmodius-of-lepreum,harmodius-lepreum-customs-phigalia,On the Customs of Phigalia,Ἀποσπάσματα,History,grc/harmodius-lepreum-customs-phigalia-jwy-aa.grc.md,7454,1751
rsk,rsk-aa,harpocration-letters,harpocration-medicine-astrology-letter-caesar-augustus,Letter to Caesar Augustus,Ἐπιστολή,Medicine,grc/harpocration-medicine-astrology-letter-caesar-augustus-rsk-aa.grc.md,15057,1728
hoe,hoe-ac,hecataeus-of-abdera,hecataeus-abdera-egyptian-philosophy-religion,On Egyptian Philosophy and Religion,Ἀποσπάσματα,History,grc/hecataeus-abdera-egyptian-philosophy-religion-hoe-ac.grc.md,312098,1835
hoe,hoe-ad,hecataeus-of-abdera,hecataeus-abdera-hyperboreans,On the Hyperboreans,Ἀποσπάσματα,History,grc/hecataeus-abdera-hyperboreans-hoe-ad.grc.md,22725,1661
hoe,hoe-aa,hecataeus-of-abdera,hecataeus-abdera-testimonies,Testimonies 1,Μαρτυρίαι Α',History,grc/hecataeus-abdera-testimonies-hoe-aa.grc.md,8809,1882
hoe,hoe-ab,hecataeus-of-abdera,hecataeus-abdera-testimonies-2,Testimonies 2,Μαρτυρίαι Β',History,grc/hecataeus-abdera-testimonies-2-hoe-ab.grc.md,4402,1710
bli,bli-ac,hecataeus-of-miletus,hecataeus-miletus-geographical-europe,Geographical Fragments on Europe,Ἀποσπάσματα περὶ τῆς Εὐρώπης,History,grc/hecataeus-miletus-geographical-europe-bli-ac.grc.md,3496,2218
bli,bli-ab,hecataeus-of-miletus,hecataeus-miletus-historical-fragments,Historical Fragments of Hecataeus,Ἀποσπάσματα Ἑκαταίου,History,grc/hecataeus-miletus-historical-fragments-bli-ab.grc.md,144612,2248
bli,bli-aa,hecataeus-of-miletus,hecataeus-miletus-testimonies,Testimonies,Μαρτυρίαι,History,grc/hecataeus-miletus-testimonies-bli-aa.grc.md,30515,2203
kgy,kgy-aa,hedyle,hedyle-scylla-galatea,Fragments on Scylla and Galatea,Ἀποσπάσματα περὶ Σκύλλης καὶ Γαλατείας,Poetry,grc/hedyle-scylla-galatea-kgy-aa.grc.md,2816,2061
jug,jug-ab,hedylus-of-samos,hedylus-samos-epigrams,Epigrams,Ἐπιγράμματα,Poetry,grc/hedylus-samos-epigrams-jug-ab.grc.md,4438,1781
jug,jug-aa,hedylus-of-samos,hedylus-samos-fragments,Fragment and Title,Ἀπόσπασμα καὶ Τίτλος,Poetry,grc/hedylus-samos-fragments-jug-aa.grc.md,2593,1774
jvk,jvk-ab,hegemon-of-alexandria,hegemon-alexandria-epigram,Epigram,Ἐπίγραμμα,Epic,grc/hegemon-alexandria-epigram-jvk-ab.grc.md,2259,1586
jvk,jvk-aa,hegemon-of-alexandria,hegemon-alexandria-thessalian-aleuas,Fragments on Thessalian Aleuas,Ἀποσπάσματα περὶ Θεσσαλοῦ Ἀλεύου,Epic,grc/hegemon-alexandria-thessalian-aleuas-jvk-aa.grc.md,3007,1536
dos,dos-aa,hegemon-of-thasos,hegemon-thasos-satire,Hegemon's Thasian Satire,Ἀπόσπασμα,Poetry,grc/hegemon-thasos-satire-dos-aa.grc.md,3987,1776
jwe,jwe-aa,hegesander-delphicus,hegesander-delphicus-plato-character,Anecdotes on Plato's Character,Ἀποσπάσματα,History,grc/hegesander-delphicus-plato-character-jwe-aa.grc.md,42932,1753
kqe,kqe-aa,hegesianax-of-alexandria-troas,hegesianax-alexandria-troas-fragments,Fragments and Title,Ἀποσπάσματα καὶ Τίτλος,Science,grc/hegesianax-alexandria-troas-fragments-kqe-aa.grc.md,2233,1475
kqe,kqe-ab,hegesianax-of-alexandria-troas,hegesianax-alexandria-troas-fiery-seas,Fragments on Fiery Seas,Ἀποσπάσματα περὶ Θαλασσῶν Πυρίνων,Science,grc/hegesianax-alexandria-troas-fiery-seas-kqe-ab.grc.md,2639,1913
kqe,kqe-ac,hegesianax-of-alexandria-troas,hegesianax-alexandria-troas-trojan-legends,Trojan Legends,Ἀποσπάσματα,Science,grc/hegesianax-alexandria-troas-trojan-legends-kqe-ac.grc.md,10100,1518
lek,lek-aa,hegesinus-the-epic-poet,hegesinus-atthis-fragment,Atthis Spurious Fragment,Ἄτθις Ψευδὲς Ἀπόσπασμα,Epic,grc/hegesinus-atthis-fragment-lek-aa.grc.md,2190,1563
jtw,jtw-aa,hegesippos-the-comic-poet,hegesippos-art-of-cooking,Art of Cooking,Ἀποσπάσματα,Comedy,grc/hegesippos-art-of-cooking-jtw-aa.grc.md,5374,1757
jtw,jtw-ab,hegesippos-the-comic-poet,hegesippos-culinary-boast,Culinary Artisan's Boast,Ἀποσπάσματα,Comedy,grc/hegesippos-culinary-boast-jtw-ab.grc.md,5339,1807
ihk,ihk-aa,hegesippus-of-mecyberna,hegesippus-mecyberna-pallene,Fragments on Pallene,Ἀποσπάσματα περὶ Παλλήνης,History,grc/hegesippus-mecyberna-pallene-ihk-aa.grc.md,9788,1867
chg,chg-ab,heliodorus-of-athens,heliodorus-athens-poisonous-spring,Fragments on the Poisonous Spring,Ἀποσπάσματα περὶ τῆς Ἰοβόλου Πηγῆς,Drama,grc/heliodorus-athens-poisonous-spring-chg-ab.grc.md,4638,1792
chg,chg-aa,heliodorus-of-athens,heliodorus-athens-italian-wonders,Italian Wonders,Ἰταλικὰ θαύματα,Drama,grc/heliodorus-athens-italian-wonders-chg-aa.grc.md,3298,1707
mgc,mgc-aa,heliodorus-of-athens,heliodorus-athens-acropolis,On the Athenian Acropolis,Ἀποσπάσματα,Geography,grc/heliodorus-athens-acropolis-mgc-aa.grc.md,5163,1841
sru,sru-ab,heliodorus-of-emesa,heliodorus-emesa-epigrams,Epigrams,Ἐπιγράμματα,Fiction,grc/heliodorus-emesa-epigrams-sru-ab.grc.md,3215,1529
sru,sru-aa,heliodorus-of-emesa,heliodorus-emesa-ethiopica,Ethiopian Tales,Αἰθιοπικά,Fiction,grc/heliodorus-emesa-ethiopica-sru-aa.grc.md,977151,2107
sbq,sbq-aa,heliodorus-the-alchemist,heliodorus-mystical-art,Heliodorus to Theodosius the Great-the Mystical Art,Ἡλιοδώρου φιλοσόφου πρὸς Θεοδόσιον τὸν μέγαν,Poetry,grc/heliodorus-mystical-art-sbq-aa.grc.md,24031,2118
cvm,cvm-ac,hellanicus-of-lesbos,hellanicus-lesbos-heraclean-wars,Fragments on Heraclean Wars,Ἀποσπάσματα περὶ τῶν Ἡρακλειωτικῶν Πολέμων,History,grc/hellanicus-lesbos-heraclean-wars-cvm-ac.grc.md,3268,2193
cvm,cvm-ab,hellanicus-of-lesbos,hellanicus-lesbos-phoronis-mythological-fragments,Phoronis: Mythological Fragments,Ἀποσπάσματα,History,grc/hellanicus-lesbos-phoronis-mythological-fragments-cvm-ab.grc.md,217875,1623
cvm,cvm-aa,hellanicus-of-lesbos,hellanicus-lesbos-testimonies,Testimonies,Μαρτυρίαι,History,grc/hellanicus-lesbos-testimonies-cvm-aa.grc.md,18407,1579
ecy,ecy-ac,hellenica-anon,hellenica-anon-florentine-fragments,Florentine Fragments,Φλωρεντινὰ Ἀποσπάσματα,History,grc/hellenica-anon-florentine-fragments-ecy-ac.grc.md,16306,1817
ecy,ecy-ae,hellenica-anon,hellenica-anon-ephesian-campaign,Fragments on Ephesian Campaign,Ἀποσπάσματα περὶ τῆς Ἐφεσιακῆς Στρατείας,History,grc/hellenica-anon-ephesian-campaign-ecy-ae.grc.md,6800,1914
ecy,ecy-ab,hellenica-anon,hellenica-anon-historical-fragments,Historical Fragments on Greek Affairs,Ἱστορικὰ Ἀποσπάσματα περὶ Ἑλληνικῶν Πραγμάτων,History,grc/hellenica-anon-historical-fragments-ecy-ab.grc.md,68716,1737
ecy,ecy-ad,hellenica-anon,hellenica-anon-london-fragments,London Fragments,Λονδινὰ Ἀποσπάσματα,History,grc/hellenica-anon-london-fragments-ecy-ad.grc.md,76816,1947
ecy,ecy-aa,hellenica-anon,hellenica-anon-london-fragments,London Fragments of Uncertain Placement,Λονδινὰ Ἀποσπάσματα Ἀδήλου Θέσεως,History,grc/hellenica-anon-london-fragments-ecy-aa.grc.md,12565,1919
fdm,fdm-aa,heniochus-the-comic-poet,heniochus-comic-food-drink,Comic Fragments on Food and Drink,Ἀποσπάσματα περὶ Σιτίων καὶ Ποτῶν,Comedy,grc/heniochus-comic-food-drink-fdm-aa.grc.md,5386,1815
fdm,fdm-ab,heniochus-the-comic-poet,heniochus-symposium,Symposium and Philosophical Banter,Ἀποσπάσματα,Comedy,grc/heniochus-symposium-fdm-ab.grc.md,5591,2020
oqa,oqa-ac,hephaestion-of-alexandria,hephaestion-alexandria-handbook-meters,Handbook-Meters,Ἐγχειρίδιον περὶ Μέτρων,Grammar,grc/hephaestion-alexandria-handbook-meters-oqa-ac.grc.md,96996,2006
oqa,oqa-aa,hephaestion-of-alexandria,hephaestion-alexandria-fragments,Hephaestion Fragments,Ἡφαιστίωνος Ἀποσπάσματα,Grammar,grc/hephaestion-alexandria-fragments-oqa-aa.grc.md,5960,2057
oqa,oqa-ab,hephaestion-of-alexandria,hephaestion-alexandria-metric-introduction,Metric Introduction,Μετρικὴ εἰσαγωγή,Grammar,grc/hephaestion-alexandria-metric-introduction-oqa-ab.grc.md,9534,2039
oqa,oqa-ad,hephaestion-of-alexandria,hephaestion-alexandria-on-poems,On Poems,Περὶ ποιημάτων,Grammar,grc/hephaestion-alexandria-on-poems-oqa-ad.grc.md,21685,2108
oqa,oqa-ae,hephaestion-of-alexandria,hephaestion-alexandria-signs,On Signs,Περὶ Σημείων,Grammar,grc/hephaestion-alexandria-signs-oqa-ae.grc.md,9380,2219
tco,tco-ad,hephaestion-of-thebes,hephaestion-thebes-excerpt,Astrological Excerpt A,Ἐκλογή,Science,grc/hephaestion-thebes-excerpt-tco-ad.grc.md,6999,1462
tco,tco-ac,hephaestion-of-thebes,hephaestion-thebes-excerpt,Astrological Excerpt B,Ἐκλογή,Science,grc/hephaestion-thebes-excerpt-tco-ac.grc.md,6176,1533
tco,tco-ae,hephaestion-of-thebes,hephaestion-thebes-excerpt,Astrological Excerpt C,Ἐκλογή,Science,grc/hephaestion-thebes-excerpt-tco-ae.grc.md,4051,1793
tco,tco-ab,hephaestion-of-thebes,hephaestion-thebes-effects,Effects,Ἐπιπτώσεις,Science,grc/hephaestion-thebes-effects-tco-ab.grc.md,908684,1804
tco,tco-aa,hephaestion-of-thebes,hephaestion-thebes-four-epitomes,"Effects, Four Epitomes",Ἐπιπτώσεις,Science,grc/hephaestion-thebes-four-epitomes-tco-aa.grc.md,1027785,2016
jvu,jvu-aa,heraclides-criticus,heraclides-criticus-description-greece,Description of Greece,Περιήγησις τῆς Ἑλλάδος Δικαίαρχου ἢ Ἀθηναίου,Geography,grc/heraclides-criticus-description-greece-jvu-aa.grc.md,36579,1901
lbs,lbs-aa,heraclides-lembus,heraclides-lembus-constitutions,Excerpts-Constitutions,Ἐκλογαὶ περὶ Πολιτειῶν,History,grc/heraclides-lembus-constitutions-lbs-aa.grc.md,39601,1832
lbs,lbs-ab,heraclides-lembus,heraclides-lembus-historical-excerpts,Historical Excerpts and Anecdotes,Ἀποσπάσματα,History,grc/heraclides-lembus-historical-excerpts-lbs-ab.grc.md,14761,1762
fdw,fdw-aa,heraclides-of-pontus-1,heraclides-pontus-difficult-words,On Difficult Words,Περὶ δυσκλίτων ῥημάτων,Philosophy,grc/heraclides-pontus-difficult-words-fdw-aa.grc.md,5656,1598
fdw,fdw-ab,heraclides-of-pontus-1,heraclides-pontus-prosody-accent,On Prosody and Accent,Ἀποσπάσματα,Philosophy,grc/heraclides-pontus-prosody-accent-fdw-ab.grc.md,139006,1567
fve,fve-aa,heraclides-of-pontus-2,heraclides-pontus-persian-customs,Persian Court Customs,Ἀποσπάσματα,Philosophy,grc/heraclides-pontus-persian-customs-fve-aa.grc.md,14268,1975
feg,feg-aa,heraclides-of-pontus-3,heraclides-pontus-ethical-dialogues,Ethical and Physical Dialogues,Ἀποσπάσματα,Philosophy,grc/heraclides-pontus-ethical-dialogues-feg-aa.grc.md,127768,2453
fqy,fqy-ab,heraclides-ponticus-4,heraclides-ponticus-rooster-philip,On the Rooster of Philip,Ἀπόσπασμα,Comedy,grc/heraclides-ponticus-rooster-philip-fqy-ab.grc.md,2678,1983
fqy,fqy-aa,heraclides-ponticus-4,heraclides-ponticus-rooster-philip,On the Rooster of Philip,Ἀπόσπασμα,Comedy,grc/heraclides-ponticus-rooster-philip-fqy-aa.grc.md,2226,1531
lrm,lrm-aa,heraclides-the-critic,heraclides-critic-three-fragments-greece,Three Fragments of the Description of Greece,Τρία Ἀποσπάσματα τῆς Περιγραφῆς τῆς Ἑλλάδος,Philosophy,grc/heraclides-critic-three-fragments-greece-lrm-aa.grc.md,72842,2046
bko,bko-aa,heraclitus-1,heraclitus-ephesus-allegories-homeric,Allegories Or Homeric Questions,Ἀλληγορίαι ἢ Ὁμηρικαὶ Ζητήσεις,Philosophy,grc/heraclitus-ephesus-allegories-homeric-bko-aa.grc.md,189642,2313
bky,bky-ab,heraclitus-2,heraclitus-ephesus-nature-universe,On the Nature of the Universe,Ἀποσπάσματα,Philosophy,grc/heraclitus-ephesus-nature-universe-bky-ab.grc.md,41391,2202
bky,bky-aa,heraclitus-2,heraclitus-ephesus-testimonies,Testimonies,Μαρτυρίαι,Philosophy,grc/heraclitus-ephesus-testimonies-bky-aa.grc.md,43775,1944
bju,bju-aa,heraclitus-3,heraclitus-ephesus-letters,Letters to Heraclitus,Ἐπιστολαὶ πρὸς Ἡράκλειτον,Comedy,grc/heraclitus-ephesus-letters-bju-aa.grc.md,27349,1904
qfo,qfo-aa,heraclitus-the-paradoxographer,heraclitus-paradoxographer-incredible-things,On Incredible Things,Περὶ Ἀπίστων,History,grc/heraclitus-paradoxographer-incredible-things-qfo-aa.grc.md,25809,2274
fku,fku-aa,hereas-of-megara,hereas-megara-historical-fragments,Megarian Historical Fragments,Ἀποσπάσματα,History,grc/hereas-megara-historical-fragments-fku-aa.grc.md,5125,1874
jtc,jtc-aa,herillus-of-carthage,herillus-carthage-ethical-fragments,Stoic Ethical Fragments,Ἀποσπάσματα,Philosophy,grc/herillus-carthage-ethical-fragments-jtc-aa.grc.md,7815,2253
mzi,mzi-aa,hermaeus-paropamisadae,hermaeus-paropamisadae-egyptian-deities,On Egyptian Deities,Ἀπόσπασμα,History,grc/hermaeus-paropamisadae-egyptian-deities-mzi-aa.grc.md,3128,1680
jbk,jbk-aa,hermarchus-of-mytilene,hermarchus-mytilene-biographical-fragments,Epicurean Biographical Fragments,Ἀποσπάσματα,Philosophy,grc/hermarchus-mytilene-biographical-fragments-jbk-aa.grc.md,48980,2076
qbi,qbi-aa,hermes-trismegistus,hermes-trismegistus-philosophical-stone,Riddle of the Philosophical Stone of Hermes and Agathodaemon,Αἴνιγμα τοῦ φιλοσοφικοῦ λίθου Ἑρμοῦ καὶ,Science,grc/hermes-trismegistus-philosophical-stone-qbi-aa.grc.md,3410,2434
iha,iha-ac,hermesianax-of-colophon,hermesianax-colophon-betrayal-of-nanis,Betrayal of Nanis,Ἀποσπάσματα,Poetry,grc/hermesianax-colophon-betrayal-of-nanis-iha-ac.grc.md,3998,2319
iha,iha-ab,hermesianax-of-colophon,hermesianax-colophon-orphic-mythological-fragments,Orphic and Mythological Fragments,Ἀποσπάσματα,Poetry,grc/hermesianax-colophon-orphic-mythological-fragments-iha-ab.grc.md,11292,2049
iha,iha-aa,hermesianax-of-colophon,hermesianax-colophon-testimonies,Testimonies,Μαρτυρίαι,Poetry,grc/hermesianax-colophon-testimonies-iha-aa.grc.md,3814,1880
iiy,iiy-aa,hermesianax-of-cyprus,hermesianax-cyprus-histories-myths,Phrygian Histories and Myths,Ἀποσπάσματα,History,grc/hermesianax-cyprus-histories-myths-iiy-aa.grc.md,4168,1350
oqk,oqk-an,hermetica,hermetica-asclepius-words,Asclepius Greek Words Only,Ἑρμοῦ τρισμεγίστου βίβλος ἱερὰ πρὸς Ἀσκληπιὸν,Philosophy,grc/hermetica-asclepius-words-oqk-an.grc.md,3269,2387
oqk,oqk-as,hermetica,hermetica-dialogue,Dialogue Untitled,Διάλογος,Philosophy,grc/hermetica-dialogue-oqk-as.grc.md,3838,2092
oqk,oqk-am,hermetica,hermetica-hymn-almighty,From the Hymn to the Almighty,Ἐκ τοῦ ὕμνου πρὸς τὸν παντοκράτορα,Philosophy,grc/hermetica-hymn-almighty-oqk-am.grc.md,3515,2007
oqk,oqk-ab,hermetica,hermetica-invisible-god-manifest,"Hermes to His Son Tat, That the Invisible God is Most Manifest",Πρὸς Τὰτ υἱόν ὅτι ἀφανὴς θεὸς φανερώτατός ἐστιν,Philosophy,grc/hermetica-invisible-god-manifest-oqk-ab.grc.md,14948,2589
oqk,oqk-aq,hermetica,hermetica-cup,"Hermes to Tat, The Cup",Πρὸς Τάτ ὁ κρατήρ ἡ μονάς,Philosophy,grc/hermetica-cup-oqk-aq.grc.md,13415,2595
oqk,oqk-ao,hermetica,hermetica-key,Hermes Trismegistus Key,Κλείς,Philosophy,grc/hermetica-key-oqk-ao.grc.md,29551,1760
oqk,oqk-ak,hermetica,hermetica-to-asclepius,Hermes Trismegistus to Asclepius,Ἑρμοῦ τρισμεγιστου πρὸς Ἀσκληπιόν,Philosophy,grc/hermetica-to-asclepius-oqk-ak.grc.md,17479,2077
oqk,oqk-aa,hermetica,hermetica-to-tat-rebirth,"Hermes Trismegistus to His Son Tat, Secret Discourse-Rebirth",Πρὸς τὸν υἱὸν Τὰτ ἐν ὄρει λόγος ἀπόκρυφος περὶ,Philosophy,grc/hermetica-to-tat-rebirth-oqk-aa.grc.md,23740,2297
oqk,oqk-ac,hermetica,hermetica-greatest-evil-ignorance,"Hermes Trismegistus, Greatest Evil is Ignorance of God",Ὅτι μέγιστον κακὸν ἐν ἀνθρώποις ἡ περὶ τοῦ θεοῦ,Philosophy,grc/hermetica-greatest-evil-ignorance-oqk-ac.grc.md,5934,2592
oqk,oqk-af,hermetica,hermetica-to-asclepius,"Hermes Trismegistus, To Asclepius, Be Well",Ἀσκληπιῷ εὖ φρονεῖν,Philosophy,grc/hermetica-to-asclepius-oqk-af.grc.md,11569,2001
oqk,oqk-ah,hermetica,hermetica-common-mind,Hermes Trismegistus-Common Mind to Tat,Περὶ νοῦ κοινοῦ πρὸς Τάτ,Philosophy,grc/hermetica-common-mind-oqk-ah.grc.md,25460,2088
oqk,oqk-ae,hermetica,hermetica-thought-perception,Hermes Trismegistus-Thought and Perception,Περὶ νοήσεως καὶ αἰσθήσεως.,Philosophy,grc/hermetica-thought-perception-oqk-ae.grc.md,14046,2076
oqk,oqk-at,hermetica,hermetica-fragments,Hermetic Fragments,Διάφορα Ἀποσπάσματα,Philosophy,grc/hermetica-fragments-oqk-at.grc.md,18815,2081
oqk,oqk-ai,hermetica,hermetica-holy-discourse,Holy Discourse of Hermes Trismegistus,Ἑρμοῦ τοῦ τρισμεγίστου λόγος ἱερός,Philosophy,grc/hermetica-holy-discourse-oqk-ai.grc.md,7020,2244
oqk,oqk-au,hermetica,hermetica-mind,Mind to Hermes,Νοῦ πρὸς Ἑρμῆν,Philosophy,grc/hermetica-mind-oqk-au.grc.md,26770,2444
oqk,oqk-ad,hermetica,hermetica-nothing-perishes,Nothing Perishes: Changes Mistaken for Loss and Death,"Ὅτι οὐδὲν τῶν ὄντων ἀπόλλυται, ἀλλὰ τὰς",Philosophy,grc/hermetica-nothing-perishes-oqk-ad.grc.md,8057,2166
oqk,oqk-ag,hermetica,hermetica-soul-hindered-passion,On the Soul Hindered by the Body's Passion,Περὶ τῆς ὑπὸ τοῦ πάθους τοῦ σώματος,Philosophy,grc/hermetica-soul-hindered-passion-oqk-ag.grc.md,19369,2249
oqk,oqk-ap,hermetica,hermetica-only-good,Only in God is the Good,"Ὅτι ἐν μόνῳ τῷ θεῷ τὸ ἀγαθόν ἐστιν, ἀλλαχόθι δὲ",Philosophy,grc/hermetica-only-good-oqk-ap.grc.md,11350,2422
oqk,oqk-aj,hermetica,hermetica-poimandres,Poimandres of Hermes Trismegistus,Ποιμάνδρης,Philosophy,grc/hermetica-poimandres-oqk-aj.grc.md,28652,2243
oqk,oqk-ar,hermetica,hermetica-stobaeus,Stobaeus Hermetica,Στοβαίου Ἑρμητικά,Philosophy,grc/hermetica-stobaeus-oqk-ar.grc.md,198859,2446
oqk,oqk-al,hermetica,hermetica-asclepius-ammon,Terms of Asclepius to King Ammon,Ὅροι Ἀσκληπιοῦ πρὸς Ἄμμωνα βασιλέα,Philosophy,grc/hermetica-asclepius-ammon-oqk-al.grc.md,19168,3028
tce,tce-aa,hermias-of-alexandria,hermias-alexandria-scholia-phaedrus,Scholia-Plato's Phaedrus,Σχόλια εἰς τὸν Πλάτωνος Φαῖδρον,Poetry,grc/hermias-alexandria-scholia-phaedrus-tce-aa.grc.md,997171,1862
jva,jva-aa,hermias-of-cyrene,hermias-cyrene-against-sophists,Fragments Against Sophists,Ἀποσπάσματα πρὸς Σοφιστάς,Poetry,grc/hermias-cyrene-against-sophists-jva-aa.grc.md,2644,2005
cdu,cdu-aa,hermias-of-methymna,hermias-methymna-sicilian-customs,Fragments on Sicilian Customs,Ἀποσπάσματα περὶ Σικελικῶν Ἐθῶν,History,grc/hermias-methymna-sicilian-customs-cdu-aa.grc.md,5636,1700
ixy,ixy-aa,hermippus-of-smyrna,hermippus-smyrna-magi-lawgivers-sages,"On the Magi, Lawgivers, and Sages",Ἀποσπάσματα,Grammar,grc/hermippus-smyrna-magi-lawgivers-sages-ixy-aa.grc.md,88375,2207
djs,djs-ab,hermippus-the-comic-poet,hermippus-comic-dialogues,Fragments of Comic Dialogues,Ἀποσπάσματα Κωμικῶν Διαλόγων,Comedy,grc/hermippus-comic-dialogues-djs-ab.grc.md,14674,1905
djs,djs-aa,hermippus-the-comic-poet,hermippus-gods-time,Fragments on Gods and Time,Ἀποσπάσματα περὶ Θεῶν καὶ Χρόνου,Comedy,grc/hermippus-gods-time-djs-aa.grc.md,16432,2049
djs,djs-ac,hermippus-the-comic-poet,hermippus-satirical-cityscape,Satirical Cityscape Fragments,Ἀποσπάσματα,Comedy,grc/hermippus-satirical-cityscape-djs-ac.grc.md,2838,1672
hzs,hzs-aa,hermocles-of-cyzicus,hermocles-cyzicus-ithyphalli,Ithyphalli,Ἰθυφάλλοι,Poetry,grc/hermocles-cyzicus-ithyphalli-hzs-aa.grc.md,4253,1687
exs,exs-ab,hermodorus-of-ephesus,hermodorus-ephesus-on-plato,On Plato,Περὶ Πλάτωνος,Philosophy,grc/hermodorus-ephesus-on-plato-exs-ab.grc.md,12652,1750
exs,exs-aa,hermodorus-of-ephesus,hermodorus-ephesus-testimonies-fragments,Testimonies and Fragments,Μαρτυρίαι καὶ Ἀποσπάσματα,Philosophy,grc/hermodorus-ephesus-testimonies-fragments-exs-aa.grc.md,9108,2002
qng,qng-ae,hermogenes-of-tarsus,hermogenes-tarsus-discovery,On Discovery,Περὶ εὑρέσεως,Oratory,grc/hermogenes-tarsus-discovery-qng-ae.grc.md,260338,1943
qng,qng-ac,hermogenes-of-tarsus,hermogenes-tarsus-on-ideas,On Ideas of Speech,Περὶ ἰδεῶν λόγου,Oratory,grc/hermogenes-tarsus-on-ideas-qng-ac.grc.md,482761,1732
qng,qng-aa,hermogenes-of-tarsus,hermogenes-tarsus-method-awesomeness,On the Method of Awesomeness,Περὶ μεθόδου δεινότητος,Oratory,grc/hermogenes-tarsus-method-awesomeness-qng-aa.grc.md,84030,1805
qng,qng-ad,hermogenes-of-tarsus,hermogenes-tarsus-stances,On the Stances,Περὶ στάσεων,Oratory,grc/hermogenes-tarsus-stances-qng-ad.grc.md,130871,1609
qng,qng-ab,hermogenes-of-tarsus,hermogenes-tarsus-preliminary-exercises,Preliminary Exercises,Προγυμνάσματα,Oratory,grc/hermogenes-tarsus-preliminary-exercises-qng-ab.grc.md,50869,1808
qng,qng-af,hermogenes-of-tarsus,hermogenes-tarsus-testimonies,Testimonies,Μαρτυρίαι,Oratory,grc/hermogenes-tarsus-testimonies-qng-af.grc.md,2753,1823
juq,juq-aa,hermolochus-the-lyric-poet,hermolochus-lyric-uncertainty-life,On the Uncertainty of Life,Ἀπόσπασμα,Poetry,grc/hermolochus-lyric-uncertainty-life-juq-aa.grc.md,2321,1511
cee,cee-aa,hermonax-the-epic-poet,hermonax-poseidon-dominion,Fragments on Poseidon's Dominion,Ἀποσπάσματα περὶ τῆς Ποσειδῶνος Ἀρχῆς,Epic,grc/hermonax-poseidon-dominion-cee-aa.grc.md,3004,1842
odi,odi-ad,hero-of-alexandria,hero-alexandria-war-machines,Art of War Machines,Βελοποιικά,Science,grc/hero-alexandria-war-machines-odi-ad.grc.md,66240,1909
odi,odi-ae,hero-of-alexandria,hero-alexandria-agriculture,Book of Agriculture,Γεωπονικόν,Science,grc/hero-alexandria-agriculture-odi-ae.grc.md,77032,2038
odi,odi-am,hero-of-alexandria,hero-alexandria-catoptrics,Catoptrics,Κατοπτρικά,Science,grc/hero-alexandria-catoptrics-odi-am.grc.md,7149,1874
odi,odi-aa,hero-of-alexandria,hero-alexandria-hand-ballista,Construction and Symmetry of the Hand Ballista,Χειροβαλλίστρας κατασκευὴ καὶ συμμετρία,Science,grc/hero-alexandria-hand-ballista-odi-aa.grc.md,14279,2076
odi,odi-aj,hero-of-alexandria,hero-alexandria-definitions,Definitions,Ὅροι,Science,grc/hero-alexandria-definitions-odi-aj.grc.md,181898,1656
odi,odi-ao,hero-of-alexandria,hero-alexandria-dioptra,Dioptra,Διόπτρα,Science,grc/hero-alexandria-dioptra-odi-ao.grc.md,146789,2127
odi,odi-ac,hero-of-alexandria,hero-alexandria-mechanics,Fragments of Mechanics,Ἀποσπάσματα Μηχανικῶν,Science,grc/hero-alexandria-mechanics-odi-ac.grc.md,40047,1975
odi,odi-ab,hero-of-alexandria,hero-alexandria-horoscopes,Fragments-Horoscopes,Ἀποσπάσματα περὶ Ὡροσκοπίων,Science,grc/hero-alexandria-horoscopes-odi-ab.grc.md,6406,1947
odi,odi-ap,hero-of-alexandria,hero-alexandria-geodesy,Geodesy,Γεωδαισία,Science,grc/hero-alexandria-geodesy-odi-ap.grc.md,59254,1746
odi,odi-ag,hero-of-alexandria,hero-alexandria-geometrical-works,Geometrical Works,Γεωμετρικά,Science,grc/hero-alexandria-geometrical-works-odi-ag.grc.md,376552,1792
odi,odi-af,hero-of-alexandria,hero-alexandria-fragments,Heronian Fragments,Ἀποσπάσματα Ἡρωνιακά,Science,grc/hero-alexandria-fragments-odi-af.grc.md,38135,1707
odi,odi-an,hero-of-alexandria,hero-alexandria-metrical,Metrical,Μετρικά,Science,grc/hero-alexandria-metrical-odi-an.grc.md,216997,1591
odi,odi-ak,hero-of-alexandria,hero-alexandria-automata,On Automata,Περὶ Αὐτοματοποιητικῶν,Science,grc/hero-alexandria-automata-odi-ak.grc.md,114955,2145
odi,odi-ai,hero-of-alexandria,hero-alexandria-measurements,On Measurements,Περὶ Μετρήσεων,Science,grc/hero-alexandria-measurements-odi-ai.grc.md,59428,1751
odi,odi-ah,hero-of-alexandria,hero-alexandria-spiritual-matters,Spiritual Matters,Πνευματικά,Science,grc/hero-alexandria-spiritual-matters-odi-ah.grc.md,262701,1969
odi,odi-al,hero-of-alexandria,hero-alexandria-stereometry,Stereometry,Στερεομετρικά,Science,grc/hero-alexandria-stereometry-odi-al.grc.md,196981,2044
isy,isy-aa,herodas-the-mimiamb-poet,herodas-mimiambs,Mimiambs,Μιμίαμβοι,Drama,grc/herodas-mimiambs-isy-aa.grc.md,64865,2113
qoa,qoa-aa,herodes-atticus-of-athens,herodicus-athens-republic,On the Republic,Περὶ πολιτείας,Oratory,grc/herodicus-athens-republic-qoa-aa.grc.md,26809,1850
qnq,qnq-al,herodian-of-alexandria,herodian-alexandria-digressions,Digressions of the Great Speech,Παρεκβολαὶ τοῦ μεγάλου ῥήματος,Lexicography,grc/herodian-alexandria-digressions-qnq-al.grc.md,179125,1756
qnq,qnq-ar,herodian-of-alexandria,herodian-alexandria-excerpts,Excerpts from Herodian (Recension A),Ἐκλογαὶ ἐκ τοῦ Ἡρωδιανοῦ,Lexicography,grc/herodian-alexandria-excerpts-qnq-ar.grc.md,22317,1742
qnq,qnq-as,herodian-of-alexandria,herodian-alexandria-excerpts,Excerpts from Herodian (Recension B),Ἐκλογαὶ ἐξ Ἡρωδιανοῦ,Lexicography,grc/herodian-alexandria-excerpts-qnq-as.grc.md,20569,1866
qnq,qnq-ab,herodian-of-alexandria,herodian-alexandria-ares-fragment,Fragment on Ares,Γραμματικὸν ἀπόσπασμα ἀρχόμενον ἀπὸ τῶν λόγων,Lexicography,grc/herodian-alexandria-ares-fragment-qnq-ab.grc.md,30643,2397
qnq,qnq-bb,herodian-of-alexandria,herodian-alexandria-homeric-schemes,Homeric Schemes,Ὁμηρικὰ Σχήματα,Lexicography,grc/herodian-alexandria-homeric-schemes-qnq-bb.grc.md,31840,1700
qnq,qnq-aw,herodian-of-alexandria,herodian-alexandria-monobiblos,Monobiblos-Being,Μονόβιβλον περὶ τοῦ ἦν,Lexicography,grc/herodian-alexandria-monobiblos-qnq-aw.grc.md,3459,1940
qnq,qnq-ac,herodian-of-alexandria,herodian-alexandria-verbs-not-all-tenses,Monobiblos-Not All Verbs Being Conjugated in All Tenses,Μονόβιβλον περὶ τοῦ μὴ πάντα τὰ ῥήματα κλίνεσθαι,Lexicography,grc/herodian-alexandria-verbs-not-all-tenses-qnq-ac.grc.md,20041,1773
qnq,qnq-bp,herodian-of-alexandria,herodian-alexandria-adverbs,On Adverbs,Περὶ ἐπιρρημάτων,Lexicography,grc/herodian-alexandria-adverbs-qnq-bp.grc.md,2625,1605
qnq,qnq-az,herodian-of-alexandria,herodian-alexandria-attic-prosody,On Attic Prosody,Περὶ Ἀττικῆς προσῳδίας,Lexicography,grc/herodian-alexandria-attic-prosody-qnq-az.grc.md,3814,1828
qnq,qnq-bc,herodian-of-alexandria,herodian-alexandria-conjugations,On Conjugations,Περὶ συζυγιῶν,Lexicography,grc/herodian-alexandria-conjugations-qnq-bc.grc.md,2504,1494
qnq,qnq-at,herodian-of-alexandria,herodian-alexandria-declension-names,On Declension of Names,Περὶ κλίσεως ὀνομάτων,Lexicography,grc/herodian-alexandria-declension-names-qnq-at.grc.md,616838,1832
qnq,qnq-bi,herodian-of-alexandria,herodian-alexandria-dichronous,On Dichronous,Περὶ διχρόνων,Lexicography,grc/herodian-alexandria-dichronous-qnq-bi.grc.md,48615,1609
qnq,qnq-br,herodian-of-alexandria,herodian-alexandria-figures,On Figures (Long),Περὶ σχημάτων,Lexicography,grc/herodian-alexandria-figures-qnq-br.grc.md,53123,2155
qnq,qnq-bq,herodian-of-alexandria,herodian-alexandria-figures,On Figures (Short),Περὶ σχημάτων,Lexicography,grc/herodian-alexandria-figures-qnq-bq.grc.md,9899,1531
qnq,qnq-aj,herodian-of-alexandria,herodian-alexandria-general-derivations,On General Derivations from Dialects,Περὶ παραγωγῶν γενικῶν ἀπὸ διαλέκτων,Lexicography,grc/herodian-alexandria-general-derivations-qnq-aj.grc.md,32479,1866
qnq,qnq-ax,herodian-of-alexandria,herodian-alexandria-iliadic-prosody,On Iliadic Prosody,Περὶ Ἰλιακῆς προσῳδίας,Lexicography,grc/herodian-alexandria-iliadic-prosody-qnq-ax.grc.md,452476,1696
qnq,qnq-bd,herodian-of-alexandria,herodian-alexandria-inclinations,On Inclinations,Περὶ ἐγκλινομένων,Lexicography,grc/herodian-alexandria-inclinations-qnq-bd.grc.md,35053,1702
qnq,qnq-am,herodian-of-alexandria,herodian-alexandria-marriage-cohabitation,On Marriage and Cohabitation,Περὶ γάμου καὶ συμβιώσεως,Lexicography,grc/herodian-alexandria-marriage-cohabitation-qnq-am.grc.md,2558,1586
qnq,qnq-ba,herodian-of-alexandria,herodian-alexandria-monosyllables,On Monosyllables,Περὶ μονοσυλλάβων,Lexicography,grc/herodian-alexandria-monosyllables-qnq-ba.grc.md,4647,1573
qnq,qnq-bw,herodian-of-alexandria,herodian-alexandria-names,On Names,Περὶ ὀνομάτων,Lexicography,grc/herodian-alexandria-names-qnq-bw.grc.md,93415,1991
qnq,qnq-ad,herodian-of-alexandria,herodian-alexandria-nouns-adjectives-appellatives,"On Nouns, Adjectives, and Appellatives, Monobiblos",Περὶ κυρίων καὶ ἐπιθέτων καὶ προσηγορικῶν,Lexicography,grc/herodian-alexandria-nouns-adjectives-appellatives-qnq-ad.grc.md,23008,1928
qnq,qnq-bs,herodian-of-alexandria,herodian-alexandria-numbers,On Numbers,Περὶ ἀριθμῶν,Lexicography,grc/herodian-alexandria-numbers-qnq-bs.grc.md,6160,1457
qnq,qnq-bf,herodian-of-alexandria,herodian-alexandria-orthography,On Orthography,Περὶ ὀρθογραφίας,Lexicography,grc/herodian-alexandria-orthography-qnq-bf.grc.md,619087,1540
qnq,qnq-bl,herodian-of-alexandria,herodian-alexandria-paronyms,On Paronyms,Περὶ παρωνύμων,Lexicography,grc/herodian-alexandria-paronyms-qnq-bl.grc.md,187940,1906
qnq,qnq-bg,herodian-of-alexandria,herodian-alexandria-participles,On Participles,Περὶ μετοχῶν,Lexicography,grc/herodian-alexandria-participles-qnq-bg.grc.md,3814,1696
qnq,qnq-bm,herodian-of-alexandria,herodian-alexandria-passions,On Passions (Excerpts),Ἐκ τῶν Ἡρωδιανοῦ ὑπομνημάτων τῶν περὶ παθῶν,Lexicography,grc/herodian-alexandria-passions-qnq-bm.grc.md,447544,2144
qnq,qnq-bn,herodian-of-alexandria,herodian-alexandria-passions,On Passions (Treatise),Περὶ παθῶν,Lexicography,grc/herodian-alexandria-passions-qnq-bn.grc.md,168778,1984
qnq,qnq-bo,herodian-of-alexandria,herodian-alexandria-pronouns,On Pronouns,Περὶ ἀντωνυμιῶν,Lexicography,grc/herodian-alexandria-pronouns-qnq-bo.grc.md,7664,1844
qnq,qnq-ai,herodian-of-alexandria,herodian-alexandria-self-submissive,On Self-Submissive and NSubmissive,Περὶ αὐθυποτάκτων καὶ ἀνυποτάκτων,Lexicography,grc/herodian-alexandria-self-submissive-qnq-ai.grc.md,12356,1840
qnq,qnq-ay,herodian-of-alexandria,herodian-alexandria-singular-words,On Singular Words,Περὶ μονήρους λέξεως,Lexicography,grc/herodian-alexandria-singular-words-qnq-ay.grc.md,135178,2063
qnq,qnq-ao,herodian-of-alexandria,herodian-alexandria-solecism-barbarism,On Solecism and Barbarism,Περὶ σολοικισμοῦ καὶ βαρβαρισμοῦ,Lexicography,grc/herodian-alexandria-solecism-barbarism-qnq-ao.grc.md,35710,2306
qnq,qnq-bt,herodian-of-alexandria,herodian-alexandria-spirits,On Spirits,Περὶ πνευμάτων,Lexicography,grc/herodian-alexandria-spirits-qnq-bt.grc.md,2864,1907
qnq,qnq-af,herodian-of-alexandria,herodian-alexandria-corruptions-speech,"On the Corruptions of Speech, Earlier Part",Περὶ τῶν φθορῶν τῆς φωνῆς,Lexicography,grc/herodian-alexandria-corruptions-speech-qnq-af.grc.md,49672,1747
qnq,qnq-ah,herodian-of-alexandria,herodian-alexandria-corruptions-speech,"On the Corruptions of Speech, Later Part",Περὶ τῶν Διαφθορῶν τοῦ Λόγου,Lexicography,grc/herodian-alexandria-corruptions-speech-qnq-ah.grc.md,6277,2188
qnq,qnq-an,herodian-of-alexandria,herodian-alexandria-expression-verses,On the Expression of Verses,Περὶ λέξεως τῶν στίχων,Lexicography,grc/herodian-alexandria-expression-verses-qnq-an.grc.md,5460,2438
qnq,qnq-ak,herodian-of-alexandria,herodian-alexandria-apollonius-introduction,On the Introduction of Apollonius,Εἰς τὴν Ἀπολλωνίου εἰσαγωγήν,Lexicography,grc/herodian-alexandria-apollonius-introduction-qnq-ak.grc.md,3023,2058
qnq,qnq-bj,herodian-of-alexandria,herodian-alexandria-living,On the Living,Περὶ τοῦ ζώς,Lexicography,grc/herodian-alexandria-living-qnq-bj.grc.md,2808,1498
qnq,qnq-aq,herodian-of-alexandria,herodian-alexandria-odyssean-prosody,On the Odyssean Prosody,Περὶ Ὀδυσσειακῆς προσῳδίας,Lexicography,grc/herodian-alexandria-odyssean-prosody-qnq-aq.grc.md,119132,1974
qnq,qnq-ap,herodian-of-alexandria,herodian-alexandria-syntax-elements,On the Syntax of Elements,Περὶ συντάξεως τῶν στοιχείων,Lexicography,grc/herodian-alexandria-syntax-elements-qnq-ap.grc.md,68506,2103
qnq,qnq-bh,herodian-of-alexandria,herodian-alexandria-mi,On Those to Mi,Περὶ τῶν εἰς μι,Lexicography,grc/herodian-alexandria-mi-qnq-bh.grc.md,111598,1722
qnq,qnq-au,herodian-of-alexandria,herodian-alexandria-universal-prosody,On Universal Prosody,Περι Καθολικης Προσῳδιας,Lexicography,grc/herodian-alexandria-universal-prosody-qnq-au.grc.md,1741488,1707
qnq,qnq-be,herodian-of-alexandria,herodian-alexandria-verbal-nouns,On Verbal Nouns,Περὶ ῥηματικῶν ὀνομάτων,Lexicography,grc/herodian-alexandria-verbal-nouns-qnq-be.grc.md,24331,2416
qnq,qnq-bx,herodian-of-alexandria,herodian-alexandria-verbs,On Verbs,Περὶ ῥημάτων,Lexicography,grc/herodian-alexandria-verbs-qnq-bx.grc.md,184531,1954
qnq,qnq-bu,herodian-of-alexandria,herodian-alexandria-verses,On Verses,Περὶ Στίχων,Lexicography,grc/herodian-alexandria-verses-qnq-bu.grc.md,5769,2562
qnq,qnq-ae,herodian-of-alexandria,herodian-alexandria-paris-codices,"Partitions, From Paris Codices 2543 and 2570",Ἐπιμερισμοί,Lexicography,grc/herodian-alexandria-paris-codices-qnq-ae.grc.md,404090,1778
qnq,qnq-aa,herodian-of-alexandria,herodian-alexandria-philetaerus,Philetaerus,Φιλέταιρος,Lexicography,grc/herodian-alexandria-philetaerus-qnq-aa.grc.md,65925,1907
qnq,qnq-bk,herodian-of-alexandria,herodian-alexandria-propositions,Propositions,Προτάσεις,Lexicography,grc/herodian-alexandria-propositions-qnq-bk.grc.md,3566,2034
qnq,qnq-av,herodian-of-alexandria,herodian-alexandria-single-book,Single Book-Water,Μονόβιβλον περὶ τοῦ ὕδωρ,Lexicography,grc/herodian-alexandria-single-book-qnq-av.grc.md,2846,1665
qnq,qnq-bv,herodian-of-alexandria,herodian-alexandria-symposium,Symposium,Συμπόσιον,Lexicography,grc/herodian-alexandria-symposium-qnq-bv.grc.md,8136,1644
qnq,qnq-ag,herodian-of-alexandria,herodian-alexandria-commentary-genera,To the Commentary-Genera by Apollonius,Εἰς τὸ περὶ γενῶν Ἀπολλωνίου ὑπόμνημα,Lexicography,grc/herodian-alexandria-commentary-genera-qnq-ag.grc.md,2884,1991
qzy,qzy-aa,herodian-of-antioch,herodian-antioch-death-marcus,From the Death of Divine Marcus,Ἀπὸ τοῦ θανάτου τοῦ θεῖου Μάρκου,History,grc/herodian-antioch-death-marcus-qzy-aa.grc.md,616159,2788
cai,cai-aa,herodicus-of-selymbria,herodicus-selymbria-fragments-desire,Fragments on Socrates and Desire,Ἀποσπάσματα περὶ Σωκράτους καὶ Ἐπιθυμίας,Grammar,grc/herodicus-selymbria-fragments-desire-cai-aa.grc.md,3710,1724
evk,evk-aa,herodorus-of-heraclea,herodorus-heraclea-ancestry,Fragments on Heracles' Ancestry,Ἀποσπάσματα περὶ τῆς τοῦ Ἡρακλέους Γενέσεως,History,grc/herodorus-heraclea-ancestry-evk-aa.grc.md,39797,2060
elu,elu-aa,herodotus-of-halicarnassus,herodotus-halicarnassus-histories,Histories,Ἱστορίαι,History,grc/herodotus-halicarnassus-histories-elu-aa.grc.md,2333992,2238
jym,jym-aa,heroic-verses-anon,heroic-verses-anon-text,Heroic Verses,Ἡρωικοὶ Στίχοι,Epic,grc/heroic-verses-anon-text-jym-aa.grc.md,7766,1200
ifm,ifm-aa,herophilus-the-anatomist,herophilus-monthly-living,How a Man Ought to Live Each Month,Πῶς ὀφείλει διαιτᾶσθαι ἄνθρωπος ἐφ ἑκάστῳ μηνί,Philosophy,grc/herophilus-monthly-living-ifm-aa.grc.md,27901,1832
ifm,ifm-ab,herophilus-the-anatomist,herophilus-method-nourishment,On the Method of Nourishment,Περὶ μεθόδου τροφῆς,Philosophy,grc/herophilus-method-nourishment-ifm-ab.grc.md,30332,1761
aau,aau-aa,hesiod,hesiod-astronomical-fragments,Astronomical Fragments,Ἀστρονομικὰ Ἀποσπάσματα,Epic,grc/hesiod-astronomical-fragments-aau-aa.grc.md,9245,2065
aau,aau-af,hesiod,hesiod-genealogy-fragments,Fragments on Genealogy,Ἀποσπάσματα περὶ Γενεαλογίας,Epic,grc/hesiod-genealogy-fragments-aau-af.grc.md,10972,2050
aau,aau-ae,hesiod,hesiod-women,Fragments on Women,Ἀποσπάσματα περὶ Γυναικῶν,Epic,grc/hesiod-women-aau-ae.grc.md,121690,2097
aau,aau-ab,hesiod,hesiod-shield,Shield of Heracles,Ἀσπὶς Ἡρακλέους,Epic,grc/hesiod-shield-aau-ab.grc.md,48204,1681
aau,aau-ad,hesiod,hesiod-testimonies,Testimonies,Μαρτυρίαι,Epic,grc/hesiod-testimonies-aau-ad.grc.md,2720,1586
aau,aau-ag,hesiod,hesiod-theogony,Theogony,Θεογονία,Epic,grc/hesiod-theogony-aau-ag.grc.md,100596,2094
aau,aau-ac,hesiod,hesiod-works-days,Works and Days,Ἔργα καὶ Ἡμέραι,Epic,grc/hesiod-works-days-aau-ac.grc.md,82471,1883
kua,kua-aa,hesiod-life,hesiod-life-fragment,Fragment of the Life of Hesiod,Βίος Ἡσιόδου Ἀπόσπασμα,Biography,grc/hesiod-life-fragment-kua-aa.grc.md,8180,2380
uws,uws-ad,hesychius-of-miletus,hesychius-miletus-historical-fragments,Historical Fragments on Palmatius,Ἀποσπάσματα περὶ Παλματίου,History,grc/hesychius-miletus-historical-fragments-uws-ad.grc.md,129868,1986
uws,uws-ab,hesychius-of-miletus,hesychius-miletus-nativity-christ,"Homily-the Nativity of Christ, Possibly Part of Roman and Universal History",Ὁμιλία εἰς τὴν Γέννησιν τοῦ Χριστοῦ,History,grc/hesychius-miletus-nativity-christ-uws-ab.grc.md,5178,2258
uws,uws-ac,hesychius-of-miletus,hesychius-miletus-history-constantinople,Origins of Constantinople (Excerpt),Ἱστορία Κωνσταντινουπόλεως,History,grc/hesychius-miletus-history-constantinople-uws-ac.grc.md,5997,2026
uws,uws-aa,hesychius-of-miletus,hesychius-miletus-history-constantinople,Origins of Constantinople (Long),Ἱστορία Κωνσταντινουπόλεως,History,grc/hesychius-miletus-history-constantinople-uws-aa.grc.md,31234,1854
taq,taq-aa,hesychius-the-alexandrian,hesychius-alexandria-letter-eulogius,Letter to Eulogius,Ἐπιστολὴ πρὸς Εὐλόγιον,Grammar,grc/hesychius-alexandria-letter-eulogius-taq-aa.grc.md,9228,1640
taq,taq-ab,hesychius-the-alexandrian,hesychius-alexandria-lexicon,Lexicon Α–Ο,Λεξικὸν (Α—Ο),Grammar,grc/hesychius-alexandria-lexicon-taq-ab.grc.md,3232437,1816
taq,taq-ac,hesychius-the-alexandrian,hesychius-alexandria-lexicon,Lexicon Π–Ω,Λεξικὸν (Π—Ω),Grammar,grc/hesychius-alexandria-lexicon-taq-ac.grc.md,1056130,1608
jni,jni-ad,hexameter-papyri-anon,hexameter-papyri-elegies,Elegies,Ἐλεγείαι,Poetry,grc/hexameter-papyri-elegies-jni-ad.grc.md,14326,1528
jni,jni-ac,hexameter-papyri-anon,hexameter-papyri-epigrams,Epigrams,Ἐπιγράμματα,Poetry,grc/hexameter-papyri-epigrams-jni-ac.grc.md,20457,2526
jni,jni-ab,hexameter-papyri-anon,hexameter-papyri-text,Hexameters,Ἑξάμετροι,Poetry,grc/hexameter-papyri-text-jni-ab.grc.md,39901,1540
jni,jni-aa,hexameter-papyri-anon,hexameter-papyri-miscellanea,Miscellanea,Μικτὰ,Poetry,grc/hexameter-papyri-miscellanea-jni-aa.grc.md,10162,1581
ewy,ewy-aa,hicetas-of-syracuse,hicetas-syracuse-testimonies,Testimonies,Μαρτυρίαι,Philosophy,grc/hicetas-syracuse-testimonies-ewy-aa.grc.md,2807,1975
tbu,tbu-aa,hierocles-of-alexandria,hierocles-alexandria-golden-poem,On the Golden Poem,Περὶ τοῦ Χρυσοῦ Ποιήματος,Philosophy,grc/hierocles-alexandria-golden-poem-tbu-aa.grc.md,327842,1818
pnw,pnw-ac,hierocles-the-stoic,hierocles-stoic-ethical-elements,Ethical Elements,Ἠθικὴ στοιχείωσις,Philosophy,grc/hierocles-stoic-ethical-elements-pnw-ac.grc.md,49734,2088
pnw,pnw-aa,hierocles-the-stoic,hierocles-stoic-ethical-fragments,Ethical Fragments from Stobaeus,Ἠθικὰ Ἀποσπάσματα ἐκ Στοβαίου,Philosophy,grc/hierocles-stoic-ethical-fragments-pnw-aa.grc.md,66523,1984
pnw,pnw-ab,hierocles-the-stoic,hierocles-stoic-fragments,Fragments from Suda,Ἀποσπάσματα ἐκ Σοῦδας,Philosophy,grc/hierocles-stoic-fragments-pnw-ab.grc.md,3578,2010
hoo,hoo-aa,hieronymus-of-cardia,hieronymus-cardia-diadochoi,Fragments on the Diadochoi,Ἀποσπάσματα περὶ τῶν Διαδόχων,History,grc/hieronymus-cardia-diadochoi-hoo-aa.grc.md,15988,2529
ilq,ilq-aa,hieronymus-of-rhodes,hieronymus-rhodes-supreme-good-happiness,On the Supreme Good and Happiness,Ἀποσπάσματα,Philosophy,grc/hieronymus-rhodes-supreme-good-happiness-ilq-aa.grc.md,35139,1844
vke,vke-aa,hierotheus-the-alchemical-poet,hierotheus-divine-sacred-art,Hierotheus the Philosopher-the Divine and Sacred Art in Iambic Verses,Ἱεροθέου φιλοσόφου περὶ τῆς θείας καὶ ἱερᾶς τέχνης,Poetry,grc/hierotheus-divine-sacred-art-vke-aa.grc.md,18721,2092
siy,siy-ac,himerius-the-sophist,himerius-declamations-orations,Declamations and Orations,Μελέται καὶ Λόγοι,Oratory,grc/himerius-declamations-orations-siy-ac.grc.md,507510,2623
siy,siy-aa,himerius-the-sophist,himerius-uncertain-orations,Fragments from Uncertain Orations,Ἀποσπάσματα ἐκ Ἀδήλων Λόγων,Oratory,grc/himerius-uncertain-orations-siy-aa.grc.md,6491,1806
siy,siy-ab,himerius-the-sophist,himerius-fragments-p-oslo-1478,Fragments P. Oslo Inv. 1478,Ἀποσπάσματα Π. Ὄσλο Ἰνβ. ͵αυοηʹ,Oratory,grc/himerius-fragments-p-oslo-1478-siy-ab.grc.md,3331,2327
lvs,lvs-aa,hipparchus-of-nicaea,hipparchus-nicaea-tranquility-life,On the Tranquility of Life,Ἀπόσπασμα,Poetry,grc/hipparchus-nicaea-tranquility-life-lvs-aa.grc.md,10027,1507
lwc,lwc-aa,hipparchus-of-nicaea,hipparchus-nicaea-egyptian-life,Fragments on Egyptian Life,Ἀποσπάσματα περὶ Αἰγυπτιακοῦ Βίου,Science,grc/hipparchus-nicaea-egyptian-life-lwc-aa.grc.md,2544,1827
lyk,lyk-ab,hipparchus-of-nicaea,hipparchus-nicaea-geographical-fragments,Geographical Fragments,Γεωγραφικὰ Ἀποσπάσματα,Science,grc/hipparchus-nicaea-geographical-fragments-lyk-ab.grc.md,69052,2196
lyk,lyk-aa,hipparchus-of-nicaea,hipparchus-nicaea-phenomena-aratus-eudoxus,"On the Phenomena of Aratus and Eudoxus, Commentary Books III",Περὶ τῶν Φαινομένων Ἀράτου καὶ Εὐδόξου,Science,grc/hipparchus-nicaea-phenomena-aratus-eudoxus-lyk-aa.grc.md,338809,2368
jns,jns-aa,hipparchus-the-comic-poet,hipparchus-comic-art-wealth,Fragments on Art and Wealth,Ἀποσπάσματα περὶ Τέχνης καὶ Πλούτου,Comedy,grc/hipparchus-comic-art-wealth-jns-aa.grc.md,3353,1861
jns,jns-ab,hipparchus-the-comic-poet,hipparchus-comic-craft-fortune,Fragments on Craft and Fortune,Ἀποσπάσματα περὶ Τέχνης καὶ Τύχης,Comedy,grc/hipparchus-comic-craft-fortune-jns-ab.grc.md,3266,1849
bng,bng-aa,hippasus-of-metapontum,hippasus-metapontum-testimonies,Testimonies,Μαρτυρίαι,Philosophy,grc/hippasus-metapontum-testimonies-bng-aa.grc.md,17273,1954
dqg,dqg-ad,hippias-of-elis,hippias-elis-olympic-victors,Fragments on Olympic Victors,Ἀποσπάσματα περὶ Ὀλυμπιονικῶν,Oratory,grc/hippias-elis-olympic-victors-dqg-ad.grc.md,10976,1591
dqg,dqg-ac,hippias-of-elis,hippias-elis-compilation-knowledge,On the Compilation of Knowledge,Ἀποσπάσματα,Oratory,grc/hippias-elis-compilation-knowledge-dqg-ac.grc.md,7644,1780
dqg,dqg-aa,hippias-of-elis,hippias-elis-testimonies,Testimonies 1,Μαρτυρίαι Α',Oratory,grc/hippias-elis-testimonies-dqg-aa.grc.md,3470,1383
dqg,dqg-ab,hippias-of-elis,hippias-elis-testimonies-2,Testimonies 2,Μαρτυρίαι Β',Oratory,grc/hippias-elis-testimonies-2-dqg-ab.grc.md,19376,1959
hyy,hyy-aa,hippias-of-erythrae,hippias-erythrae-overthrow-knopos,On the Overthrow of King Knopos,Ἀπόσπασμα,History,grc/hippias-erythrae-overthrow-knopos-hyy-aa.grc.md,6885,1461
vjk,vjk-ab,hippiatric-compilation-anon,hippiatric-anon-berlin-veterinary,Appendices to the Berlin Veterinary Texts,Παραρτήματα πρὸς τὰ Κτηνιατρικὰ Βερολίνου,Medicine,grc/hippiatric-anon-berlin-veterinary-vjk-ab.grc.md,27344,2012
vjk,vjk-ag,hippiatric-compilation-anon,hippiatric-anon-berlin-veterinary,Berlin Veterinary Works,Κτηνιατρικὰ Βερολίνου,Medicine,grc/hippiatric-anon-berlin-veterinary-vjk-ag.grc.md,1042663,1987
vjk,vjk-af,hippiatric-compilation-anon,hippiatric-anon-cambridge,Cambridge Veterinary Works,Κτηνιατρικὰ Καίμπριτζ,Medicine,grc/hippiatric-anon-cambridge-vjk-af.grc.md,327878,1892
vjk,vjk-ah,hippiatric-compilation-anon,hippiatric-anon-anatolius,Fragments of Anatolius,Ἀποσπάσματα Ἀνατολίου,Medicine,grc/hippiatric-anon-anatolius-vjk-ah.grc.md,15358,1587
vjk,vjk-ac,hippiatric-compilation-anon,hippiatric-anon-anatolius,Fragments of Anatolius-Horses,Ἀποσπάσματα Ἀνατολίου περὶ ἵππων,Medicine,grc/hippiatric-anon-anatolius-vjk-ac.grc.md,19390,1801
vjk,vjk-ad,hippiatric-compilation-anon,hippiatric-anon-anatolius-oxen,Fragments of Anatolius-Oxen,Ἀποσπάσματα Ἀνατολίου περὶ βοῶν,Medicine,grc/hippiatric-anon-anatolius-oxen-vjk-ad.grc.md,24635,1721
vjk,vjk-ae,hippiatric-compilation-anon,hippiatric-anon-timotheus-gaza,Fragments of Timotheus of Gaza,Ἀποσπάσματα Τιμοθέου τοῦ Γάζης,Medicine,grc/hippiatric-anon-timotheus-gaza-vjk-ae.grc.md,8859,1893
vjk,vjk-aa,hippiatric-compilation-anon,hippiatric-anon-london-additions,London Additions to Cambridge Veterinary Texts,Προσθήκαι Λονδίνου πρὸς τὰ Κτηνιατρικὰ Καίμπριτζ,Medicine,grc/hippiatric-anon-london-additions-vjk-aa.grc.md,53474,1975
vjk,vjk-aj,hippiatric-compilation-anon,hippiatric-anon-lugdunensian-excerpts,Lugdunensian Excerpts,Ἐκλογαὶ Λουγδουνησίαι,Medicine,grc/hippiatric-anon-lugdunensian-excerpts-vjk-aj.grc.md,139300,1839
vjk,vjk-ai,hippiatric-compilation-anon,hippiatric-anon-paris,Paris Veterinary Works,Κτηνιατρικὰ Παρισίων,Medicine,grc/hippiatric-anon-paris-vjk-ai.grc.md,208918,2069
bww,bww-bq,hippocrates-and-corpus,hippocrates-aphorisms,Aphorisms,Ἀφορισμοί,Medicine,grc/hippocrates-aphorisms-bww-bq.grc.md,97309,2292
bww,bww-cc,hippocrates-and-corpus,hippocrates-carrier,Carrier,Φορεύς,Medicine,grc/hippocrates-carrier-bww-cc.grc.md,62876,1891
bww,bww-aw,hippocrates-and-corpus,hippocrates-coan-prognostics,Coan Prognostics,Κῶα Προγνωστικά,Medicine,grc/hippocrates-coan-prognostics-bww-aw.grc.md,171601,1871
bww,bww-ch,hippocrates-and-corpus,hippocrates-epidemics-1,"Epidemics, Book I",Ἐπιδημίων Α,Medicine,grc/hippocrates-epidemics-1-bww-ch.grc.md,76701,546
bww,bww-ci,hippocrates-and-corpus,hippocrates-epidemics-2,"Epidemics, Book II",Ἐπιδημίων Β,Medicine,grc/hippocrates-epidemics-2-bww-ci.grc.md,67214,548
bww,bww-cj,hippocrates-and-corpus,hippocrates-epidemics-3,"Epidemics, Book III",Ἐπιδημίων Γ,Medicine,grc/hippocrates-epidemics-3-bww-cj.grc.md,70979,550
bww,bww-ck,hippocrates-and-corpus,hippocrates-epidemics-4,"Epidemics, Book IV",Ἐπιδημίων Δ,Medicine,grc/hippocrates-epidemics-4-bww-ck.grc.md,57845,548
bww,bww-cl,hippocrates-and-corpus,hippocrates-epidemics-5,"Epidemics, Book V",Ἐπιδημίων Ε,Medicine,grc/hippocrates-epidemics-5-bww-cl.grc.md,71229,546
bww,bww-cm,hippocrates-and-corpus,hippocrates-epidemics-6,"Epidemics, Book VI",Ἐπιδημίων Ζ,Medicine,grc/hippocrates-epidemics-6-bww-cm.grc.md,69813,548
bww,bww-cn,hippocrates-and-corpus,hippocrates-epidemics-7,"Epidemics, Book VII",Ἐπιδημίων Η,Medicine,grc/hippocrates-epidemics-7-bww-cn.grc.md,137600,550
bww,bww-bj,hippocrates-and-corpus,hippocrates-instructions,Instructions,Ὑποθῆκαι,Medicine,grc/hippocrates-instructions-bww-bj.grc.md,20533,1969
bww,bww-cg,hippocrates-and-corpus,hippocrates-law,Law,Νόμος,Medicine,grc/hippocrates-law-bww-cg.grc.md,7040,2630
bww,bww-ae,hippocrates-and-corpus,hippocrates-letters-decrees-orations,"Letters, Decree, Orations","Ἐπιστολαί, Ψήφισμα, Λόγοι",Medicine,grc/hippocrates-letters-decrees-orations-bww-ae.grc.md,152971,2068
bww,bww-bh,hippocrates-and-corpus,hippocrates-metrical-oath,Metrical Oath,Ὅρκος Μετρικός,Medicine,grc/hippocrates-metrical-oath-bww-bh.grc.md,2879,1645
bww,bww-cf,hippocrates-and-corpus,hippocrates-oath,Oath,Ὅρκος,Medicine,grc/hippocrates-oath-bww-cf.grc.md,6157,2703
bww,bww-bi,hippocrates-and-corpus,hippocrates-affections,On Affections,Περὶ παθῶν,Medicine,grc/hippocrates-affections-bww-bi.grc.md,90698,2041
bww,bww-ai,hippocrates-and-corpus,hippocrates-airs-waters-places,"On Airs, Waters, Places","Περὶ ἀέρων, ὑδάτων, τόπων",Medicine,grc/hippocrates-airs-waters-places-bww-ai.grc.md,92683,2066
bww,bww-bo,hippocrates-and-corpus,hippocrates-anatomy,On Anatomy,Περὶ ἀνατομῆς,Medicine,grc/hippocrates-anatomy-bww-bo.grc.md,5493,1992
bww,bww-at,hippocrates-and-corpus,hippocrates-ancient-medicine,On Ancient Medicine,Περὶ ἀρχαίας ἰατρικῆς,Medicine,grc/hippocrates-ancient-medicine-bww-at.grc.md,69108,2394
bww,bww-ce,hippocrates-and-corpus,hippocrates-art,On Art,Περὶ τέχνης,Medicine,grc/hippocrates-art-bww-ce.grc.md,34174,1803
bww,bww-by,hippocrates-and-corpus,hippocrates-birth,On Birth,Περὶ Γενέσεως,Medicine,grc/hippocrates-birth-bww-by.grc.md,24542,1909
bww,bww-bs,hippocrates-and-corpus,hippocrates-crises,On Crises,Περὶ Κρίσεων,Medicine,grc/hippocrates-crises-bww-bs.grc.md,27522,1881
bww,bww-ax,hippocrates-and-corpus,hippocrates-critical-days,On Critical Days,Περὶ Κρίσιμων Ἡμερῶν,Medicine,grc/hippocrates-critical-days-bww-ax.grc.md,17555,1916
bww,bww-ay,hippocrates-and-corpus,hippocrates-decent-attire,On Decent Attire,Περὶ Εὐσχήμονος Ἐνδύματος,Medicine,grc/hippocrates-decent-attire-bww-ay.grc.md,21454,1934
bww,bww-bk,hippocrates-and-corpus,hippocrates-dentition,On Dentition,Περὶ ὀδοντοφυΐας,Medicine,grc/hippocrates-dentition-bww-bk.grc.md,7680,1975
bww,bww-cd,hippocrates-and-corpus,hippocrates-diet,On Diet,Περὶ διαίτης,Medicine,grc/hippocrates-diet-bww-cd.grc.md,248561,2070
bww,bww-af,hippocrates-and-corpus,hippocrates-diet-acute-diseases,On Diet in Acute Diseases,Περὶ διαίτης ἐν τοῖς ὀξέσιν,Medicine,grc/hippocrates-diet-acute-diseases-bww-af.grc.md,77667,2315
bww,bww-av,hippocrates-and-corpus,hippocrates-diseases,On Diseases I-III,Περὶ νόσων Α'-Γ',Medicine,grc/hippocrates-diseases-bww-av.grc.md,309071,2334
bww,bww-ak,hippocrates-and-corpus,hippocrates-diseases-virgins,On Diseases of Virgins,Περὶ παρθενικῶν νόσων,Medicine,grc/hippocrates-diseases-virgins-bww-ak.grc.md,7960,2219
bww,bww-bn,hippocrates-and-corpus,hippocrates-fistulas,On Fistulas,Περὶ συρίγγων,Medicine,grc/hippocrates-fistulas-bww-bn.grc.md,21644,2117
bww,bww-bl,hippocrates-and-corpus,hippocrates-fractures,On Fractures,Περὶ ἀγμῶν,Medicine,grc/hippocrates-fractures-bww-bl.grc.md,137296,1755
bww,bww-bt,hippocrates-and-corpus,hippocrates-glands,On Glands,Περὶ ἀδένων,Medicine,grc/hippocrates-glands-bww-bt.grc.md,22883,1907
bww,bww-bd,hippocrates-and-corpus,hippocrates-head-wounds,On Head Wounds,Περὶ κεφαλῆς τραυμάτων,Medicine,grc/hippocrates-head-wounds-bww-bd.grc.md,59990,1960
bww,bww-bc,hippocrates-and-corpus,hippocrates-healthy-diet,On Healthy Diet,Περὶ ὑγιεινῆς διαίτης,Medicine,grc/hippocrates-healthy-diet-bww-bc.grc.md,20650,2273
bww,bww-be,hippocrates-and-corpus,hippocrates-hemorrhoids,On Hemorrhoids,Περὶ αἱμοῤῥοίδων,Medicine,grc/hippocrates-hemorrhoids-bww-be.grc.md,13582,1918
bww,bww-bu,hippocrates-and-corpus,hippocrates-humors,On Humors,Περὶ χυμῶν,Medicine,grc/hippocrates-humors-bww-bu.grc.md,30355,1776
bww,bww-al,hippocrates-and-corpus,hippocrates-internal-affections,On Internal Affections,Περὶ ἐντὸς παθῶν,Medicine,grc/hippocrates-internal-affections-bww-al.grc.md,196857,1946
bww,bww-bv,hippocrates-and-corpus,hippocrates-joints,On Joints,Περὶ ἄρθρων,Medicine,grc/hippocrates-joints-bww-bv.grc.md,259591,1948
bww,bww-bz,hippocrates-and-corpus,hippocrates-meats,On Meats,Περὶ κρεῶν,Medicine,grc/hippocrates-meats-bww-bz.grc.md,41567,1958
bww,bww-bf,hippocrates-and-corpus,hippocrates-nourishment,On Nourishment,Περὶ τροφῆς,Medicine,grc/hippocrates-nourishment-bww-bf.grc.md,18415,2163
bww,bww-az,hippocrates-and-corpus,hippocrates-places-in-man,On Places in Man,Περὶ τόπων ἐν ἀνθρώπῳ,Medicine,grc/hippocrates-places-in-man-bww-az.grc.md,103481,1966
bww,bww-aj,hippocrates-and-corpus,hippocrates-purgatives-remedies,"On Purgatives, Remedies",Περὶ Καθαρτικῶν,Medicine,grc/hippocrates-purgatives-remedies-bww-aj.grc.md,7884,1835
bww,bww-aa,hippocrates-and-corpus,hippocrates-seed-nature-child-diseases,"On Seed, the Nature of the Child, Diseases IV","Περὶ σπέρματος, φύσεως παιδίου, νόσων Δ'",Medicine,grc/hippocrates-seed-nature-child-diseases-bww-aa.grc.md,218371,2380
bww,bww-ba,hippocrates-and-corpus,hippocrates-superfetation,On Superfetation,Περὶ ἐπιφορήσεως,Medicine,grc/hippocrates-superfetation-bww-ba.grc.md,44439,2176
bww,bww-ab,hippocrates-and-corpus,hippocrates-diet-acute-patients,On the Diet of Acute Patients,Περὶ διαίτης τῶν ὀξέων,Medicine,grc/hippocrates-diet-acute-patients-bww-ab.grc.md,69851,2105
bww,bww-ag,hippocrates-and-corpus,hippocrates-doctors-workshop,On the Doctor's Workshop,Περὶ ἰατρεῖου,Medicine,grc/hippocrates-doctors-workshop-bww-ag.grc.md,28096,1913
bww,bww-ah,hippocrates-and-corpus,hippocrates-eight-month-birth,On the Eight-Month Birth,Περὶ ὀκταμηνιαίων,Medicine,grc/hippocrates-eight-month-birth-bww-ah.grc.md,11929,1994
bww,bww-ac,hippocrates-and-corpus,hippocrates-excision-fetus,On the Excision of the Fetus,Περὶ ἐκτομῆς ἐμβρύου,Medicine,grc/hippocrates-excision-fetus-bww-ac.grc.md,7728,1707
bww,bww-bm,hippocrates-and-corpus,hippocrates-heart,On the Heart,Περὶ Καρδίας,Medicine,grc/hippocrates-heart-bww-bm.grc.md,14862,2026
bww,bww-am,hippocrates-and-corpus,hippocrates-nature-bones,On the Nature of Bones,Περὶ Φύσεως Ὀστέων,Medicine,grc/hippocrates-nature-bones-bww-am.grc.md,41866,2027
bww,bww-as,hippocrates-and-corpus,hippocrates-nature-man,On the Nature of Man,Περὶ φύσεως ἀνθρώπου,Medicine,grc/hippocrates-nature-man-bww-as.grc.md,48112,2258
bww,bww-ad,hippocrates-and-corpus,hippocrates-nature-child,On the Nature of the Child,Περὶ τῆς φύσεως τοῦ παιδίου,Medicine,grc/hippocrates-nature-child-bww-ad.grc.md,85529,1948
bww,bww-an,hippocrates-and-corpus,hippocrates-nature-women,On the Nature of Women,Περὶ φύσεως γυναικείας,Medicine,grc/hippocrates-nature-women-bww-an.grc.md,151928,2256
bww,bww-bb,hippocrates-and-corpus,hippocrates-physician,On the Physician,Περὶ Ἰατροῦ,Medicine,grc/hippocrates-physician-bww-bb.grc.md,21437,2207
bww,bww-ao,hippocrates-and-corpus,hippocrates-sacred-disease,On the Sacred Disease,Περὶ ἱερῆς νούσου,Medicine,grc/hippocrates-sacred-disease-bww-ao.grc.md,59391,2414
bww,bww-ar,hippocrates-and-corpus,hippocrates-seven-month-birth,On the Seven-Month Foetus,Περὶ Ἑπταμηνίας,Medicine,grc/hippocrates-seven-month-birth-bww-ar.grc.md,7024,1814
bww,bww-ap,hippocrates-and-corpus,hippocrates-liquids,On the Use of Liquids,Περὶ χυλῶν χρήσεως,Medicine,grc/hippocrates-liquids-bww-ap.grc.md,21293,2219
bww,bww-bw,hippocrates-and-corpus,hippocrates-ulcers,On Ulcers,Περὶ ἑλκῶν,Medicine,grc/hippocrates-ulcers-bww-bw.grc.md,43313,1936
bww,bww-bx,hippocrates-and-corpus,hippocrates-vision,On Vision,Περὶ Ὄψεως,Medicine,grc/hippocrates-vision-bww-bx.grc.md,11863,1675
bww,bww-au,hippocrates-and-corpus,hippocrates-weeks-hebdomads,"On Weeks, Hebdomads",Περὶ Ἑβδομάδων,Medicine,grc/hippocrates-weeks-hebdomads-bww-au.grc.md,24994,1988
bww,bww-ca,hippocrates-and-corpus,hippocrates-winds,On Winds,Περὶ πνευμάτων,Medicine,grc/hippocrates-winds-bww-ca.grc.md,36518,2149
bww,bww-cb,hippocrates-and-corpus,hippocrates-women,On Women,Περὶ γυναικείων,Medicine,grc/hippocrates-women-bww-cb.grc.md,596042,2237
bww,bww-bp,hippocrates-and-corpus,hippocrates-prognostic,Prognostic,Προγνωστικόν,Medicine,grc/hippocrates-prognostic-bww-bp.grc.md,67516,3059
bww,bww-bg,hippocrates-and-corpus,hippocrates-prorrheticon-1,Prorrheticon I,Προρρητικόν Α',Medicine,grc/hippocrates-prorrheticon-1-bww-bg.grc.md,132201,2668
cus,cus-aa,hippocrates-of-chios,hippocrates-chios-testimonies,Testimonies,Μαρτυρίαι,Mathematics,grc/hippocrates-chios-testimonies-cus-aa.grc.md,11407,2059
hai,hai-aa,hippocratic-oath-anon,hippocratic-oath-anon-medical,Medical Oath,Ὅρκος Ἰατρικός,Medicine,grc/hippocratic-oath-anon-medical-hai-aa.grc.md,3548,2274
cty,cty-ab,hippodamus-of-miletus,hippodamus-miletus-happiness-rational-beings,On Happiness and Rational Beings,Ἀποσπάσματα,Philosophy,grc/hippodamus-miletus-happiness-rational-beings-cty-ab.grc.md,33124,1870
cty,cty-aa,hippodamus-of-miletus,hippodamus-miletus-testimonies,Testimonies,Μαρτυρίαι,Philosophy,grc/hippodamus-miletus-testimonies-cty-aa.grc.md,9953,2103
qsg,qsg-ar,hippolytus-of-rome,hippolytus-rome-against-noetus,Against the Heresy of Noetus,Κατὰ τῆς Νοήτου Αἱρέσεως,Theology,grc/hippolytus-rome-against-noetus-qsg-ar.grc.md,55969,2171
qsg,qsg-cc,hippolytus-of-rome,hippolytus-rome-chronicle,Chronicle,Χρονικόν,Theology,grc/hippolytus-rome-chronicle-qsg-cc.grc.md,119924,2138
qsg,qsg-bp,hippolytus-of-rome,hippolytus-rome-chronicle-fragment,"Chronicle, Fragment",Χρονικόν,Theology,grc/hippolytus-rome-chronicle-fragment-qsg-bp.grc.md,3018,1876
qsg,qsg-bj,hippolytus-of-rome,hippolytus-rome-daniel,Commentary-Daniel,Ὑπόμνημα εἰς Δανιήλ,Theology,grc/hippolytus-rome-daniel-qsg-bj.grc.md,428054,2408
qsg,qsg-av,hippolytus-of-rome,hippolytus-rome-commentary-daniel,Commentary-Daniel 1.18,Ὑπόμνημα εἰς Δανιήλ,Theology,grc/hippolytus-rome-commentary-daniel-qsg-av.grc.md,8278,1874
qsg,qsg-aw,hippolytus-of-rome,hippolytus-rome-daniel-fragment,Fragment-Daniel 1.18.3,Ἀπόσπασμα περὶ Δανιήλ,Theology,grc/hippolytus-rome-daniel-fragment-qsg-aw.grc.md,2611,1863
qsg,qsg-ae,hippolytus-of-rome,hippolytus-rome-resurrection-incorruption,Fragment-Resurrection and Incorruption,Ἀπόσπασμα περὶ Ἀναστάσεως καὶ Ἀφθαρσίας,Theology,grc/hippolytus-rome-resurrection-incorruption-qsg-ae.grc.md,3709,2274
qsg,qsg-bv,hippolytus-of-rome,hippolytus-rome-antichrist,On the Antichrist,Περὶ τοῦ Ἀντιχρίστου,Theology,grc/hippolytus-rome-antichrist-qsg-bv.grc.md,128172,2107
qsg,qsg-by,hippolytus-of-rome,hippolytus-rome-universe,On the Universe (Fragment A),Περὶ τοῦ Κόσμου,Theology,grc/hippolytus-rome-universe-qsg-by.grc.md,6086,1780
qsg,qsg-bz,hippolytus-of-rome,hippolytus-rome-universe,On the Universe (Fragment B),Περὶ τοῦ Κόσμου,Theology,grc/hippolytus-rome-universe-qsg-bz.grc.md,2972,1920
qsg,qsg-bx,hippolytus-of-rome,hippolytus-rome-universe,On the Universe (Treatise),Περὶ τοῦ Κόσμου,Theology,grc/hippolytus-rome-universe-qsg-bx.grc.md,16827,1900
qsg,qsg-at,hippolytus-of-rome,hippolytus-rome-refutation-heresies,Refutation of All Heresies,Κατὰ πασῶν αἱρέσεων ἔλεγχος,Theology,grc/hippolytus-rome-refutation-heresies-qsg-at.grc.md,944747,1943
qsg,qsg-af,hippolytus-of-rome,hippolytus-rome-syntagma-paschal-chronicle,"Syntagma, Fragment from Paschal Chronicle",Σύνταγμα,Theology,grc/hippolytus-rome-syntagma-paschal-chronicle-qsg-af.grc.md,5309,1930
cui,cui-ab,hippon-of-samos,hippon-samos-oceanic-hydrology,Fragments on Oceanic Hydrology,Ἀποσπάσματα περὶ Ὠκεανίου Ὑδρολογίας,Philosophy,grc/hippon-samos-oceanic-hydrology-cui-ab.grc.md,5947,1906
cui,cui-aa,hippon-of-samos,hippon-samos-testimonies,Testimonies,Μαρτυρίαι,Philosophy,grc/hippon-samos-testimonies-cui-aa.grc.md,13203,1914
bek,bek-aa,hipponax-of-ephesus,hipponax-ephesus-fragment-128,Fragment 128,Ἀπόσπασμα,Poetry,grc/hipponax-ephesus-fragment-128-bek-aa.grc.md,31593,1672
cvw,cvw-aa,hippostratus-the-historian,hippostratus-genealogies-minos,Genealogies Concerning Minos,Ἀποσπάσματα,History,grc/hippostratus-genealogies-minos-cvw-aa.grc.md,6638,1947
cxu,cxu-aa,hippothoon-the-tragedian,hippothoon-maxims-fortune,Maxims on Human Fortune,Ἀποσπάσματα,Drama,grc/hippothoon-maxims-fortune-cxu-aa.grc.md,2944,1607
dwu,dwu-aa,hippys-of-rhegium,hippys-rhegium-chronicles-myths,Chronicles of Peoples and Myths,Ἀποσπάσματα,History,grc/hippys-rhegium-chronicles-myths-dwu-aa.grc.md,8050,1928
bja,bja-aa,histiaeus-of-miletus,histiaeus-miletus-phoenician-history,Phoenician History Fragments,Ἀποσπάσματα,History,grc/histiaeus-miletus-phoenician-history-bja-aa.grc.md,3188,1684
mmg,mmg-ag,historical-fragments-anon,anon-hist-frag-third-syrian-war,Annals of the Third Syrian War,Χρονικὰ τοῦ Τρίτου Συριακοῦ Πολέμου,History,grc/anon-hist-frag-third-syrian-war-mmg-ag.grc.md,9160,1811
mmg,mmg-ao,historical-fragments-anon,anon-hist-frag-corinthian,Anonymous Corinthian,Ἀνώνυμος Κορίνθιος,History,grc/anon-hist-frag-corinthian-mmg-ao.grc.md,5081,1871
mmg,mmg-bb,historical-fragments-anon,anon-hist-frag-exegete,Anonymous Exegete,Ἀνώνυμος Ἐξηγητής,History,grc/anon-hist-frag-exegete-mmg-bb.grc.md,3025,1666
mmg,mmg-aa,historical-fragments-anon,anon-hist-frag-polybius,Anonymous from the Histories of Polybius,Ἀνώνυμος ἐκ τῶν Ἱστοριῶν Πολυβίου,History,grc/anon-hist-frag-polybius-mmg-aa.grc.md,11532,2505
mmg,mmg-az,historical-fragments-anon,anon-hist-frag-milesian,Anonymous Milesian,Ἀνώνυμος Μιλήσιος,History,grc/anon-hist-frag-milesian-mmg-az.grc.md,3784,2015
mmg,mmg-av,historical-fragments-anon,anon-hist-frag-periegete,Anonymous Periegete,Ἀνώνυμος Περιηγητής,History,grc/anon-hist-frag-periegete-mmg-av.grc.md,4775,1567
mmg,mmg-al,historical-fragments-anon,anon-hist-frag-philosopher,Anonymous Philosopher,Ἀνώνυμος Φιλόσοφος,History,grc/anon-hist-frag-philosopher-mmg-al.grc.md,3764,1917
mmg,mmg-ab,historical-fragments-anon,anon-hist-frag-founding-hermopolis,Anonymous-the Founding of Hermopolis,Ἀνώνυμος Περὶ τῆς Κτίσεως Ἑρμοπόλεως,History,grc/anon-hist-frag-founding-hermopolis-mmg-ab.grc.md,7755,1820
mmg,mmg-ap,historical-fragments-anon,anon-hist-frag-chronicle,Chronicle of Archons,Χρονικὴ Ἀρχόντων,History,grc/anon-hist-frag-chronicle-mmg-ap.grc.md,2035,1384
mmg,mmg-aw,historical-fragments-anon,anon-hist-frag-eupatridae,Eupatridae Ancestry,Εὐπατριδῶν πάτρια,History,grc/anon-hist-frag-eupatridae-mmg-aw.grc.md,3260,1725
mmg,mmg-bm,historical-fragments-anon,anon-hist-frag-handbook,Handbook,Ἐγχειρίδιον,History,grc/anon-hist-frag-handbook-mmg-bm.grc.md,3597,1821
mmg,mmg-aq,historical-fragments-anon,anon-hist-frag-historical,Historical Fragments,Ἱστορικὰ Ἀποσπάσματα,History,grc/anon-hist-frag-historical-mmg-aq.grc.md,14766,1646
mmg,mmg-ar,historical-fragments-anon,anon-hist-frag-alexander,History of Alexander (Fragment A),Ἱστορία Ἀλεξάνδρου,History,grc/anon-hist-frag-alexander-mmg-ar.grc.md,6769,1638
mmg,mmg-as,historical-fragments-anon,anon-hist-frag-alexander,History of Alexander (Fragment B),Ἱστορία Ἀλεξάνδρου,History,grc/anon-hist-frag-alexander-mmg-as.grc.md,16685,2259
mmg,mmg-at,historical-fragments-anon,anon-hist-frag-alexander,History of Alexander (Fragment C),Ἱστορία Ἀλεξάνδρου,History,grc/anon-hist-frag-alexander-mmg-at.grc.md,1918,1417
mmg,mmg-au,historical-fragments-anon,anon-hist-frag-alexander,History of Alexander (Fragment D),Ἱστορία Ἀλεξάνδρου,History,grc/anon-hist-frag-alexander-mmg-au.grc.md,2801,1541
mmg,mmg-ae,historical-fragments-anon,anon-hist-frag-heraclean-history,"History of Heracles, Alban Tablet",Ἱστορία Ἡρακλέους,History,grc/anon-hist-frag-heraclean-history-mmg-ae.grc.md,10693,2048
mmg,mmg-ad,historical-fragments-anon,anon-hist-frag-olympic-chronicle,Olympic Chronicle,Ὀλυμπιακὴ Χρονική,History,grc/anon-hist-frag-olympic-chronicle-mmg-ad.grc.md,7475,1441
mmg,mmg-bd,historical-fragments-anon,anon-hist-frag-olympic-victors,Olympic Victors (Fragment A),Ὀλυμπιονῖκαι,History,grc/anon-hist-frag-olympic-victors-mmg-bd.grc.md,6381,1387
mmg,mmg-be,historical-fragments-anon,anon-hist-frag-olympic-victors,Olympic Victors (Fragment B),Ὀλυμπιονῖκαι,History,grc/anon-hist-frag-olympic-victors-mmg-be.grc.md,2409,1749
mmg,mmg-aj,historical-fragments-anon,anon-hist-frag-athenian-sacred-rites,On Athenian Sacred Rites,Περὶ τῶν Ἀθηναϊκῶν Ἱερῶν,History,grc/anon-hist-frag-athenian-sacred-rites-mmg-aj.grc.md,6384,1684
mmg,mmg-bi,historical-fragments-anon,anon-hist-frag-hannibal,On Hannibal,Περὶ Ἁννίβα,History,grc/anon-hist-frag-hannibal-mmg-bi.grc.md,14649,2127
mmg,mmg-bl,historical-fragments-anon,anon-hist-frag-lesbos,On Lesbos,Περὶ Λέσβου,History,grc/anon-hist-frag-lesbos-mmg-bl.grc.md,6281,1493
mmg,mmg-ac,historical-fragments-anon,anon-hist-frag-marcus-aurelius,"On Marcus Aurelius Antoninus, Testimony",Περὶ Μάρκου Αὐρηλίου Ἀντωνίνου,History,grc/anon-hist-frag-marcus-aurelius-mmg-ac.grc.md,3077,2287
mmg,mmg-am,historical-fragments-anon,anon-hist-frag-pyrrhus,"On Pyrrhus, Testimony",Περὶ Πύρρου,History,grc/anon-hist-frag-pyrrhus-mmg-am.grc.md,2194,1419
mmg,mmg-ah,historical-fragments-anon,anon-hist-frag-boundaries-city,On the Boundaries of the City,Περὶ τῶν Ὁρίων τῆς Πόλεως,History,grc/anon-hist-frag-boundaries-city-mmg-ah.grc.md,2735,1839
mmg,mmg-ai,historical-fragments-anon,anon-hist-frag-alexander-history,On the History of Alexander,Περὶ τῆς Ἱστορίας Ἀλεξάνδρου,History,grc/anon-hist-frag-alexander-history-mmg-ai.grc.md,27023,2158
mmg,mmg-af,historical-fragments-anon,anon-hist-frag-successors,On the History of the Successors,Περὶ τῆς Ἱστορίας τῶν Διαδόχων,History,grc/anon-hist-frag-successors-mmg-af.grc.md,11154,1813
mmg,mmg-bj,historical-fragments-anon,anon-hist-frag-nile,On the Nile,Περὶ τοῦ Νείλου,History,grc/anon-hist-frag-nile-mmg-bj.grc.md,14165,1973
mmg,mmg-ax,historical-fragments-anon,anon-hist-frag-parthian-war,On the Parthian War,Περὶ τοῦ Παρθικοῦ Πολέμου,History,grc/anon-hist-frag-parthian-war-mmg-ax.grc.md,20250,1893
mmg,mmg-ak,historical-fragments-anon,anon-hist-frag-surveyor-syria,On the Surveyor of Syria,Περὶ τοῦ Γεωμέτρου Συρίας,History,grc/anon-hist-frag-surveyor-syria-mmg-ak.grc.md,2429,1459
mmg,mmg-bg,historical-fragments-anon,anon-hist-frag-theramenes,On Theramenes,Περὶ Θεραμένους,History,grc/anon-hist-frag-theramenes-mmg-bg.grc.md,4717,1648
mmg,mmg-an,historical-fragments-anon,anon-hist-frag-oxyrhynchus-chronicle,Oxyrhynchus Chronicle,Ὀξυρρύγχιος Χρονική,History,grc/anon-hist-frag-oxyrhynchus-chronicle-mmg-an.grc.md,12775,2268
mmg,mmg-ay,historical-fragments-anon,anon-hist-frag-pergamene-chronicle,Pergamene Chronicle,Περγαμηνὴ Χρονική,History,grc/anon-hist-frag-pergamene-chronicle-mmg-ay.grc.md,3951,1781
mmg,mmg-bk,historical-fragments-anon,anon-hist-frag-philippics,Philippics,Φιλιππικοί,History,grc/anon-hist-frag-philippics-mmg-bk.grc.md,5002,2213
mmg,mmg-ba,historical-fragments-anon,anon-hist-frag-sicyonia,Record Of Sicyonia,Ἀναγραφὴ Σικυωνίας,History,grc/anon-hist-frag-sicyonia-mmg-ba.grc.md,3717,1869
mmg,mmg-bf,historical-fragments-anon,anon-hist-frag-roman-chronicle,Roman Chronicle,Ῥωμαϊκὴ Χρονική,History,grc/anon-hist-frag-roman-chronicle-mmg-bf.grc.md,5523,1726
mmg,mmg-bh,historical-fragments-anon,anon-hist-frag-roman-sayings,Roman Sayings,Ῥωμαϊκὰ Ἐφημερίδες,History,grc/anon-hist-frag-roman-sayings-mmg-bh.grc.md,13138,1766
mmg,mmg-bc,historical-fragments-anon,anon-hist-frag-writers-athens,Writers-Athens,Συγγραφεῖς περὶ Ἀθηνῶν,History,grc/anon-hist-frag-writers-athens-mmg-bc.grc.md,9209,2100
ubo,ubo-ab,historical-work-anon,hist-anon-against-porphyry,Against Porphyry,Κατὰ Πορφυρίου,History,grc/hist-anon-against-porphyry-ubo-ab.grc.md,38792,1906
ubo,ubo-ac,historical-work-anon,hist-anon-methodius,Methodius,Μεθόδιος,History,grc/hist-anon-methodius-ubo-ac.grc.md,48528,1898
ubo,ubo-aa,historical-work-anon,hist-anon-symposium-virgins,Symposium or Banquet of Ten Virgins,Συμπόσιον ἢ Δεῖπνον Δέκα Παρθένων,History,grc/hist-anon-symposium-virgins-ubo-aa.grc.md,1000433,2296
abe,abe-aa,homer,homer-epigrams,Epigrams,Ὁμήρου ἐπιγράμματα,Epic,grc/homer-epigrams-abe-aa.grc.md,2614,1595
abe,abe-ac,homer,homer-iliad,Iliad,Ἰλιάς,Epic,grc/homer-iliad-abe-ac.grc.md,1630147,1961
abe,abe-ab,homer,homer-odyssey,Odyssey,Ὀδύσσεια,Epic,grc/homer-odyssey-abe-ab.grc.md,1270235,1900
qay,qay-ab,homer-and-hesiod-contets-anon,homer-hesiod-contest-anon-contest,Contest of Homer and Hesiod (Long Recension),Ἀγὼν Ὁμήρου καὶ Ἡσιόδου,Fiction,grc/homer-hesiod-contest-anon-contest-qay-ab.grc.md,33026,1977
qay,qay-aa,homer-and-hesiod-contets-anon,homer-hesiod-contest-anon-contest,Contest of Homer and Hesiod (Short Recension),Ἀγὼν Ὁμήρου καὶ Ἡσιόδου,Fiction,grc/homer-hesiod-contest-anon-contest-qay-aa.grc.md,4239,1998
vta,vta-ah,homer-commentary,homer-comm-scholia-iliad,Eustathian Scholia on Iliad,Σχόλια εἰς Ἰλιάδα,Scholia,grc/homer-comm-scholia-iliad-vta-ah.grc.md,1628572,2135
vta,vta-ac,homer-commentary,homer-comm-hypotheses-iliad,Hypotheses-the Iliad,Ὑποθέσεις εἰς Ἰλιάδα,Scholia,grc/homer-comm-hypotheses-iliad-vta-ac.grc.md,42176,1725
vta,vta-aa,homer-commentary,homer-comm-inscriptions-odyssey,Inscriptions and Hypotheses-the Odyssey,Ἐπιγραφαὶ καὶ Ὑποθέσεις εἰς Ὀδύσσειαν,Scholia,grc/homer-comm-inscriptions-odyssey-vta-aa.grc.md,17952,2003
vta,vta-ag,homer-commentary,homer-comm-scholia-iliad,Later Scholia on Iliad,Σχόλια εἰς Ἰλιάδα,Scholia,grc/homer-comm-scholia-iliad-vta-ag.grc.md,416878,2159
vta,vta-af,homer-commentary,homer-comm-scholia-iliad,Old Scholia on Iliad,Σχόλια εἰς Ἰλιάδα,Scholia,grc/homer-comm-scholia-iliad-vta-af.grc.md,454814,2072
vta,vta-ae,homer-commentary,homer-comm-scholia,Scholia-Iliad,Σχόλια εἰς Ἰλιάδα,Scholia,grc/homer-comm-scholia-vta-ae.grc.md,6240001,1889
vta,vta-ad,homer-commentary,homer-comm-odyssey,Scholia-Odyssey,Σχόλια εἰς Ὀδύσσειαν,Scholia,grc/homer-comm-odyssey-vta-ad.grc.md,2028897,2124
vta,vta-ab,homer-commentary,homer-comm-scholia-odyssey-1,Scholia-Odyssey 1.1–309,Σχόλια εἰς Ὀδύσσειαν αʹ αʹ–τθʹ,Scholia,grc/homer-comm-scholia-odyssey-1-vta-ab.grc.md,285799,2227
jho,jho-ai,homer-life-anon,homer-fifth-life,Fifth Life,Πέμπτος Βίος,Biography,grc/homer-fifth-life-jho-ai.grc.md,6971,1867
jho,jho-ah,homer-life-anon,homer-fourth-life,Fourth Life,Τέταρτος Βίος,Biography,grc/homer-fourth-life-jho-ah.grc.md,4868,2342
jho,jho-aa,homer-life-anon,homer-eustathius-life,Life of Eustathius,Βίος Εὐσταθίου,Biography,grc/homer-eustathius-life-jho-aa.grc.md,3094,1604
jho,jho-ab,homer-life-anon,homer-herodotus-life,Life of Herodotus,Βίος Ἡροδότου,Biography,grc/homer-herodotus-life-jho-ab.grc.md,55836,1867
jho,jho-ac,homer-life-anon,homer-life,Life of Plutarch,Βίος Πλουτάρχου,Biography,grc/homer-life-jho-ac.grc.md,13856,1670
jho,jho-ad,homer-life-anon,homer-proculea,Life of Proculea,Βίος Προκουλέας,Biography,grc/homer-proculea-jho-ad.grc.md,9677,1772
jho,jho-af,homer-life-anon,homer-suidas,Life of Suidas,Βίος Σουίδα,Biography,grc/homer-suidas-jho-af.grc.md,22809,1535
jho,jho-ae,homer-life-anon,homer-life-of-tzetzes,Life of Tzetzes,Βίος Τζέτζου,Biography,grc/homer-life-of-tzetzes-jho-ae.grc.md,5912,2243
jho,jho-aj,homer-life-anon,homer-on-homer-1,On Homer 1,Περὶ Ὁμήρου Α',Biography,grc/homer-on-homer-1-jho-aj.grc.md,17054,1952
jho,jho-ak,homer-life-anon,homer-on-homer-2,On Homer 2,Περὶ Ὁμήρου Β',Biography,grc/homer-on-homer-2-jho-ak.grc.md,263023,2336
jho,jho-ag,homer-life-anon,homer-seventh-life,Seventh Life,Ἕβδομος Βίος,Biography,grc/homer-seventh-life-jho-ag.grc.md,3241,1374
jho,jho-al,homer-life-anon,homer-sixth-life,Sixth Life,Ἕκτος Βίος,Biography,grc/homer-sixth-life-jho-al.grc.md,8589,1805
acs,acs-aa,homer-of-colophon,homer-colophon-fragments,Margites Fragments,Μαργίτου Ἀποσπάσματα,Epic,grc/homer-colophon-fragments-acs-aa.grc.md,3451,1615
tbk,tbk-aa,horapollo-the-grammarian,horapollo-hieroglyphics,"Hieroglyphics, Translation by Philip",Ἱερογλυφικά,Grammar,grc/horapollo-hieroglyphics-tbk-aa.grc.md,118424,2511
tbk,tbk-ab,horapollo-the-grammarian,horapollo-testimonies,Testimonies,Μαρτυρίαι,Grammar,grc/horapollo-testimonies-tbk-ab.grc.md,3932,1393
aku,aku-aa,hymn-of-the-curetes-anon,hymn-curetes-anon-work,Hymn of the Curetes,Ὕμνος Κουρητῶν,Poetry,grc/hymn-curetes-anon-work-aku-aa.grc.md,5615,1947
rgw,rgw-aa,hymn-to-idaean-dactyls-anon,hymn-idaean-dactyls-text,Hymn to the Idaean Dactyls,Ὕμνος πρὸς τοὺς Ἰδαίους Δακτύλους,Poetry,grc/hymn-idaean-dactyls-text-rgw-aa.grc.md,3244,1591
upu,upu-am,hymnic-collection-anon,hymnic-anon-dionysus-1,Hymn 1 to Dionysus,Ὕμνος εἰς Διόνυσον,Poetry,grc/hymnic-anon-dionysus-1-upu-am.grc.md,4593,2359
upu,upu-ag,hymnic-collection-anon,hymnic-anon-aphrodite-10,Hymn 10 to Aphrodite,Ὕμνος εἰς Ἀφροδίτην,Poetry,grc/hymnic-anon-aphrodite-10-upu-ag.grc.md,2501,1662
upu,upu-ap,hymnic-collection-anon,hymnic-anon-athena,Hymn 11 to Athena,Ὕμνος εἰς Ἀθηνᾶν,Poetry,grc/hymnic-anon-athena-upu-ap.grc.md,2738,2014
upu,upu-bc,hymnic-collection-anon,hymnic-anon-hymn-12-hera,Hymn 12 to Hera,Ὕμνος εἰς Ἥραν,Poetry,grc/hymnic-anon-hymn-12-hera-upu-bc.grc.md,2391,1676
upu,upu-ab,hymnic-collection-anon,hymnic-anon-mother-gods,Hymn 14 Mothe f Gods,Ὕμνος εἰς τὴν Μητέρα τῶν Θεῶν,Poetry,grc/hymnic-anon-mother-gods-upu-ab.grc.md,2940,2139
upu,upu-aa,hymnic-collection-anon,hymnic-anon-hercules,Hymn 15 To Heracles,Ὕμνος εἰς Ἡρακλέα τὸν λέοντα,Poetry,grc/hymnic-anon-hercules-upu-aa.grc.md,3030,1887
upu,upu-ah,hymnic-collection-anon,hymnic-anon-asclepius,Hymn 16 To Asclepius,Ὕμνος εἰς Ἀσκληπιόν,Poetry,grc/hymnic-anon-asclepius-upu-ah.grc.md,2358,1620
upu,upu-ad,hymnic-collection-anon,hymnic-anon-dioscuri,Hymn 17 To the Dioscuri,Ὕμνος εἰς τοὺς Διοσκούρους,Poetry,grc/hymnic-anon-dioscuri-upu-ad.grc.md,2497,1771
upu,upu-aq,hymnic-collection-anon,hymnic-anon-hermes,Hymn 18 To Hermes,Ὕμνος εἰς Ἑρμῆν,Poetry,grc/hymnic-anon-hermes-upu-aq.grc.md,3136,1756
upu,upu-be,hymnic-collection-anon,hymnic-anon-pan,Hymn 19 To Pan,Ὕμνος εἰς Πᾶνα,Poetry,grc/hymnic-anon-pan-upu-be.grc.md,6827,1839
upu,upu-ar,hymnic-collection-anon,hymnic-anon-demeter,Hymn 2 To Demeter,Ὕμνος εἰς Δημήτρα,Poetry,grc/hymnic-anon-demeter-upu-ar.grc.md,49466,1954
upu,upu-af,hymnic-collection-anon,hymnic-anon-hephaestus,Hymn 20 To Hephaestus,Ὕμνος εἰς Ἥφαιστον,Poetry,grc/hymnic-anon-hephaestus-upu-af.grc.md,2839,1818
upu,upu-as,hymnic-collection-anon,hymnic-anon-apollo,Hymn 21 To Apollo,Ὕμνος εἰς Ἀπόλλωνα,Poetry,grc/hymnic-anon-apollo-upu-as.grc.md,2088,1333
upu,upu-ai,hymnic-collection-anon,hymnic-anon-poseidon,Hymn 22 To Poseidon,Ὕμνος εἰς Ποσειδῶνα,Poetry,grc/hymnic-anon-poseidon-upu-ai.grc.md,2782,1885
upu,upu-bd,hymnic-collection-anon,hymnic-anon-zeus,Hymn 23 To Zeus,Ὕμνος εἰς Δία,Poetry,grc/hymnic-anon-zeus-upu-bd.grc.md,2191,1573
upu,upu-at,hymnic-collection-anon,hymnic-anon-hestia,Hymn 24 To Hestia,Ὕμνος εἰς Ἑστίαν,Poetry,grc/hymnic-anon-hestia-upu-at.grc.md,2331,1587
upu,upu-ac,hymnic-collection-anon,hymnic-anon-muses-apollo,Hymn 25 To the Muses and Apollo,Ὕμνος εἰς τὰς Μούσας καὶ Ἀπόλλωνα,Poetry,grc/hymnic-anon-muses-apollo-upu-ac.grc.md,2800,1865
upu,upu-aj,hymnic-collection-anon,hymnic-anon-dionysus,Hymn 26 To Dionysus,Ὕμνος εἰς Διόνυσον,Poetry,grc/hymnic-anon-dionysus-upu-aj.grc.md,3219,1698
upu,upu-an,hymnic-collection-anon,hymnic-anon-artemis,Hymn 27 To Artemis,Ὕμνος εἰς Ἄρτεμιν,Poetry,grc/hymnic-anon-artemis-upu-an.grc.md,5311,3058
upu,upu-au,hymnic-collection-anon,hymnic-anon-athena,Hymn 28 To Athena,Ὕμνος εἰς Ἀθηνᾶν,Poetry,grc/hymnic-anon-athena-upu-au.grc.md,3671,1716
upu,upu-av,hymnic-collection-anon,hymnic-anon-hestia,Hymn 29 To Hestia,Ὕμνος εἰς Ἑστίαν,Poetry,grc/hymnic-anon-hestia-upu-av.grc.md,3684,2120
upu,upu-az,hymnic-collection-anon,hymnic-anon-apollo,Hymn 3 To Apollo,Ὕμνος εἰς Ἀπόλλωνα,Poetry,grc/hymnic-anon-apollo-upu-az.grc.md,54337,1593
upu,upu-ba,hymnic-collection-anon,hymnic-anon-earth,Hymn 30 To Earth,Ὕμνος εἰς Γῆν,Poetry,grc/hymnic-anon-earth-upu-ba.grc.md,3878,1748
upu,upu-aw,hymnic-collection-anon,hymnic-anon-to-helios,Hymn 31 To Helios,Ὕμνος πρὸς Ἥλιον,Poetry,grc/hymnic-anon-to-helios-upu-aw.grc.md,4139,2073
upu,upu-ax,hymnic-collection-anon,hymnic-anon-selene,Hymn 32 To Selene,Ὕμνος πρὸς Σελήνην,Poetry,grc/hymnic-anon-selene-upu-ax.grc.md,4345,2184
upu,upu-ae,hymnic-collection-anon,hymnic-anon-dioscuri,Hymn 33 To the Dioscuri,Ὕμνος πρὸς Διοσκούρους,Poetry,grc/hymnic-anon-dioscuri-upu-ae.grc.md,3961,1922
upu,upu-bb,hymnic-collection-anon,hymnic-anon-hermes,Hymn 4 To Hermes,Ὕμνος εἰς Ἑρμῆν,Poetry,grc/hymnic-anon-hermes-upu-bb.grc.md,57872,1825
upu,upu-ak,hymnic-collection-anon,hymnic-anon-aphrodite,Hymn 5 To Aphrodite,Ὕμνος εἰς Ἀφροδίτην,Poetry,grc/hymnic-anon-aphrodite-upu-ak.grc.md,30032,1846
upu,upu-al,hymnic-collection-anon,hymnic-anon-aphrodite,Hymn 6 To Aphrodite,Ὕμνος εἰς Ἀφροδίτην,Poetry,grc/hymnic-anon-aphrodite-upu-al.grc.md,4284,2050
upu,upu-ao,hymnic-collection-anon,hymnic-anon-dionysus,Hymn 7 To Dionysus,Ὕμνος εἰς Διόνυσον,Poetry,grc/hymnic-anon-dionysus-upu-ao.grc.md,8532,2538
upu,upu-bf,hymnic-collection-anon,hymnic-anon-ares,Hymn 8 To Ares,Ὕμνος εἰς Ἄρην,Poetry,grc/hymnic-anon-ares-upu-bf.grc.md,4113,2229
upu,upu-ay,hymnic-collection-anon,hymnic-anon-artemis,Hymn 9 To Artemis,Ὕμνος εἰς Ἄρτεμιν,Poetry,grc/hymnic-anon-artemis-upu-ay.grc.md,2847,1734
upu,upu-bg,hymnic-collection-anon,hymnic-anon-foreigners,To Foreigners,Εἰς ξένους,Poetry,grc/hymnic-anon-foreigners-upu-bg.grc.md,1944,1259
fci,fci-ad,hypereides-the-orator,hypereides-athenogenes,Against Athenogenes,Κατ᾽ Ἀθηνογένους,Oratory,grc/hypereides-athenogenes-fci-ad.grc.md,36024,2189
fci,fci-ab,hypereides-the-orator,hypereides-harpalus,Against Demosthenes-Harpalus,Κατὰ Δημοσθένους ὑπὲρ τῶν Ἁρπαλείων,Oratory,grc/hypereides-harpalus-fci-ab.grc.md,33478,2089
fci,fci-ae,hypereides-the-orator,hypereides-philippides,Against Philippides,Κατὰ Φιλιππίδου,Oratory,grc/hypereides-philippides-fci-ae.grc.md,21804,2127
fci,fci-aa,hypereides-the-orator,hypereides-euxenippus-defense,Defense for Euxenippus' Impeachment to Polyeuctus,Ὑπὲρ Εὐξενίππου ἐισαγγελίας ἀπολογία πρὸς,Oratory,grc/hypereides-euxenippus-defense-fci-aa.grc.md,16782,2376
fci,fci-ac,hypereides-the-orator,hypereides-defense-lycophron,Defense for Lycophron,Ἀπολογία ὑπὲρ Λυκόφρονος,Oratory,grc/hypereides-defense-lycophron-fci-ac.grc.md,33824,2222
fci,fci-ag,hypereides-the-orator,hypereides-epitaph,Epitaph,Ἐπιτάφιος,Oratory,grc/hypereides-epitaph-fci-ag.grc.md,29814,1578
fci,fci-af,hypereides-the-orator,hypereides-legal-cases,Fragments on Legal Cases,Ἀποσπάσματα περὶ Δικῶν,Oratory,grc/hypereides-legal-cases-fci-af.grc.md,75400,1980
puu,puu-aa,hypermenes-the-historian,hypermenes-chios-fragments,Fragments on Chios,Ἀποσπάσματα περὶ Χίου,History,grc/hypermenes-chios-fragments-puu-aa.grc.md,2261,1420
mmq,mmq-aa,hyperochus-of-cumae,hyperochus-cumae-fragments,Fragments on Cumae,Ἀποσπάσματα περὶ Κύμης,History,grc/hyperochus-cumae-fragments-mmq-aa.grc.md,3804,1869
lao,lao-ab,hypsicles-of-alexandria,hypsicles-alexandria-anaphoric,Anaphoric,Ἀναφορικός,Science,grc/hypsicles-alexandria-anaphoric-lao-ab.grc.md,22455,1960
lao,lao-aa,hypsicles-of-alexandria,hypsicles-alexandria-elements-book-14,Hypsicles' Book or Elements Book XIV,Βιβλίον Ὑψικλέους ἢ Στοιχεῖα Βιβλίον ΙΔʹ,Science,grc/hypsicles-alexandria-elements-book-14-lao-aa.grc.md,41203,2124
ajq,ajq-aa,iambic-fragments-anon,iambic-fragments-anon-geography,Fragments on Geography,Ἀποσπάσματα περὶ Γεωγραφίας,Poetry,grc/iambic-fragments-anon-geography-ajq-aa.grc.md,7315,1670
lmm,lmm-aa,iambic-work-anon,anon-iambic-fragments,Anonymous Iambic Fragments,Ἀνώνυμα Ἰαμβικὰ Ἀποσπάσματα,Poetry,grc/anon-iambic-fragments-lmm-aa.grc.md,6559,1906
lmm,lmm-ab,iambic-work-anon,anon-iambic-text,Anonymous Iambics,Ἀνώνυμα Ἰαμβικά,Poetry,grc/anon-iambic-text-lmm-ab.grc.md,4724,1697
chq,chq-aa,iamblichus-anon,iamblichus-anon-human-excellence,Fragments on Human Excellence,Ἀποσπάσματα περὶ Ἀνθρωπίνης Ἀρετῆς,Philosophy,grc/iamblichus-anon-human-excellence-chq-aa.grc.md,24378,2136
rvw,rvw-aa,iamblichus-of-chalcis,iamblichus-chalcis-alchemical-fragments,Alchemical Fragments,Ἀποσπάσματα Ἀλχημικά,Philosophy,grc/iamblichus-chalcis-alchemical-fragments-rvw-aa.grc.md,15114,1962
udw,udw-ab,iamblichus-of-chalcis,iamblichus-chalcis-pythagorean-life,Discourse-the Pythagorean Life,περὶ τοῦ Πυθαγορικοῦ βίου λόγος,Philosophy,grc/iamblichus-chalcis-pythagorean-life-udw-ab.grc.md,395157,2616
udw,udw-af,iamblichus-of-chalcis,iamblichus-chalcis-exhortation,Exhortation,Προτρεπτικός,Philosophy,grc/iamblichus-chalcis-exhortation-udw-af.grc.md,319948,1757
udw,udw-ac,iamblichus-of-chalcis,iamblichus-chalcis-common-mathematics,On Common Mathematical Knowledge,Περί της κοινής μαθηματικής επιστήμης,Philosophy,grc/iamblichus-chalcis-common-mathematics-udw-ac.grc.md,249156,2173
udw,udw-aa,iamblichus-of-chalcis,iamblichus-chalcis-nicomachus-arithmetic,On Nicomachus' Introduction to Arithmetic,Περὶ τῆς Νικομάχου ἀριθμητικῆς εἰσαγωγῆς,Philosophy,grc/iamblichus-chalcis-nicomachus-arithmetic-udw-aa.grc.md,324751,1935
udw,udw-ae,iamblichus-of-chalcis,iamblichus-chalcis-mysteries,On the Mysteries,Περὶ τῶν Μυστηρίων,Philosophy,grc/iamblichus-chalcis-mysteries-udw-ae.grc.md,512378,2294
udw,udw-ad,iamblichus-of-chalcis,iamblichus-chalcis-theological-arithmetic,Theological Arithmetic,Θεολογικὴ Ἀριθμητική,Philosophy,grc/iamblichus-chalcis-theological-arithmetic-udw-ad.grc.md,207680,2650
qqs,qqs-aa,iamblichus-the-novelist,iamblichus-babyloniaca,Babyloniaca,Βαβυλωνιακά,Fiction,grc/iamblichus-babyloniaca-qqs-aa.grc.md,50828,2097
asw,asw-aa,ibycus-of-rhegium,ibycus-rhegium-trojan-war,Fragments on the Trojan War,Ἀποσπάσματα περὶ τοῦ Τρωικοῦ Πολέμου,Poetry,grc/ibycus-rhegium-trojan-war-asw-aa.grc.md,11543,1972
asw,asw-ab,ibycus-of-rhegium,ibycus-rhegium-trojan-war,Fragments on the Trojan War,Ἀποσπάσματα περὶ τοῦ Τρωικοῦ Πολέμου,Poetry,grc/ibycus-rhegium-trojan-war-asw-ab.grc.md,25317,1695
bwm,bwm-aa,iccus-of-tarentum,iccus-tarentum-testimonies,Testimonies,Μαρτυρίαι,Philosophy,grc/iccus-tarentum-testimonies-bwm-aa.grc.md,4637,1836
czi,czi-aa,idaeus-of-himera,idaeus-himera-testimony,Testimony,Μαρτυρία,Philosophy,grc/idaeus-himera-testimony-czi-aa.grc.md,6210,1602
hxa,hxa-aa,idomeneus-of-lampsacus,idomeneus-lampsacus-socrates-circle,On the Socrates Circle,Ἀποσπάσματα,History,grc/idomeneus-lampsacus-socrates-circle-hxa-aa.grc.md,17280,1970
uuk,uuk-aa,introduction-to-platonism-anon,anon-intro-platonism-philosophy,Introduction to Platonic Philosophy,Προλεγόμενα εἰς τὴν Πλατωνικὴν φιλοσοφίαν,Philosophy,grc/anon-intro-platonism-philosophy-uuk-aa.grc.md,114373,1903
ccg,ccg-af,ion-of-chios,ion-chios-foundations,Foundations of Chios,Ἀποσπάσματα,Philosophy,grc/ion-chios-foundations-ccg-af.grc.md,23150,1380
ccg,ccg-ad,ion-of-chios,ion-chios-dionysus-fragments,Fragments on Dionysus,Ἀποσπάσματα περὶ Διονύσου,Philosophy,grc/ion-chios-dionysus-fragments-ccg-ad.grc.md,5104,1781
ccg,ccg-ae,ion-of-chios,ion-chios-dionysus-eros,Fragments on Dionysus and Eros,Ἀποσπάσματα περὶ Διονύσου καὶ Ἔρωτος,Philosophy,grc/ion-chios-dionysus-eros-ccg-ae.grc.md,2612,1704
ccg,ccg-ac,ion-of-chios,ion-chios-heracles-omphale,Fragments on Heracles and Omphale,Ἀποσπάσματα περὶ Ἡρακλέους καὶ Ὀμφάλης,Philosophy,grc/ion-chios-heracles-omphale-ccg-ac.grc.md,10729,1918
ccg,ccg-ag,ion-of-chios,ion-chios-triadic-nature,On the Triadic Nature of Things,Ἀποσπάσματα,Philosophy,grc/ion-chios-triadic-nature-ccg-ag.grc.md,5910,2010
ccg,ccg-aa,ion-of-chios,ion-chios-testimonies,Testimonies 1,Μαρτυρίαι Α',Philosophy,grc/ion-chios-testimonies-ccg-aa.grc.md,7666,1622
ccg,ccg-ab,ion-of-chios,ion-chios-testimonies-2,Testimonies 2,Μαρτυρίαι Β',Philosophy,grc/ion-chios-testimonies-2-ccg-ab.grc.md,7426,1569
esi,esi-ab,ion-of-samos,ion-samos-epigram,Epigram,Ἐπίγραμμα,Poetry,grc/ion-samos-epigram-esi-ab.grc.md,2116,1455
esi,esi-aa,ion-of-samos,ion-samos-victory-dedication,Lysander's Victory Dedication,Ἀπόσπασμα,Poetry,grc/ion-samos-victory-dedication-esi-aa.grc.md,2372,1614
dvg,dvg-aa,iophon-the-tragedian,iophon-divine-knowledge,Fragments on Divine Knowledge,Ἀποσπάσματα περὶ Θείας Γνώσεως,Drama,grc/iophon-divine-knowledge-dvg-aa.grc.md,2442,1732
fge,fge-am,isaeus-the-orator,isaeus-inheritance-disputes,Fragments on Inheritance Disputes,Ἀποσπάσματα περὶ Κληρονομικῶν Ἀμφισβητήσεων,Oratory,grc/isaeus-inheritance-disputes-fge-am.grc.md,14769,2260
fge,fge-af,isaeus-the-orator,isaeus-defense-euphiletus,In Defense of Euphiletus,Υπὲρ Εὐφιλήτου,Oratory,grc/isaeus-defense-euphiletus-fge-af.grc.md,12690,1828
fge,fge-al,isaeus-the-orator,isaeus-holy-clergy,On the Holy Clergy,Περὶ τοῦ Ἁγνίου κλήρου,Oratory,grc/isaeus-holy-clergy-fge-al.grc.md,45871,1813
fge,fge-ad,isaeus-the-orator,isaeus-lot-apollodorus,On the Lot of Apollodorus,Περὶ τοῦ Απολλοδώρου κλήρου,Oratory,grc/isaeus-lot-apollodorus-fge-ad.grc.md,36319,2299
fge,fge-ag,isaeus-the-orator,isaeus-astyphilus-lot,On the Lot of Astyphilus,Περὶ τοῦ Ἀστυφίλου κλήρου,Oratory,grc/isaeus-astyphilus-lot-fge-ag.grc.md,31789,2685
fge,fge-aj,isaeus-the-orator,isaeus-chiron,On the Lot of Chiron,Περὶ τοῦ Κίρωνος κλήρου,Oratory,grc/isaeus-chiron-fge-aj.grc.md,41063,2198
fge,fge-ah,isaeus-the-orator,isaeus-cleonymus,On the Lot of Cleonymus,Περὶ τοῦ Κλεωνύμου κλήρου,Oratory,grc/isaeus-cleonymus-fge-ah.grc.md,36894,2262
fge,fge-ae,isaeus-the-orator,isaeus-lot-dicaeogenes,On the Lot of Dicaeogenes,Περὶ τοῦ Δικαιογένους κλήρου,Oratory,grc/isaeus-lot-dicaeogenes-fge-ae.grc.md,41318,2026
fge,fge-ai,isaeus-the-orator,isaeus-lot-menecles,On the Lot of Menecles,Περὶ τοῦ Μενεκλέους κλήρου,Oratory,grc/isaeus-lot-menecles-fge-ai.grc.md,35677,2481
fge,fge-ab,isaeus-the-orator,isaeus-nicostratus-lot,"On the Lot of Nicostratus, Epilogue",Περὶ τοῦ Νικοστράτου κλήρου,Oratory,grc/isaeus-nicostratus-lot-fge-ab.grc.md,25140,2218
fge,fge-ac,isaeus-the-orator,isaeus-lot-covetous,On the Lot of the Covetous,Περὶ τοῦ Φιλοκτήμονος κλήρου,Oratory,grc/isaeus-lot-covetous-fge-ac.grc.md,49013,2533
fge,fge-ak,isaeus-the-orator,isaeus-pyrrhus-lot,On the Pyrrhus' Lot,Περὶ τοῦ Πύρρου κλήρου,Oratory,grc/isaeus-pyrrhus-lot-fge-ak.grc.md,58345,2504
fge,fge-aa,isaeus-the-orator,isaeus-xenaenetus-aristarchus,To Xenaenetus-the Lot of Aristarchus,Πρὸς Ξεναίνετον περὶ τοῦ Ἀριστάρχου κλήρου,Oratory,grc/isaeus-xenaenetus-aristarchus-fge-aa.grc.md,24237,2242
mjo,mjo-aa,isidorus-the-tragedian,isidorus-tragedian-nature-of-evil,On the Nature of Evil,Ἀποσπάσματα,Drama,grc/isidorus-tragedian-nature-of-evil-mjo-aa.grc.md,2762,1984
ovk,ovk-aa,isigonus-of-nicaea,isigonus-nicaea-marvelous-customs,On Marvelous Peoples and Customs,Ἀποσπάσματα,History,grc/isigonus-nicaea-marvelous-customs-ovk-aa.grc.md,9633,1716
ukk,ukk-aa,isis-prophetissa,isis-prophetissa-son-horus,Isis to Horus (Long),Ἴσις προφῆτις τῷ υἱῷ Ὥρῳ,Science,grc/isis-prophetissa-son-horus-ukk-aa.grc.md,13827,2328
ukk,ukk-ab,isis-prophetissa,isis-prophetissa-son-horus,Isis to Horus (Short),Ἴσις προφῆτις τῷ υἱῷ Ὥρῳ,Science,grc/isis-prophetissa-son-horus-ukk-ab.grc.md,7757,2098
ffu,ffu-ag,isocrates-of-athens,isocrates-athens-against-lochites,Against Lochites,Κατὰ Λοχίτου,Oratory,grc/isocrates-athens-against-lochites-ffu-ag.grc.md,16749,1828
ffu,ffu-ad,isocrates-of-athens,isocrates-athens-against-sophists,Against The Sophists,Κατὰ τοῦ Σοφιστῶν,Oratory,grc/isocrates-athens-against-sophists-ffu-ad.grc.md,20205,2072
ffu,ffu-at,isocrates-of-athens,isocrates-athens-archidamus,Archidamus,Ἀρχίδαμος,Oratory,grc/isocrates-athens-archidamus-ffu-at.grc.md,83862,1972
ffu,ffu-ah,isocrates-of-athens,isocrates-athens-areopagiticus,Areopagiticus,Ἀρεοπαγιτικός,Oratory,grc/isocrates-athens-areopagiticus-ffu-ah.grc.md,62549,1651
ffu,ffu-bc,isocrates-of-athens,isocrates-athens-banker,Banker,Τραπεζιτικός,Oratory,grc/isocrates-athens-banker-ffu-bc.grc.md,46720,1937
ffu,ffu-bb,isocrates-of-athens,isocrates-athens-busiris,Busiris,Βούσιρις,Oratory,grc/isocrates-athens-busiris-ffu-bb.grc.md,38492,2150
ffu,ffu-aa,isocrates-of-athens,isocrates-athens-counterplea,Counterplea To Callimachus,παράγραφος προς καλλίμαχον,Oratory,grc/isocrates-athens-counterplea-ffu-aa.grc.md,50302,2923
ffu,ffu-az,isocrates-of-athens,isocrates-athens-evagoras,Evagoras,Εὐαγόρας,Oratory,grc/isocrates-athens-evagoras-ffu-az.grc.md,62193,1894
ffu,ffu-av,isocrates-of-athens,isocrates-athens-rhetorical-theory,Fragments on Rhetorical Theory,Ἀποσπάσματα περὶ Ῥητορικῆς Θεωρίας,Oratory,grc/isocrates-athens-rhetorical-theory-ffu-av.grc.md,17494,2135
ffu,ffu-bd,isocrates-of-athens,isocrates-athens-helena,Helena,Ελένη,Oratory,grc/isocrates-athens-helena-ffu-bd.grc.md,50490,1746
ffu,ffu-ac,isocrates-of-athens,isocrates-athens-nicocles-cyprians,Nicocles or the Cyprians,Νικόκλης ἢ Κύπριοι,Oratory,grc/isocrates-athens-nicocles-cyprians-ffu-ac.grc.md,50916,1954
ffu,ffu-ao,isocrates-of-athens,isocrates-athens-exchange,On Exchange,Περὶ ἀντιδόσεως,Oratory,grc/isocrates-athens-exchange-ffu-ao.grc.md,237494,1878
ffu,ffu-af,isocrates-of-athens,isocrates-athens-pair-horses,On Pair of Horses,Περὶ ἵππων ζεύγους,Oratory,grc/isocrates-athens-pair-horses-ffu-af.grc.md,40141,1971
ffu,ffu-ba,isocrates-of-athens,isocrates-athens-peace,On Peace,Περὶ εἰρήνης,Oratory,grc/isocrates-athens-peace-ffu-ba.grc.md,107406,1669
ffu,ffu-ap,isocrates-of-athens,isocrates-athens-goat,On the Goat,Αἰγητικὸς,Oratory,grc/isocrates-athens-goat-ffu-ap.grc.md,40341,2027
ffu,ffu-ax,isocrates-of-athens,isocrates-athens-panegyric,Panathenaicus,Πανηγητικός,Oratory,grc/isocrates-athens-panegyric-ffu-ax.grc.md,211202,1642
ffu,ffu-aw,isocrates-of-athens,isocrates-athens-panegyric,Panegyricus,Πανηγυρικός,Oratory,grc/isocrates-athens-panegyric-ffu-aw.grc.md,145273,2157
ffu,ffu-be,isocrates-of-athens,isocrates-athens-philip,Philip,Φίλιππος,Oratory,grc/isocrates-athens-philip-ffu-be.grc.md,115912,2083
ffu,ffu-ay,isocrates-of-athens,isocrates-athens-plataikos,Plataikos,Παναθηναϊκός,Oratory,grc/isocrates-athens-plataikos-ffu-ay.grc.md,45173,1767
ffu,ffu-aj,isocrates-of-athens,isocrates-athens-alexander,To Alexander,Ἀλεξάνδρῳ,Oratory,grc/isocrates-athens-alexander-ffu-aj.grc.md,5560,1683
ffu,ffu-ak,isocrates-of-athens,isocrates-athens-antipater,To Antipater,Ἀντιπάτρῳ,Oratory,grc/isocrates-athens-antipater-ffu-ak.grc.md,12525,1639
ffu,ffu-ai,isocrates-of-athens,isocrates-athens-archidamus,To Archidamus,Ἀρχιδάμῳ,Oratory,grc/isocrates-athens-archidamus-ffu-ai.grc.md,17214,1931
ffu,ffu-al,isocrates-of-athens,isocrates-athens-demonicus,To Demonicus,Προς Δημονικόν,Oratory,grc/isocrates-athens-demonicus-ffu-al.grc.md,40023,2071
ffu,ffu-am,isocrates-of-athens,isocrates-athens-to-dionysius,To Dionysius,Πρὸς Διονύσιον,Oratory,grc/isocrates-athens-to-dionysius-ffu-am.grc.md,9470,1663
ffu,ffu-aq,isocrates-of-athens,isocrates-athens-euthynus,To Euthynus,προς ευθύνουν,Oratory,grc/isocrates-athens-euthynus-ffu-aq.grc.md,15971,1547
ffu,ffu-ar,isocrates-of-athens,isocrates-athens-to-nicocles,To Nicocles,Τῷ Νικοκλεί,Oratory,grc/isocrates-athens-to-nicocles-ffu-ar.grc.md,41397,1954
ffu,ffu-as,isocrates-of-athens,isocrates-athens-philip-i,To Philip I,Φιλίππῳ α΄,Oratory,grc/isocrates-athens-philip-i-ffu-as.grc.md,18981,1868
ffu,ffu-an,isocrates-of-athens,isocrates-athens-philip,To Philip II,Φιλίππῳ β΄,Oratory,grc/isocrates-athens-philip-ffu-an.grc.md,7431,1878
ffu,ffu-ab,isocrates-of-athens,isocrates-athens-rulers-mytilene,To the Rulers of Mytilene,τοῖς Μυτιληναίων ἄρχουσιν,Oratory,grc/isocrates-athens-rulers-mytilene-ffu-ab.grc.md,11218,2141
ffu,ffu-ae,isocrates-of-athens,isocrates-athens-sons-of-jason,To the Sons of Jason,τοῖς Ἰάσονος παισίν,Oratory,grc/isocrates-athens-sons-of-jason-ffu-ae.grc.md,13841,2101
ffu,ffu-au,isocrates-of-athens,isocrates-athens-timothy,To Timothy,Τιμοθέῳ,Oratory,grc/isocrates-athens-timothy-ffu-au.grc.md,11762,1422
jbu,jbu-aa,istros-the-callimachean,istros-callimachean-attica-festivals,Attic Antiquities and Festivals,Ἀποσπάσματα,History,grc/istros-callimachean-attica-festivals-jbu-aa.grc.md,34706,1881
jbu,jbu-ab,istros-the-callimachean,istros-callimachean-olympic-region,Fragments on the Olympic Region,Ἀποσπάσματα περὶ τῆς Ὀλυμπικῆς Χώρας,History,grc/istros-callimachean-olympic-region-jbu-ab.grc.md,2694,2009
iei,iei-aa,isyllus-of-epidaurus,isyllus-epidaurus-fragments-ig-4-950,Fragments IG 4.950,Ἀποσπάσματα IG 4.950,Poetry,grc/isyllus-epidaurus-fragments-ig-4-950-iei-aa.grc.md,9947,1747
ttc,ttc-aa,john-argyropoulos,argyropoulos-aphthonius-exercises,Introduction to Aphthonius' Preliminary Exercises,Εἰσαγωγὴ εἰς τὰ προκαταρκτικὰ τοῦ Ἀφθονίου,Grammar,grc/argyropoulos-aphthonius-exercises-ttc-aa.grc.md,7542,2172
tdi,tdi-aa,john-cananus,john-can-siege-constantinople,On the Siege of Constantinople,Περὶ τῆς Πολιορκίας τῆς Κωνσταντινουπόλεως,History,grc/john-can-siege-constantinople-tdi-aa.grc.md,58096,1986
vae,vae-aa,john-malalas-of-antioch,john-malalas-antioch-chronicle,Chronicle,Χρονολογικόν,History,grc/john-malalas-antioch-chronicle-vae-aa.grc.md,42544,1953
vae,vae-ac,john-malalas-of-antioch,john-malalas-antioch-chronography,Chronography,Χρονογραφία,History,grc/john-malalas-antioch-chronography-vae-ac.grc.md,1123796,2089
vae,vae-ab,john-malalas-of-antioch,john-malalas-antioch-chronography,"Chronography, Selections",Χρονογραφία,History,grc/john-malalas-antioch-chronography-vae-ab.grc.md,44384,1808
vwc,vwc-aa,john-of-alexandria,john-alexandria-nature-child,Commentaries-Hippocrates' Book-the Nature of the Child,Ὑπομνήματα εἰς τὸ Βιβλίον περὶ Φύσεως Παίδων,Medicine,grc/john-alexandria-nature-child-vwc-aa.grc.md,99847,739
uxw,uxw-ah,john-of-caesarea-in-palestine,john-caesarea-palestine-against-aphthartodocetae,Against the Aphthartodocetae,Κατὰ Ἀφθαρτοδοκητῶν,Grammar,grc/john-caesarea-palestine-against-aphthartodocetae-uxw-ah.grc.md,33478,1861
uxw,uxw-ad,john-of-caesarea-in-palestine,john-caesarea-palestine-against-manichaeans-1,"Against the Manichaeans, Homily 1",Κατὰ Μανιχαίων,Grammar,grc/john-caesarea-palestine-against-manichaeans-1-uxw-ad.grc.md,35555,2266
uxw,uxw-ae,john-of-caesarea-in-palestine,john-caesarea-palestine-against-manichaeans-2,"Against the Manichaeans, Homily 2",Κατὰ Μανιχαίων,Grammar,grc/john-caesarea-palestine-against-manichaeans-2-uxw-ae.grc.md,57467,1960
uxw,uxw-aa,john-of-caesarea-in-palestine,john-caesarea-palestine-apology-chalcedon,"Apology of the Council of Chalcedon, Greek Excerpts",Ἀπολογία τῆς Συνόδου τῆς Χαλκηδόνος,Grammar,grc/john-caesarea-palestine-apology-chalcedon-uxw-aa.grc.md,33308,2288
uxw,uxw-ag,john-of-caesarea-in-palestine,john-caesarea-palestine-disputation-manichaean,Disputation with a Manichaean,Ἀντιλογία πρὸς Μανιχαῖον,Grammar,grc/john-caesarea-palestine-disputation-manichaean-uxw-ag.grc.md,38570,2208
uxw,uxw-ab,john-of-caesarea-in-palestine,john-caesarea-palestine-gospel-john-excerpts,On the Gospel According to John Two Excerpts,Περὶ τοῦ Κατὰ Ἰωάννην Εὐαγγελίου Δύο Ἐξαίρετα,Grammar,grc/john-caesarea-palestine-gospel-john-excerpts-uxw-ab.grc.md,4453,2342
uxw,uxw-ac,john-of-caesarea-in-palestine,john-caesarea-palestine-seventeen-chapters,Seventeen Chapters-Monophysites,Ἑπτὰ καὶ Δέκα Κεφάλαια Κατὰ Μονοφυσιτῶν,Grammar,grc/john-caesarea-palestine-seventeen-chapters-uxw-ac.grc.md,20448,2252
uxw,uxw-af,john-of-caesarea-in-palestine,john-caesarea-palestine-syllogisms,Syllogisms of the Holy Fathers,Συλλογισμοὶ τῶν Ἁγίων Πατέρων,Grammar,grc/john-caesarea-palestine-syllogisms-uxw-af.grc.md,7416,1819
vue,vue-aa,john-of-epiphania,john-epiphania-persian-history,Fragments on Persian History,Ἀποσπάσματα περὶ τῆς Περσικῆς Ἱστορίας,History,grc/john-epiphania-persian-history-vue-aa.grc.md,21933,1974
vuy,vuy-ab,john-of-gaza,john-gaza-anacreontea,Anacreontea,Ἀνακρεόντεια,Grammar,grc/john-gaza-anacreontea-vuy-ab.grc.md,15240,2027
vuy,vuy-aa,john-of-gaza,john-gaza-cosmic-tablet,Description of the Cosmic Tablet,Ἔκφρασις τοῦ κοσμικοῦ πίνακος,Grammar,grc/john-gaza-cosmic-tablet-vuy-aa.grc.md,71240,2015
uxc,uxc-ah,john-philoponus-of-alexandria,john-philoponus-alexandria-commentaries-aristotle,Commentaries-Aristotle in Greek,Σχόλια εἰς τὰ περὶ γενέσεως ζῴων Ἀριστοτέλους,Philosophy,grc/john-philoponus-alexandria-commentaries-aristotle-uxc-ah.grc.md,1096727,2471
uxc,uxc-al,john-philoponus-of-alexandria,john-philoponus-alexandria-commentary-aristotle,Commentary on On Generation and Corruption,Σχόλια εἰς τὰ περὶ γενέσεως καὶ φθορᾶς,Philosophy,grc/john-philoponus-alexandria-commentary-aristotle-uxc-al.grc.md,1241510,2266
uxc,uxc-ai,john-philoponus-of-alexandria,john-philoponus-alexandria-commentary-aristotle,Commentary on the Categories,Σχόλια εἰς τὰς κατηγορίας Ἀριστοτέλους,Philosophy,grc/john-philoponus-alexandria-commentary-aristotle-uxc-ai.grc.md,773660,1958
uxc,uxc-aj,john-philoponus-of-alexandria,john-philoponus-alexandria-commentary-aristotle,Commentary on the Prior Analytics,Σχόλια εἰς τὰ ἀναλυτικὰ πρότερα Ἀριστοτέλους,Philosophy,grc/john-philoponus-alexandria-commentary-aristotle-uxc-aj.grc.md,1915115,2420
uxc,uxc-ad,john-philoponus-of-alexandria,john-philoponus-alexandria-on-soul-commentary,"On Aristotle's Books-the Soul, Commentary",Σχόλια εἰς τὰ περὶ ψυχῆς Ἀριστοτέλους,Philosophy,grc/john-philoponus-alexandria-on-soul-commentary-uxc-ad.grc.md,2738885,1988
uxc,uxc-ac,john-philoponus-of-alexandria,john-philoponus-alexandria-meteorology-commentary,On Aristotle's Meteorology Book I. Commentary,"Σχόλια εἰς τὰ μετεωρολογικὰ Ἀριστοτέλους,",Philosophy,grc/john-philoponus-alexandria-meteorology-commentary-uxc-ac.grc.md,634608,2366
uxc,uxc-ag,john-philoponus-of-alexandria,john-philoponus-alexandria-commentary-physics,"On Aristotle's Physics Books, Commentary",Σχόλια εἰς τὰ φυσικὰ Ἀριστοτέλους,Philosophy,grc/john-philoponus-alexandria-commentary-physics-uxc-ag.grc.md,3426956,2117
uxc,uxc-ab,john-philoponus-of-alexandria,john-philoponus-alexandria-posterior-analytics-commentary,"On Aristotle's Posterior Analytics, Commentary",Σχόλια εἰς τὰ ἀναλυτικὰ ὕστερα Ἀριστοτέλους,Philosophy,grc/john-philoponus-alexandria-posterior-analytics-commentary-uxc-ab.grc.md,1708127,2715
uxc,uxc-am,john-philoponus-of-alexandria,john-philoponus-alexandria-creation-world,On the Creation of the World,Περὶ τῆς τοῦ κόσμου δημιουργίας,Philosophy,grc/john-philoponus-alexandria-creation-world-uxc-am.grc.md,756762,2141
uxc,uxc-an,john-philoponus-of-alexandria,john-philoponus-alexandria-eternity-world,On the Eternity of the World,Περὶ τῆς τοῦ κόσμου ἀϊδιότητος,Philosophy,grc/john-philoponus-alexandria-eternity-world-uxc-an.grc.md,1668214,2199
uxc,uxc-ae,john-philoponus-of-alexandria,john-philoponus-alexandria-astrolabe-use-construction,On the Use and Construction of the Astrolabe,Περὶ τῆς χρήσεως καὶ κατασκευῆς τοῦ ἀστρολάβου,Philosophy,grc/john-philoponus-alexandria-astrolabe-use-construction-uxc-ae.grc.md,96537,2500
tni,tni-aa,john-stobaeus-of-stobi,john-stobaeus-anthologium,Anthologium,Ἀνθολόγιον,Philosophy,grc/john-stobaeus-anthologium-tni-aa.grc.md,4127531,2882
vhw,vhw-ac,john-the-lydian,john-lydian-omens,On Omens,Περὶ Οἰωνῶν,History,grc/john-lydian-omens-vhw-ac.grc.md,272309,1714
vhw,vhw-aa,john-the-lydian,john-lydian-magistrates-roman,On the Magistrates of the Roman People,Περὶ τῶν Ἄρχοντων τοῦ Ῥωμαϊκοῦ Λαοῦ,History,grc/john-lydian-magistrates-roman-vhw-aa.grc.md,395559,2229
vhw,vhw-ab,john-the-lydian,john-lydian-months,On the Months,Περὶ Μηνῶν,History,grc/john-lydian-months-vhw-ab.grc.md,399839,1819
rxk,rxk-aa,john-vi-kantakouzenos,john-kantakouzenos-histories,Histories,Ἱστορίαι,History,grc/john-kantakouzenos-histories-rxk-aa.grc.md,3947776,2174
ofq,ofq-ad,josephus-the-historian,josephus-antiquities,Jewish Antiquities,Ἰουδαϊκὴ ἀρχαιολογία,History,grc/josephus-antiquities-ofq-ad.grc.md,4097531,2000
ofq,ofq-aa,josephus-the-historian,josephus-jewish-war,Jewish War-the Romans,Ἰουδαϊκοῦ πολέμου πρὸς Ῥωμαίους,History,grc/josephus-jewish-war-ofq-aa.grc.md,1669355,2630
ofq,ofq-ac,josephus-the-historian,josephus-josephus-life,Josephus' Life,Ἰωσήπου βίος,History,grc/josephus-josephus-life-ofq-ac.grc.md,215024,1804
ofq,ofq-ab,josephus-the-historian,josephus-antiquity-jews,On the Antiquity of the Jews,περὶ ἀρχαιότητος Ἰουδαίων,History,grc/josephus-antiquity-jews-ofq-ab.grc.md,292738,2720
nlg,nlg-aa,juba-ii-of-mauretania,juba-ii-mauretania-roman-history,Roman History Fragments,Ἀποσπάσματα,History,grc/juba-ii-mauretania-roman-history-nlg-aa.grc.md,62110,1901
pkk,pkk-aa,julia-balbilla,julia-balbilla-epigrams,Epigrams,Ἐπιγράμματα,Poetry,grc/julia-balbilla-epigrams-pkk-aa.grc.md,6916,2077
sno,sno-al,julian-the-apostate,julian-apostate-against-galileans,Against the Galileans,Κατὰ Γαλιλαίων,Philosophy,grc/julian-apostate-against-galileans-sno-al.grc.md,143860,2178
sno,sno-ap,julian-the-apostate,julian-apostate-beard-hater,Beard-Hater,Μισοπώγων,Philosophy,grc/julian-apostate-beard-hater-sno-ap.grc.md,106070,1820
sno,sno-ab,julian-the-apostate,julian-apostate-consolation-salustius,Consolatithe Departure of Most Noble Salustius,Ἐπὶ τῇ ἐξόδῳ τοῦ ἀγαθωτάτου Σαλουστίου,Philosophy,grc/julian-apostate-consolation-salustius-sno-ab.grc.md,39097,1738
sno,sno-ao,julian-the-apostate,julian-apostate-dubious-letters,Dubious Letters,Ἐπιστολαὶ Ἀμφίβολοι,Philosophy,grc/julian-apostate-dubious-letters-sno-ao.grc.md,22382,2352
sno,sno-ae,julian-the-apostate,julian-apostate-encomium-constantius,encom to Emperor Constantius,Ἐγκώμιον εἰς τὸν αὐτοκράτορα Κωνστάντιον,Philosophy,grc/julian-apostate-encomium-constantius-sno-ae.grc.md,150589,1801
sno,sno-ah,julian-the-apostate,julian-apostate-encom-eusebia,encom to Empress Eusebia,Εὐσεβίας τῆς βασιλίδος ἐγκώμιον,Philosophy,grc/julian-apostate-encom-eusebia-sno-ah.grc.md,88784,2306
sno,sno-ar,julian-the-apostate,julian-apostate-epigrams,Epigrams,Ἐπιγράμματα,Philosophy,grc/julian-apostate-epigrams-sno-ar.grc.md,4127,2184
sno,sno-as,julian-the-apostate,julian-apostate-antioch-fragments,Fragments on Antioch,Ἀποσπάσματα περὶ Ἀντιοχείας,Philosophy,grc/julian-apostate-antioch-fragments-sno-as.grc.md,2625,2041
sno,sno-at,julian-the-apostate,julian-apostate-bithynian-letters,Letters on a Bithynian Estate,Ἐπιστολαὶ περὶ Βιθυνικῆς Κτήσεως,Philosophy,grc/julian-apostate-bithynian-letters-sno-at.grc.md,247827,1963
sno,sno-aa,julian-the-apostate,julian-apostate-cynicism,On Cynicism,Πρὸς Ἡράκλειον κυνικὸν περὶ τοῦ πῶς κυνιστέον,Philosophy,grc/julian-apostate-cynicism-sno-aa.grc.md,110974,2267
sno,sno-ac,julian-the-apostate,julian-apostate-deeds-kingship,On the Emperor's Deeds or-Kingship,Περὶ τῶν τοῦ αὐτοκράτορος πράξεων ἢ περὶ βασιλείας,Philosophy,grc/julian-apostate-deeds-kingship-sno-ac.grc.md,166408,2010
sno,sno-ai,julian-the-apostate,julian-apostate-short-poems,Short Poems and Fragments,Ἐπιγράμματα καὶ Ἀποσπάσματα,Philosophy,grc/julian-apostate-short-poems-sno-ai.grc.md,7269,2487
sno,sno-an,julian-the-apostate,julian-apostate-spurious-letters,Spurious Letters,Ἐπιστολαὶ Νόθαι,Philosophy,grc/julian-apostate-spurious-letters-sno-an.grc.md,7082,2045
sno,sno-am,julian-the-apostate,julian-apostate-symposium,Symposium or Kronia,Συμπόσιον ἢ Κρόνια,Philosophy,grc/julian-apostate-symposium-sno-am.grc.md,85993,2041
sno,sno-aq,julian-the-apostate,julian-apostate-testimonies,Testimonies,Μαρτυρίαι,Philosophy,grc/julian-apostate-testimonies-sno-aq.grc.md,4514,1873
sno,sno-ag,julian-the-apostate,julian-apostate-helios-salustius,"To King Helios, To Salustius",Εἰς τὸν βασιλέα Ἥλιον πρὸς Σαλούστιον,Philosophy,grc/julian-apostate-helios-salustius-sno-ag.grc.md,92297,2224
sno,sno-ad,julian-the-apostate,julian-apostate-council-people,To the Council and People of Athens,Ἀθηναίων τῇ βουλῇ καὶ τῷ δήμῳ,Philosophy,grc/julian-apostate-council-people-sno-ad.grc.md,61586,2263
sno,sno-aj,julian-the-apostate,julian-apostate-mother-of-gods,To the Mother of the Gods,Εἰς τὴν μητέρα τῶν θεῶν,Philosophy,grc/julian-apostate-mother-of-gods-sno-aj.grc.md,72219,2345
sno,sno-ak,julian-the-apostate,julian-apostate-uneducated-dogs,To the Uneducated Dogs,Εἰς τοὺς ἀπαιδεύτους κύνας,Philosophy,grc/julian-apostate-uneducated-dogs-sno-ak.grc.md,73084,1903
sno,sno-af,julian-the-apostate,julian-apostate-to-themistius,To Themistius the Philosopher,Θεμιστίῳ φιλοσόφῳ,Philosophy,grc/julian-apostate-to-themistius-sno-af.grc.md,43940,2100
poq,poq-aa,julian-the-jurist,julian-jurist-law-physicians,Law-Physicians,Νόμος περὶ Ἰατρῶν,Law,grc/julian-jurist-law-physicians-poq-aa.grc.md,2867,1614
yfq,yfq-aa,julius-pomponius-laetus,pomponius-laetus-phoenician-history,Fragments on Phoenician History,Ἀποσπάσματα περὶ Φοινίκης Ἱστορίας,History,grc/pomponius-laetus-phoenician-history-yfq-aa.grc.md,3742,1887
nsy,nsy-aa,julius-the-epic-poet,julius-epic-cadmus-agave,Fragments on Cadmus and Agave,Ἀποσπάσματα περὶ Κάδμου καὶ Ἀγαύης,Epic,grc/julius-epic-cadmus-agave-nsy-aa.grc.md,2605,1817
qbs,qbs-ad,justin-martyr,justin-martyr-apology,Apology,Ἀπολογία,Theology,grc/justin-martyr-apology-qbs-ad.grc.md,186052,449
qbs,qbs-ac,justin-martyr,justin-martyr-second-apology,Second Apology,Δευτέρα Ἀπολογία,Theology,grc/justin-martyr-second-apology-qbs-ac.grc.md,43163,507
ghw,ghw-aa,lachares-the-sophist,lachares-rhetoric,Rhetoric,Ῥητορική,Oratory,grc/lachares-rhetoric-ghw-aa.grc.md,27504,1297
sck,sck-aa,lamentation-song,lamentation-song-lost-son,Lament for a Lost Son,Ἀπόσπασμα,Poetry,grc/lamentation-song-lost-son-sck-aa.grc.md,3451,1765
bsg,bsg-aa,lamprocles-the-athenian,lamprocles-athens-hymnic-pallas,Hymnic Fragments to Pallas Athena,Ἀποσπάσματα,Poetry,grc/lamprocles-athens-hymnic-pallas-bsg-aa.grc.md,2505,1765
gmm,gmm-aa,laon-the-comic-poet,laon-comic-boeotia-character,On Boeotia and Character,Ἀποσπάσματα,Comedy,grc/laon-comic-boeotia-character-gmm-aa.grc.md,2198,1536
gmm,gmm-ab,laon-the-comic-poet,laon-comic-boeotia-character,On Boeotia and Character,Ἀποσπάσματα,Comedy,grc/laon-comic-boeotia-character-gmm-ab.grc.md,2147,1485
gig,gig-aa,leo-of-byzantium,leo-byzantium-cities-rivers,Fragments on Cities and Rivers,Ἀποσπάσματα περὶ Πόλεων καὶ Ποταμῶν,History,grc/leo-byzantium-cities-rivers-gig-aa.grc.md,6085,1894
pqo,pqo-aa,leo-of-constantinople,leo-constantinople-nature-men,"On the Nature of Men, Synopsis",Περὶ Φύσεως Ἀνθρώπων,Philosophy,grc/leo-constantinople-nature-men-pqo-aa.grc.md,86042,1682
pqo,pqo-ab,leo-of-constantinople,leo-constantinople-overview-medicine,Overview of Medicine,Σύνοψις Ἰατρικῆς,Philosophy,grc/leo-constantinople-overview-medicine-pqo-ab.grc.md,127846,2082
ktg,ktg-aa,leon-of-pella,leon-pella-egyptian-gods,On the Egyptian Gods,Ἀποσπάσματα,History,grc/leon-pella-egyptian-gods-ktg-aa.grc.md,5223,2273
toc,toc-aa,leontius-the-mechanic,leontius-mechanic-aratus-sphere,On the Construction of Aratus' Sphere,Περὶ κατασκευῆς τῆς σφαίρας τοῦ Ἄρατου,Science,grc/leontius-mechanic-aratus-sphere-toc-aa.grc.md,28618,2154
mbw,mbw-aa,lesbonax-of-mytilene,lesbonax-mytilene-exhortation,Exhortation A,Προτρεπτικὸς Α,Oratory,grc/lesbonax-mytilene-exhortation-mbw-aa.grc.md,18748,1911
mbw,mbw-ab,lesbonax-of-mytilene,lesbonax-mytilene-exhortation-b,Exhortation B,Προτρεπτικὸς Β,Oratory,grc/lesbonax-mytilene-exhortation-b-mbw-ab.grc.md,13147,1973
mbw,mbw-ac,lesbonax-of-mytilene,lesbonax-mytilene-statesman,Statesman,Πολιτικός,Oratory,grc/lesbonax-mytilene-statesman-mbw-ac.grc.md,6493,1867
nne,nne-aa,lesbonax-of-mytilene,lesbonax-mytilene-figures,On Figures,Περὶ Σχημάτων,Grammar,grc/lesbonax-mytilene-figures-nne-aa.grc.md,41411,1659
hjo,hjo-aa,letters-of-calanus-anon,calanus-letters-alexander,Kalanos to Alexander,Ἐπιστολή,Philosophy,grc/calanus-letters-alexander-hjo-aa.grc.md,3329,1780
dra,dra-ab,leucippus-the-atomist,leucippus-cosmos-necessity,On the Cosmos and Necessity,Ἀποσπάσματα,Philosophy,grc/leucippus-cosmos-necessity-dra-ab.grc.md,3563,2034
dra,dra-aa,leucippus-the-atomist,leucippus-testimonies,Testimonies,Μαρτυρίαι,Philosophy,grc/leucippus-testimonies-dra-aa.grc.md,43942,1677
vtk,vtk-aa,lexicographic-work-anon,anon-lex-ii-alphabet-etymology,Etymology of the Alphabet,Ἐτυμολογία τοῦ Ἀλφαβήτου,Lexicography,grc/anon-lex-ii-alphabet-etymology-vtk-aa.grc.md,9438,1657
uhi,uhi-aa,lexicographical-work-anon,anon-lexicographer-ii-scriptures-christ-birth,Words in the Scriptures-Christ's Birth,Λόγοι ἐν ταῖς Γραφαῖς περὶ Γεννήσεως Χριστοῦ,Lexicography,grc/anon-lexicographer-ii-scriptures-christ-birth-uhi-aa.grc.md,15212,1809
swk,swk-ac,libanius-of-antioch,libanius-antioch-demosthenic-orations,Arguments of Demosthenic Orations,Προοίμια Δημοσθένους Λόγων,Oratory,grc/libanius-antioch-demosthenic-orations-swk-ac.grc.md,156717,2077
swk,swk-ab,libanius-of-antioch,libanius-antioch-correspondence-basil,Correspondence of Basil and Libanius,Ἀλληλογραφία Βασιλείου καὶ Λιβανίου,Oratory,grc/libanius-antioch-correspondence-basil-swk-ab.grc.md,41646,2715
swk,swk-aa,libanius-of-antioch,libanius-antioch-embassy-menelaus,"Declamation 3, Embassy of Menelaus, Theorem",Μελέτη γ,Oratory,grc/libanius-antioch-embassy-menelaus-swk-aa.grc.md,3433,1964
swk,swk-ag,libanius-of-antioch,libanius-antioch-declamations,Declamations 1–51,Μελέται Αʹ–ΝΑʹ,Oratory,grc/libanius-antioch-declamations-swk-ag.grc.md,2633427,1949
swk,swk-ai,libanius-of-antioch,libanius-antioch-epistolary-styles,Epistolary Styles,Ἐπιστολιμαῖοι χαρακτῆρες,Oratory,grc/libanius-antioch-epistolary-styles-swk-ai.grc.md,33617,2086
swk,swk-ak,libanius-of-antioch,libanius-antioch-virtue,Fragments on Virtue,Ἀποσπάσματα περὶ Ἀρετῆς,Oratory,grc/libanius-antioch-virtue-swk-ak.grc.md,11160,1684
swk,swk-ad,libanius-of-antioch,libanius-antioch-declamations,Fragments-Declamations,Ἀποσπάσματα περὶ Μελετῶν,Oratory,grc/libanius-antioch-declamations-swk-ad.grc.md,18276,1840
swk,swk-ah,libanius-of-antioch,libanius-antioch-letters,Letters,Ἐπιστολαί,Oratory,grc/libanius-antioch-letters-swk-ah.grc.md,2609099,2483
swk,swk-aj,libanius-of-antioch,libanius-antioch-orations,Orations 1–64,Λόγοι 1–64,Oratory,grc/libanius-antioch-orations-swk-aj.grc.md,3074599,1930
swk,swk-af,libanius-of-antioch,libanius-antioch-preliminary-exercises,Preliminary Exercises,Προγυμνάσματα,Oratory,grc/libanius-antioch-preliminary-exercises-swk-af.grc.md,829846,1879
swk,swk-ae,libanius-of-antioch,libanius-antioch-pseudepigraphal-letters,Pseudepigraphal Letters,Ψευδεπίγραφα Ἐπιστολαί,Oratory,grc/libanius-antioch-pseudepigraphal-letters-swk-ae.grc.md,17182,2031
dzm,dzm-aa,licymnius-of-chios,licymnius-chios-hymn-hygieia-sleep,Hymn to Hygieia and Sleep,Ἀποσπάσματα,Poetry,grc/licymnius-chios-hymn-hygieia-sleep-dzm-aa.grc.md,2775,1923
mpi,mpi-aa,limenius-of-athens,limenius-athens-delphic-paean-ii,Delphic Paean II and Prosodion to Apollo,Δελφικὸς Παιὰν Β' καὶ Προσόδιον πρὸς Ἀπόλλωνα,Poetry,grc/limenius-athens-delphic-paean-ii-mpi-aa.grc.md,6301,2101
afa,afa-aa,little-iliad,little-iliad-fragments,Little Iliad Fragments,Ἰλιὰς Μικρὰ Ἀποσπάσματα,Epic,grc/little-iliad-fragments-afa-aa.grc.md,7452,2269
yew,yew-aa,little-song-of-the-disciples,mikron-hymn-prayer-wisdom,A Disciple's Prayer for Wisdom,Ἀπόσπασμα,Poetry,grc/mikron-hymn-prayer-wisdom-yew-aa.grc.md,2238,1416
kza,kza-aa,lobon-of-argos,lobon-argos-epigrams-before-alexandria,Epigrams-Poets Before Alexandrian Age,Ἐπιγράμματα εἰς Ποιητὰς πρὸ τῆς Ἀλεξανδρινῆς,Poetry,grc/lobon-argos-epigrams-before-alexandria-kza-aa.grc.md,6186,1509
kza,kza-ab,lobon-of-argos,lobon-argos-fragments,Fragments and Title,Ἀποσπάσματα καὶ Τίτλος,Poetry,grc/lobon-argos-fragments-kza-ab.grc.md,7316,1787
qek,qek-aa,lollianus-the-erotic-writer,lollianus-phoenician-matters,Phoenician Matters (Main Papyrus Fragment),Φοινικικά,Fiction,grc/lollianus-phoenician-matters-qek-aa.grc.md,22255,1926
qek,qek-ac,lollianus-the-erotic-writer,lollianus-phoenician-matters,Phoenician Matters (Minor Fragment),Φοινικικά,Fiction,grc/lollianus-phoenician-matters-qek-ac.grc.md,3510,1719
qek,qek-ab,lollianus-the-erotic-writer,lollianus-phoenician-matters,Phoenician Matters (Secondary Fragments),Φοινικικά,Fiction,grc/lollianus-phoenician-matters-qek-ab.grc.md,12568,1625
nzm,nzm-aa,londoner-on-medicine-anon,londoner-medicine-anonymous-fragments,Anonymous Londinensis Fragments,Ἀνώνυμος Λονδινέζης Ἀποσπάσματα,Medicine,grc/londoner-medicine-anonymous-fragments-nzm-aa.grc.md,4097,1849
nzm,nzm-ab,londoner-on-medicine-anon,londoner-medicine-medical-works,Medical Works,Ἰατρικά,Medicine,grc/londoner-medicine-medical-works-nzm-ab.grc.md,158552,1709
rte,rte-aa,longus-the-novelist,longus-daphnis-chloe,Daphnis and Chloe,Δάφνις καὶ Χλόη,Fiction,grc/longus-daphnis-chloe-rte-aa.grc.md,251909,2259
pfk,pfk-ag,lucian-of-samosata,lucian-samosata-false-prophet,Alexander Or The False Prophet,Ἀλέξανδρος ἢ Ψευδόμαντις,Oratory,grc/lucian-samosata-false-prophet-pfk-ag.grc.md,92000,1827
pfk,pfk-am,lucian-of-samosata,lucian-samosata-anacharsis-gymnasia,Anacharsis Or-Gymnasia,Ἀνάχαρσις ἢ Περὶ Γυμνασίων,Oratory,grc/lucian-samosata-anacharsis-gymnasia-pfk-am.grc.md,81688,1881
pfk,pfk-cm,lucian-of-samosata,lucian-samosata-apology,Apology,Ἀπολογία,Oratory,grc/lucian-samosata-apology-pfk-cm.grc.md,28171,1964
pfk,pfk-az,lucian-of-samosata,lucian-samosata-assembly-gods,Assembly of the Gods,Θεῶν Ἐκκλησία,Oratory,grc/lucian-samosata-assembly-gods-pfk-az.grc.md,24687,1816
pfk,pfk-ba,lucian-of-samosata,lucian-samosata-charon-inspectors,Charon or Inspectors,Χάρων ἢ Ἐπισκοποῦντες,Oratory,grc/lucian-samosata-charon-inspectors-pfk-ba.grc.md,53183,1804
pfk,pfk-bd,lucian-of-samosata,lucian-samosata-companion-dialogues,Companion Dialogues,Ἑταιρικοὶ Διάλογοι,Oratory,grc/lucian-samosata-companion-dialogues-pfk-bd.grc.md,101984,1612
pfk,pfk-cn,lucian-of-samosata,lucian-samosata-demonax,Demonax,Δημώναξ,Oratory,grc/lucian-samosata-demonax-pfk-cn.grc.md,41687,1945
pfk,pfk-an,lucian-of-samosata,lucian-samosata-descent-underworld,Descent to the Underworld,Κατάπλους,Oratory,grc/lucian-samosata-descent-underworld-pfk-an.grc.md,52603,2123
pfk,pfk-bj,lucian-of-samosata,lucian-samosata-hesiod,Dialogue to Hesiod,Διάλογος πρὸς Ἡσίοδον,Oratory,grc/lucian-samosata-hesiod-pfk-bj.grc.md,13644,2071
pfk,pfk-at,lucian-of-samosata,lucian-samosata-dialogues-dead,Dialogues of the Dead,Νεκρικοὶ Διάλογοι,Oratory,grc/lucian-samosata-dialogues-dead-pfk-at.grc.md,146387,1999
pfk,pfk-au,lucian-of-samosata,lucian-samosata-dialogues-gods,Dialogues of the Gods,Θεῶν Διάλογοι,Oratory,grc/lucian-samosata-dialogues-gods-pfk-au.grc.md,95677,1852
pfk,pfk-ao,lucian-of-samosata,lucian-samosata-dispute-consonants,Dispute of the Consonants,Κατάπλους ἢ Τύραννος,Oratory,grc/lucian-samosata-dispute-consonants-pfk-ao.grc.md,16692,2145
pfk,pfk-ch,lucian-of-samosata,lucian-samosata-electrum,Electrum,Ἠλέκτρον,Oratory,grc/lucian-samosata-electrum-pfk-ch.grc.md,9757,1739
pfk,pfk-ai,lucian-of-samosata,lucian-samosata-encom-fatherland,encom of the Fatherland,Ἐγκώμιον Πατρίδος,Oratory,grc/lucian-samosata-encom-fatherland-pfk-ai.grc.md,14551,2101
pfk,pfk-be,lucian-of-samosata,lucian-samosata-encomium-fly,encom of the Fly,Ἐγκώμιον Μύσκης,Oratory,grc/lucian-samosata-encomium-fly-pfk-be.grc.md,16506,1537
pfk,pfk-co,lucian-of-samosata,lucian-samosata-eunuch,Eunuch,Εὐνοῦχος,Oratory,grc/lucian-samosata-eunuch-pfk-co.grc.md,18579,1854
pfk,pfk-bn,lucian-of-samosata,lucian-samosata-images,For the Images,Ὑπὲρ τῶν Εἰκόνων,Oratory,grc/lucian-samosata-images-pfk-bn.grc.md,46200,2060
pfk,pfk-cp,lucian-of-samosata,lucian-samosata-gallus,Gallus,Ὄνειρος ἢ Ἀλεκτρυών,Oratory,grc/lucian-samosata-gallus-pfk-cp.grc.md,73133,1716
pfk,pfk-cs,lucian-of-samosata,lucian-samosata-gout,Gout,Ποδάγρα,Oratory,grc/lucian-samosata-gout-pfk-cs.grc.md,26466,2037
pfk,pfk-cb,lucian-of-samosata,lucian-samosata-harmonides,Harmonides,Ἁρμονίδης,Oratory,grc/lucian-samosata-harmonides-pfk-cb.grc.md,13417,1772
pfk,pfk-ci,lucian-of-samosata,lucian-samosata-hercules,Hercules,Ἡρακλῆς,Oratory,grc/lucian-samosata-hercules-pfk-ci.grc.md,11229,1531
pfk,pfk-as,lucian-of-samosata,lucian-samosata-hermotimus,Hermotimus or-Sects,Ἑρμότιμος ἢ Περὶ Αἱρέσεων,Oratory,grc/lucian-samosata-hermotimus-pfk-as.grc.md,174618,2626
pfk,pfk-bf,lucian-of-samosata,lucian-samosata-aetion,Herodotus or Aetion,Ἡρόδοτος ἢ Ἀετίων,Oratory,grc/lucian-samosata-aetion-pfk-bf.grc.md,14195,2450
pfk,pfk-bg,lucian-of-samosata,lucian-samosata-hippias-bath,Hippias or The Bath,Ἱππίας ἢ Βαλανεῖον,Oratory,grc/lucian-samosata-hippias-bath-pfk-bg.grc.md,14737,1869
pfk,pfk-bb,lucian-of-samosata,lucian-samosata-how-to-write-history,How to Write History,Πῶς δεῖ Ἱστορίαν συγγράφειν,Oratory,grc/lucian-samosata-how-to-write-history-pfk-bb.grc.md,97120,2039
pfk,pfk-bq,lucian-of-samosata,lucian-samosata-icarus-mennipus,Icaromenippus,Ἰκαρομένιππος ἢ Ὑπερνέφελος,Oratory,grc/lucian-samosata-icarus-mennipus-pfk-bq.grc.md,67983,2311
pfk,pfk-cq,lucian-of-samosata,lucian-samosata-images,Images,Εἰκόνες,Oratory,grc/lucian-samosata-images-pfk-cq.grc.md,42075,1633
pfk,pfk-ad,lucian-of-samosata,lucian-samosata-defense-fault,In Defense of the Addressed Fault,Ὑπὲρ τοῦ ἐν τῇ Προσαγορεύσει Πταίσματος,Oratory,grc/lucian-samosata-defense-fault-pfk-ad.grc.md,22665,2464
pfk,pfk-bc,lucian-of-samosata,lucian-samosata-judgment-gods,Judgment of the Gods,Θεῶν Κρίσις,Oratory,grc/lucian-samosata-judgment-gods-pfk-bc.grc.md,25698,1672
pfk,pfk-cc,lucian-of-samosata,lucian-samosata-lexiphanes,Lexiphanes,Λεξιφάνης,Oratory,grc/lucian-samosata-lexiphanes-pfk-cc.grc.md,37471,1635
pfk,pfk-cj,lucian-of-samosata,lucian-samosata-macrobii,Macrobii,Μακρόβιοι,Oratory,grc/lucian-samosata-macrobii-pfk-cj.grc.md,30119,1762
pfk,pfk-bm,lucian-of-samosata,lucian-samosata-marine-dialogues,Marine Dialogues,Ἐνάλιοι Διάλογοι,Oratory,grc/lucian-samosata-marine-dialogues-pfk-bm.grc.md,52507,1798
pfk,pfk-aj,lucian-of-samosata,lucian-samosata-menippus-necromancy,Menippus or the Necromancy,Μένιππος ἢ Νεκυομαντεία,Oratory,grc/lucian-samosata-menippus-necromancy-pfk-aj.grc.md,44029,2121
pfk,pfk-bv,lucian-of-samosata,lucian-samosata-astrology,On Astrology,Περὶ τῆς Ἀστρολογίας,Oratory,grc/lucian-samosata-astrology-pfk-bv.grc.md,26378,1780
pfk,pfk-cd,lucian-of-samosata,lucian-samosata-dancing,On Dancing,Περὶ Ὀρχήσεως,Oratory,grc/lucian-samosata-dancing-pfk-cd.grc.md,90099,1930
pfk,pfk-bz,lucian-of-samosata,lucian-samosata-mourning,On Mourning,Περὶ πένθους,Oratory,grc/lucian-samosata-mourning-pfk-bz.grc.md,23959,1630
pfk,pfk-ae,lucian-of-samosata,lucian-samosata-slander,On Not Easily Believing Slander,Περὶ τοῦ μὴ ῥᾳδίως πιστεύειν Διαβολῇ,Oratory,grc/lucian-samosata-slander-pfk-ae.grc.md,43184,2172
pfk,pfk-br,lucian-of-samosata,lucian-samosata-sacrifices,On Sacrifices,Περὶ Θυσιῶν,Oratory,grc/lucian-samosata-sacrifices-pfk-br.grc.md,23705,1800
pfk,pfk-ak,lucian-of-samosata,lucian-samosata-death-peregrinus,On the Death of Peregrinus,Περὶ τῆς Περεγρίνου Τελευτῆς,Oratory,grc/lucian-samosata-death-peregrinus-pfk-ak.grc.md,55839,2068
pfk,pfk-ah,lucian-of-samosata,lucian-samosata-dream-life,On the Dream or Life of Lucian,Περὶ τοῦ Ἐνυπνίου ἤτοι Βίος Λουκιανοῦ,Oratory,grc/lucian-samosata-dream-life-pfk-ah.grc.md,24883,2145
pfk,pfk-bw,lucian-of-samosata,lucian-samosata-house,On the House,Περὶ Οἴκου,Oratory,grc/lucian-samosata-house-pfk-bw.grc.md,40444,1634
pfk,pfk-ab,lucian-of-samosata,lucian-samosata-parasite-art,"On the Parasite, that Parasite is an Art",Περὶ τοῦ Παρασίτου ὅτι Τέχνη ἡ Παρασιτική,Oratory,grc/lucian-samosata-parasite-art-pfk-ab.grc.md,82192,2197
pfk,pfk-av,lucian-of-samosata,lucian-samosata-syrian-goddess,On the Syrian Goddess,Περὶ τῆς Συρίης Θεοῦ,Oratory,grc/lucian-samosata-syrian-goddess-pfk-av.grc.md,76742,2237
pfk,pfk-bo,lucian-of-samosata,lucian-samosata-thirsty,On the Thirsty,Περὶ τῶν Διψάδων,Oratory,grc/lucian-samosata-thirsty-pfk-bo.grc.md,13359,1543
pfk,pfk-al,lucian-of-samosata,lucian-samosata-living-misthos,On Those Living in Misthos,Περὶ τῶν ἐν Μισθῷ συνόντων,Oratory,grc/lucian-samosata-living-misthos-pfk-al.grc.md,91238,2279
pfk,pfk-ck,lucian-of-samosata,lucian-samosata-phalaris,Phalaris,Φάλαρις,Oratory,grc/lucian-samosata-phalaris-pfk-ck.grc.md,38638,1957
pfk,pfk-af,lucian-of-samosata,lucian-samosata-philopseudes,Philopseudes or The Incredulous,Φιλοψευδὴς ἢ Ἀπιστῶν,Oratory,grc/lucian-samosata-philopseudes-pfk-af.grc.md,79378,2062
pfk,pfk-aq,lucian-of-samosata,lucian-samosata-nigrianus-philosophy,Philosophy of Nigrianus,Νιγρίνου Φιλοσοφία,Oratory,grc/lucian-samosata-nigrianus-philosophy-pfk-aq.grc.md,53537,1778
pfk,pfk-bk,lucian-of-samosata,lucian-samosata-dionysus,"Prologue, Dionysus",Προλαλιά. Διόνυσος,Oratory,grc/lucian-samosata-dionysus-pfk-bk.grc.md,15257,1910
pfk,pfk-ce,lucian-of-samosata,lucian-samosata-prometheus,Prometheus,Προμηθεύς,Oratory,grc/lucian-samosata-prometheus-pfk-ce.grc.md,31109,1841
pfk,pfk-bx,lucian-of-samosata,lucian-samosata-pseudologist,Pseudologist,Ψευδολογιστής,Oratory,grc/lucian-samosata-pseudologist-pfk-bx.grc.md,49817,1767
pfk,pfk-ap,lucian-of-samosata,lucian-samosata-pseudosophist,Pseudosophist or Solecist,Ψευδοσοφιστής ἢ Σολοικιστής,Oratory,grc/lucian-samosata-pseudosophist-pfk-ap.grc.md,24551,2116
pfk,pfk-bt,lucian-of-samosata,lucian-samosata-renounced,Renounced,Ἀποκηρυττόμενος,Oratory,grc/lucian-samosata-renounced-pfk-bt.grc.md,61992,1890
pfk,pfk-aw,lucian-of-samosata,lucian-samosata-reviving-fisherman,Reviving or Fisherman,Ἀναβιοῦντες ἢ Ἁλιεύς,Oratory,grc/lucian-samosata-reviving-fisherman-pfk-aw.grc.md,83541,2428
pfk,pfk-cl,lucian-of-samosata,lucian-samosata-runaways,Runaways,Δραπέται,Oratory,grc/lucian-samosata-runaways-pfk-cl.grc.md,41717,1631
pfk,pfk-bs,lucian-of-samosata,lucian-samosata-sale-of-lives,Sale of Lives,Βίων Πρᾶσις,Oratory,grc/lucian-samosata-sale-of-lives-pfk-bs.grc.md,47203,1949
pfk,pfk-ax,lucian-of-samosata,lucian-samosata-scythian-envoy,Scythian or the Envoy,Σκύθης ἢ Πρόξενος,Oratory,grc/lucian-samosata-scythian-envoy-pfk-ax.grc.md,23458,1472
pfk,pfk-bh,lucian-of-samosata,lucian-samosata-ship-or-prayers,Ship or Prayers,Πλοῖον ἢ Εὐχαί,Oratory,grc/lucian-samosata-ship-or-prayers-pfk-bh.grc.md,69387,2042
pfk,pfk-cf,lucian-of-samosata,lucian-samosata-symposium,Symposium,Συμπόσιον ἢ Λαπίθαι,Oratory,grc/lucian-samosata-symposium-pfk-cf.grc.md,61870,1949
pfk,pfk-ar,lucian-of-samosata,lucian-samosata-rhetoricians,Teacher of Rhetoricians,Ῥητόρων Διδάσκαλος,Oratory,grc/lucian-samosata-rhetoricians-pfk-ar.grc.md,45785,2072
pfk,pfk-cr,lucian-of-samosata,lucian-samosata-timon,Timon,Τίμων,Oratory,grc/lucian-samosata-timon-pfk-cr.grc.md,77950,1987
pfk,pfk-cg,lucian-of-samosata,lucian-samosata-to-cronus,To Cronus,Τὰ πρὸς Κρόνον,Oratory,grc/lucian-samosata-to-cronus-pfk-cg.grc.md,66604,2148
pfk,pfk-aa,lucian-of-samosata,lucian-samosata-prometheus-words,"To the One Who Said, Prometheus If You Are in Words",Πρὸς τὸν εἰπόντα Προμηθεὺς εἶ ἐν λόγοις,Oratory,grc/lucian-samosata-prometheus-words-pfk-aa.grc.md,14750,2041
pfk,pfk-ac,lucian-of-samosata,lucian-samosata-uneducated-man-books,To the Uneducated Man Buying Many Books,Πρὸς τὸν ἀπαίδευτον καὶ πολλὰ βιβλία ὠνούμενον,Oratory,grc/lucian-samosata-uneducated-man-books-pfk-ac.grc.md,48974,2101
pfk,pfk-ay,lucian-of-samosata,lucian-samosata-toxaris-friendship,Toxaris or Friendship,Τόξαρις ἢ Φιλία,Oratory,grc/lucian-samosata-toxaris-friendship-pfk-ay.grc.md,123675,1835
pfk,pfk-bp,lucian-of-samosata,lucian-samosata-true-histories,True Histories,Ἀληθεῖς Ἱστορίαι,Oratory,grc/lucian-samosata-true-histories-pfk-bp.grc.md,144931,1799
pfk,pfk-bu,lucian-of-samosata,lucian-samosata-twice-accused,Twice Accused,Δὶς κατηγορούμενος,Oratory,grc/lucian-samosata-twice-accused-pfk-bu.grc.md,73877,2012
pfk,pfk-ca,lucian-of-samosata,lucian-samosata-tyrannicide,Tyrannicide,Τυραννοκτόνος,Oratory,grc/lucian-samosata-tyrannicide-pfk-ca.grc.md,38062,1938
pfk,pfk-by,lucian-of-samosata,lucian-samosata-zeus-refuted,Zeus Refuted,Ζεὺς ἐλεγχόμενος,Oratory,grc/lucian-samosata-zeus-refuted-pfk-by.grc.md,30961,2736
pfk,pfk-bl,lucian-of-samosata,lucian-samosata-zeus-tragedian,Zeus the Tragedian,Ζεὺς Τραγῳδός,Oratory,grc/lucian-samosata-zeus-tragedian-pfk-bl.grc.md,84504,2069
pfk,pfk-bi,lucian-of-samosata,lucian-samosata-zeuxis-antiochus,Zeuxis or Antiochus,Ζεύξις ἢ Ἀντίοχος,Oratory,grc/lucian-samosata-zeuxis-antiochus-pfk-bi.grc.md,21549,1667
mrg,mrg-aa,lucius-licinius-lucullus,lucullus-thessalonica,On the City of Thessalonica,Ἀποσπάσματα,History,grc/lucullus-thessalonica-mrg-aa.grc.md,3385,1683
giq,giq-aa,lyceas-of-naucratis,lyceas-naucratis-egyptian-affairs,Egyptian Affairs,Ἀπόσπασμα,History,grc/lyceas-naucratis-egyptian-affairs-giq-aa.grc.md,2895,1595
ceo,ceo-aa,lyco-of-tarentum,lyco-tarentum-testimonies,Testimonies,Μαρτυρίαι,Philosophy,grc/lyco-tarentum-testimonies-ceo-aa.grc.md,3863,1632
iwa,iwa-aa,lycon-of-alexandria,lycon-alexandria-last-will-testament,Last Will and Testament of Lycon,Ἀποσπάσματα,Philosophy,grc/lycon-alexandria-last-will-testament-iwa-aa.grc.md,13404,1905
ifw,ifw-aa,lycophron-of-chalcis,lycophron-chalcis-alexandra,Alexandra,Ἀλεξάνδρα,Drama,grc/lycophron-chalcis-alexandra-ifw-aa.grc.md,121459,1977
ifw,ifw-ab,lycophron-of-chalcis,lycophron-chalcis-sympotic-satire,Sympotic Satire Fragments,Ἀποσπάσματα,Drama,grc/lycophron-chalcis-sympotic-satire-ifw-ab.grc.md,3716,1789
igg,igg-aa,lycophron-tragicus,lycophron-testimonies,Testimonies,Μαρτυρίαι,Oratory,grc/lycophron-testimonies-igg-aa.grc.md,5686,1218
gja,gja-aa,lycophronides-lyricus,lycophronides-beauty-offerings,Fragments on Beauty and Offerings,Ἀποσπάσματα περὶ Κάλλους καὶ Ἀναθημάτων,Poetry,grc/lycophronides-beauty-offerings-gja-aa.grc.md,3036,2067
hfi,hfi-aa,lycurgus-of-athens,lycurgus-athens-against-leocrates,Against Leocrates,Κατὰ Λεωκράτους,Oratory,grc/lycurgus-athens-against-leocrates-hfi-aa.grc.md,142640,2137
hfi,hfi-ab,lycurgus-of-athens,lycurgus-athens-defense-speeches,Political Defense and Speeches,Ἀποσπάσματα,Oratory,grc/lycurgus-athens-defense-speeches-hfi-ab.grc.md,43814,1912
kgo,kgo-aa,lycus-of-rhegium,lycus-rhegium-alexandrian-prosody,Fragments on Alexandrian Prosody,Ἀποσπάσματα περὶ τῆς Ἀλεξανδρείας Προσωδίας,History,grc/lycus-rhegium-alexandrian-prosody-kgo-aa.grc.md,3318,2124
kgo,kgo-ab,lycus-of-rhegium,lycus-rhegium-alexander-italian-lore,On Alexander and Italian Lore,Ἀποσπάσματα,History,grc/lycus-rhegium-alexander-italian-lore-kgo-ab.grc.md,14169,1737
iyi,iyi-ab,lynceus-of-samos,lynceus-samos-athenian-dining,Fragments on Athenian Dining,Ἀποσπάσματα περὶ Ἀθηναίων Δείπνων,Comedy,grc/lynceus-samos-athenian-dining-iyi-ab.grc.md,4128,1760
iyi,iyi-aa,lynceus-of-samos,lynceus-samos-athenian-dining,Fragments on Athenian Dining,Ἀποσπάσματα περὶ Ἀθηναίων Δείπνων,Comedy,grc/lynceus-samos-athenian-dining-iyi-aa.grc.md,4453,2113
rui,rui-aa,lyric-mime-work-anon,anon-lyric-mime-imperial-praise,Fragments on Imperial Praise,Ἀποσπάσματα περὶ Ἐπαίνου Βασιλικοῦ,Drama,grc/anon-lyric-mime-imperial-praise-rui-aa.grc.md,2402,1324
dgq,dgq-aa,lyric-poetry-anon,anon-lyric-cyprus-gods,Fragments on Cyprus and the Gods,Ἀποσπάσματα περὶ Κύπρου καὶ Θεῶν,Poetry,grc/anon-lyric-cyprus-gods-dgq-aa.grc.md,41472,2061
gya,gya-aa,lyric-poets-anon,lyric-anon-fragments,Lyric Fragments,Λυρικὰ Ἀποσπάσματα,Poetry,grc/lyric-anon-fragments-gya-aa.grc.md,30833,2037
cyo,cyo-aa,lyrica-adespota,lyrica-adespota-apollo-bacchus,Fragments on Apollo and Bacchus,Ἀποσπάσματα περὶ Ἀπόλλωνος καὶ Βάκχου,Poetry,grc/lyrica-adespota-apollo-bacchus-cyo-aa.grc.md,29095,1921
oaq,oaq-aa,lysanias-of-mallos,lysanias-mallos-eretrian-expedition,On the Eretrian Expedition,Ἀπόσπασμα,History,grc/lysanias-mallos-eretrian-expedition-oaq-aa.grc.md,3623,1508
ejc,ejc-ah,lysias-the-orator,lysias-accusation-companions,Accusatithe Companions of Slander,κατηγορία πρὸς τοὺς συνουσιαστὰς κακολογιῶν,Oratory,grc/lysias-accusation-companions-ejc-ah.grc.md,15270,1593
ejc,ejc-ar,lysias-the-orator,lysias-agoratus,Against Agoratus for Informing,κατὰ Ἀγοράτου ἐνδείξεως,Oratory,grc/lysias-agoratus-ejc-ar.grc.md,66117,1982
ejc,ejc-aq,lysias-the-orator,lysias-against-alcibiades,Against Alcibiades for Desertion,κατὰ Ἀλκιβιάδου λιποταξίου,Oratory,grc/lysias-against-alcibiades-ejc-aq.grc.md,34090,1749
ejc,ejc-aj,lysias-the-orator,lysias-against-alcibiades,Against Alcibiades for Military Evasion,κατὰ Ἀλκιβιάδου ἀστρατείας,Oratory,grc/lysias-against-alcibiades-ejc-aj.grc.md,10687,2448
ejc,ejc-au,lysias-the-orator,lysias-against-andocides,Against Andocides for Impiety,κατ᾽ Ἀνδοκίδου ἀσεβείας,Oratory,grc/lysias-against-andocides-ejc-au.grc.md,36184,2037
ejc,ejc-bd,lysias-the-orator,lysias-against-diogeiton,Against Diogeiton,κατὰ Διογείτονος,Oratory,grc/lysias-against-diogeiton-ejc-bd.grc.md,24917,2080
ejc,ejc-ac,lysias-the-orator,lysias-against-epicrates-envoys,"Against Epicrates and Co-Envoys, Epilogue As Theodorus",κατὰ Ἐπικράτους καὶ τῶν συμπρεσβευτῶν ἐπίλογος,Oratory,grc/lysias-against-epicrates-envoys-ejc-ac.grc.md,12736,2310
ejc,ejc-ap,lysias-the-orator,lysias-against-eratosthenes,Against Eratosthenes of the Thirty,"κατὰ Ερατοσθένους τοῦ γενομένου τῶν τριάκοντα,",Oratory,grc/lysias-against-eratosthenes-ejc-ap.grc.md,67071,2575
ejc,ejc-az,lysias-the-orator,lysias-against-ergocles,"Against Ergocles, Epilogue",κατὰ Ἐργοκλέους ἐπίλογος,Oratory,grc/lysias-against-ergocles-ejc-az.grc.md,15201,2602
ejc,ejc-ai,lysias-the-orator,lysias-against-nicomachus,Against Nicomachus Secretary-Accounts,κατὰ Νικομάχου γραμματέως εὐθυνῶν κατηγορία,Oratory,grc/lysias-against-nicomachus-ejc-ai.grc.md,27362,2201
ejc,ejc-an,lysias-the-orator,lysias-against-pancleon,Against Pancleon Not Being Plataean,κατὰ Παγκλέωνος ὅτι οὐκ ἦν Πλαταιεύς,Oratory,grc/lysias-against-pancleon-ejc-an.grc.md,12564,2072
ejc,ejc-ax,lysias-the-orator,lysias-against-philo,Against Philo-Examination,κατὰ Φίλωνος δοκιμασίας,Oratory,grc/lysias-against-philo-ejc-ax.grc.md,25500,2257
ejc,ejc-av,lysias-the-orator,lysias-against-philocrates,"Against Philocrates, Epilogue",κατὰ Φιλοκράτους ἐπίλογος,Oratory,grc/lysias-against-philocrates-ejc-av.grc.md,10929,1675
ejc,ejc-ba,lysias-the-orator,lysias-grain-dealers,Against The Grain Dealers,κατὰ τῶν σιτοπωλῶν,Oratory,grc/lysias-grain-dealers-ejc-ba.grc.md,17373,2029
ejc,ejc-ad,lysias-the-orator,lysias-against-indictment-weak,Against the Indictment-Not Giving Money to the Weak,Πρὸς τὴν εἰσαγγελίαν περὶ τοῦ μὴ δίδοσθαι τῷ,Oratory,grc/lysias-against-indictment-weak-ejc-ad.grc.md,20443,2149
ejc,ejc-bb,lysias-the-orator,lysias-against-theomnestus,Against Theomnestus A,"κατὰ θεομνήστου, Α",Oratory,grc/lysias-against-theomnestus-ejc-bb.grc.md,21493,2514
ejc,ejc-bc,lysias-the-orator,lysias-theomnestus,Against Theomnestus B,κατὰ Θεομνήστου Β,Oratory,grc/lysias-theomnestus-ejc-bc.grc.md,9012,1958
ejc,ejc-ao,lysias-the-orator,lysias-areopagiticus-defense,Areopagiticus Defense of the Shrine,Ἀρεοπαγιτικὸς περὶ τοῦ σηκοῦ ἀπολογία,Oratory,grc/lysias-areopagiticus-defense-ejc-ao.grc.md,29107,2797
ejc,ejc-as,lysias-the-orator,lysias-defense-callias,Defense for Callias' Sacrilege,ὑπὲρ Καλλίου ἱεροσυλίας ἀπολογία,Oratory,grc/lysias-defense-callias-ejc-as.grc.md,5565,1627
ejc,ejc-ab,lysias-the-orator,lysias-defense-mantitheus,Defense in the Council for Mantitheus Under Examination,ἐν βουλῇ Μαντιθέῳ δοκιμαζομένῳ ἀπολογία,Oratory,grc/lysias-defense-mantitheus-ejc-ab.grc.md,17574,1925
ejc,ejc-am,lysias-the-orator,lysias-defense-murder-eratosthenes,Defense in the Murder of Eratosthenes,ὑπὲρ τοῦ Ἐρατοσθένους φόνου ἀπολογία,Oratory,grc/lysias-defense-murder-eratosthenes-ejc-am.grc.md,33002,2081
ejc,ejc-al,lysias-the-orator,lysias-defense-overthrow,Defense of the Overthrow of the People,δήμου καταλύσεως ἀπολογία,Oratory,grc/lysias-defense-overthrow-ejc-al.grc.md,29251,1787
ejc,ejc-at,lysias-the-orator,lysias-corinthian-helpers,Epitaph for Corinthian Helpers,Ἐπιτάφιος τοῖς Κορινθίων βοηθοῖς,Oratory,grc/lysias-corinthian-helpers-ejc-at.grc.md,56154,1899
ejc,ejc-bf,lysias-the-orator,lysias-for-polystratus,For Polystratus,ὑπὲρ Πολυστράτου,Oratory,grc/lysias-for-polystratus-ejc-bf.grc.md,26106,1874
ejc,ejc-bg,lysias-the-orator,lysias-soldier,For the Soldier,ὑπὲρ τοῦ στρατιωτοῦ,Oratory,grc/lysias-soldier-ejc-bg.grc.md,13932,1783
ejc,ejc-bi,lysias-the-orator,lysias-debt-case,Fragments on a Debt Case,Ἀποσπάσματα περὶ Χρέους,Oratory,grc/lysias-debt-case-ejc-bi.grc.md,67331,1946
ejc,ejc-bh,lysias-the-orator,lysias-legal-disputes,Fragments on Legal Disputes,Ἀποσπάσματα περὶ Δικῶν,Oratory,grc/lysias-legal-disputes-ejc-bh.grc.md,34845,2026
ejc,ejc-ag,lysias-the-orator,lysias-defense-aristophanes-funds,"In Defense of Aristophanes' Funds, to the Public","ὑπὲρ τῶν Ἀριστοφάνους χρημάτων, πρὸς τὸ δημόσιον",Oratory,grc/lysias-defense-aristophanes-funds-ejc-ag.grc.md,42763,2161
ejc,ejc-bj,lysias-the-orator,lysias-olympic,Olympic,Ολυμπιακός,Oratory,grc/lysias-olympic-ejc-bj.grc.md,7654,1665
ejc,ejc-ae,lysias-the-orator,lysias-ancestral-constitution,On Not Abolishing The Ancestral Constitution At Athens,περὶ τοῦ μὴ καταλῦσαι τὴν πάτριον πολιτείαν,Oratory,grc/lysias-ancestral-constitution-ejc-ae.grc.md,9939,2062
ejc,ejc-aa,lysias-the-orator,lysias-confiscation-nicias-brother,"On the Confiscation of the Property of Nicias' Brother, Epilogue",περὶ τῆς δημεύσεως τῶν τοῦ Νικίου ἀδέλφου ἐπίλογος,Oratory,grc/lysias-confiscation-nicias-brother-ejc-aa.grc.md,20231,2012
ejc,ejc-aw,lysias-the-orator,lysias-examination-evander,On the Examination of Evander,περὶ τῆς Εὐάνδρου δοκιμασίας,Oratory,grc/lysias-examination-evander-ejc-aw.grc.md,20608,2236
ejc,ejc-ak,lysias-the-orator,lysias-eratones-funds,"On the Funds of Eratones, to the Public",περὶ τῶν Ἐράτωνος χρημάτων: πρὸς τὸ δημόσιον,Oratory,grc/lysias-eratones-funds-ejc-ak.grc.md,9729,1987
ejc,ejc-af,lysias-the-orator,lysias-wound-design-unknown,"On Wound by Design, For Which and to Whom Unknown","περὶ τραύματος ἐκ προνοίας, ὑπὲρ οὗ καὶ πρὸς ὃν",Oratory,grc/lysias-wound-design-unknown-ejc-af.grc.md,14589,2149
ejc,ejc-be,lysias-the-orator,lysias-simon-apology,To Simon Apology,πρὸς Σίμωνα ἀπολογία,Oratory,grc/lysias-simon-apology-ejc-be.grc.md,30662,1893
ejc,ejc-ay,lysias-the-orator,lysias-defense-bribery,Unmarked Defense of Bribery,ἀπολογία δωροδοκίας ἀπαράσημος,Oratory,grc/lysias-defense-bribery-ejc-ay.grc.md,19175,1826
fri,fri-ab,lysimachus-the-historian,lysimachus-egyptian-histories,Egyptian Histories Fragments,Ἀποσπάσματα,History,grc/lysimachus-egyptian-histories-fri-ab.grc.md,24971,1898
fri,fri-aa,lysimachus-the-historian,lysimachus-literary-criticism,Fragments on Literary Criticism,Ἀποσπάσματα περὶ Κριτικῆς Λογοτεχνίας,History,grc/lysimachus-literary-criticism-fri-aa.grc.md,3569,1886
dso,dso-aa,lysippus-the-comic-poet,lysippus-comic-well-dog,Fragments of the Well and the Dog,Ἀποσπάσματα τοῦ Φρέατος καὶ τοῦ Κυνός,Comedy,grc/lysippus-comic-well-dog-dso-aa.grc.md,3219,1715
dso,dso-ab,lysippus-the-comic-poet,lysippus-comic-athenian-life,Fragments on Athenian Life,Ἀποσπάσματα περὶ τοῦ Ἀθηναϊκοῦ Βίου,Comedy,grc/lysippus-comic-athenian-life-dso-ab.grc.md,3649,1366
joc,joc-aa,macedonius-the-lyric-poet,macedonius-lyric-paean-apollo-aesculapius,Paean to Apollo and Aesculapius,Παιὰν πρὸς Ἀπόλλωνα καὶ Ἀσκληπιόν,Poetry,grc/macedonius-lyric-paean-apollo-aesculapius-joc-aa.grc.md,4194,1783
nkw,nkw-aa,macer-pompeius-the-tragedian,macer-pompeius-medeas-lament,Medea's Lament to Her Children,Ἀπόσπασμα,Drama,grc/macer-pompeius-medeas-lament-nkw-aa.grc.md,2476,1598
kpk,kpk-aa,machon-of-sinope,machon-sinope-court-comedy,Anecdotes of Court and Comedy,Ἀποσπάσματα,Comedy,grc/machon-sinope-court-comedy-kpk-aa.grc.md,45497,1824
kpk,kpk-ac,machon-of-sinope,machon-sinope-culinary-comic,Culinary and Comic Fragments,Ἀποσπάσματα,Comedy,grc/machon-sinope-culinary-comic-kpk-ac.grc.md,3221,1684
kpk,kpk-ab,machon-of-sinope,machon-sinope-culinary-comic,Culinary and Comic Fragments,Ἀποσπάσματα,Comedy,grc/machon-sinope-culinary-comic-kpk-ab.grc.md,3336,1794
iam,iam-aa,maeandrius-of-miletus,maeandrius-miletus-historical-fragments,Historical Fragments on Miletus,Ἀποσπάσματα περὶ Μιλήτου,History,grc/maeandrius-miletus-historical-fragments-iam-aa.grc.md,13617,1798
smk,smk-ad,magical-treatises-anon,magical-treatises-anon-papyri,Magical Papyri,Μαγικὰ Πάπυροι,Science,grc/magical-treatises-anon-papyri-smk-ad.grc.md,795741,3852
smk,smk-aa,magical-treatises-anon,magical-treatises-anon-christian-fragments,Magical Papyri Christian Fragments,Μαγικὰ Πάπυροι Χριστιανικὰ Ἀποσπάσματα,Science,grc/magical-treatises-anon-christian-fragments-smk-aa.grc.md,39444,3068
smk,smk-ab,magical-treatises-anon,magical-treatises-anon-papyri-ostraca,"Magical Papyri, Ostraca",Μαγικὰ Πάπυροι,Science,grc/magical-treatises-anon-papyri-ostraca-smk-ab.grc.md,6920,2270
smk,smk-ac,magical-treatises-anon,magical-treatises-anon-papyri-tablets,"Magical Papyri, Tablets",Μαγικὰ Πάπυροι,Science,grc/magical-treatises-anon-papyri-tablets-smk-ac.grc.md,4500,2285
cxa,cxa-ab,magnes-comicus,magnes-comic-fragments,Comic Fragments on Daily Life,Ἀποσπάσματα περὶ Βίου Καθημερινοῦ Κωμικά,Comedy,grc/magnes-comic-fragments-cxa-ab.grc.md,2849,1980
cxa,cxa-aa,magnes-comicus,magnes-life-fragments,Fragments on Life,Ἀποσπάσματα περὶ Βίου,Comedy,grc/magnes-life-fragments-cxa-aa.grc.md,2698,1720
vli,vli-aa,magnus-the-historian,magnus-julian-persian-campaign,On Julian's Persian Campaign,Ἀπόσπασμα,History,grc/magnus-julian-persian-campaign-vli-aa.grc.md,10964,1636
jom,jom-aa,maiistas-the-epic-poet,maiistas-aretalogy,Aretalogy,Ἀρεταλογία,Epic,grc/maiistas-aretalogy-jom-aa.grc.md,8244,1747
ima,ima-aa,manetho-of-sebennytos,manetho-sebennytos-egyptian-dynasties,Manetho's Egyptian Dynasties,Ἀποσπάσματα,History,grc/manetho-sebennytos-egyptian-dynasties-ima-aa.grc.md,114386,1900
imk,imk-aa,manetho-sebennytensis,manetho-sebennytensis-effects,Effects,Ἀποτελέσματα,Science,grc/manetho-sebennytensis-effects-imk-aa.grc.md,269916,1979
tla,tla-aa,manichaean-writers-anon,manichaean-anon-birth-body,On the Birth of His Body,Περὶ τῆς γέννης τοῦ σώματος αὐτοῦ,Biography,grc/manichaean-anon-birth-body-tla-aa.grc.md,131895,1835
vmc,vmc-aa,marcellinus-the-biographer,marcellinus-life-of-thucydides,Life of Thucydides,Βίος Θουκυδίδου,Biography,grc/marcellinus-life-of-thucydides-vmc-aa.grc.md,42648,2025
rzs,rzs-aa,marcellinus-the-physician,marcellinus-pulses,On Pulses,Περὶ Σφυγμῶν,Medicine,grc/marcellinus-pulses-rzs-aa.grc.md,65905,1728
pku,pku-aa,marcellus-of-side,marcellus-side-fish,On Fish,Περὶ Ἰχθύων,Poetry,grc/marcellus-side-fish-pku-aa.grc.md,11590,1855
kqo,kqo-aa,marcellus-the-historian,marcellus-atlantic-islands,Fragments on the Atlantic Islands,Ἀποσπάσματα περὶ τῶν ἐν Ἀτλαντικῷ Νήσων,History,grc/marcellus-atlantic-islands-kqo-aa.grc.md,4051,2010
szc,szc-ac,marcian-of-heraclea,marcian-heraclea-geography,Geography of Artemidorus,Γεωγραφία Ἀρτεμιδώρου,Geography,grc/marcian-heraclea-geography-szc-ac.grc.md,8968,2175
szc,szc-aa,marcian-of-heraclea,marcian-heraclea-menippus-voyage,"Menippus' Voyage Around the Inner Sea, Epitome of Marcianus",Μένιππος Περίπλους τοῦ Ἐσωτερικοῦ Πελάγους,Geography,grc/marcian-heraclea-menippus-voyage-szc-aa.grc.md,32038,1925
szc,szc-ab,marcian-of-heraclea,marcian-heraclea-outer-sea,Periplus of the Outer Sea,Περίπλους τοῦ Ἐξωτερικοῦ Πελάγους,Geography,grc/marcian-heraclea-outer-sea-szc-ab.grc.md,146788,2160
qpy,qpy-aa,marcus-aurelius-emperor,marcus-aurelius-to-himself,To Himself,Τὰ εἰς ἑαυτόν,Philosophy,grc/marcus-aurelius-to-himself-qpy-aa.grc.md,363737,1887
qww,qww-aa,marcus-aurelius-ps-letters,marcus-aurelius-pseudo-senate-christians-victory,"Letter to the Senate, Testifying Christians as the Cause of Victory",Πρὸς τὴν Σύγκλητον Ἐπιστολή,Theology,grc/marcus-aurelius-pseudo-senate-christians-victory-qww-aa.grc.md,8878,2836
mcg,mcg-aa,marcus-lepidus-the-historian,marcus-lepidus-historical-epitome,Historical Epitome Fragments,Ἀποσπάσματα,History,grc/marcus-lepidus-historical-epitome-mcg-aa.grc.md,3686,1643
tsi,tsi-aa,marinus-of-neapolis,marinus-neapolis-euclid-data,Commentary-Euclid's Data,Ὑπόμνημα εἰς τὰ Εὐκλείδου Δεδομένα,Philosophy,grc/marinus-neapolis-euclid-data-tsi-aa.grc.md,33611,2117
fle,fle-ab,matron-of-pitane,matron-pitane-banquet,Attic Banquet,Δεῖπνον Ἀττικόν,Poetry,grc/matron-pitane-banquet-fle-ab.grc.md,3975,1747
fle,fle-aa,matron-of-pitane,matron-pitane-banquet,Attic Banquet,Δεῖπνον Ἀττικόν,Poetry,grc/matron-pitane-banquet-fle-aa.grc.md,13520,1328
fle,fle-ac,matron-of-pitane,matron-pitane-banquet-of-xenocles,Banquet of Xenocles,Ἀποσπάσματα,Poetry,grc/matron-pitane-banquet-of-xenocles-fle-ac.grc.md,16108,1585
vzo,vzo-aa,maximus-confessor,maximus-confessor-book-fragment,Fragment on Matter,Ἀπόσπασμα ἐκ τοῦ Βιβλίου περὶ Ὕλης,Philosophy,grc/maximus-confessor-book-fragment-vzo-aa.grc.md,37431,604
tjm,tjm-aa,maximus-of-byzantium,maximus-byzantium-insoluble-contradictions,On the Insoluble Contradictions,Περὶ τῶν ἀλύτων ἀντιθέσεων,Oratory,grc/maximus-byzantium-insoluble-contradictions-tjm-aa.grc.md,38930,1718
sac,sac-ab,maximus-of-ephesus,maximus-ephesus-beginnings,On Beginnings,Περὶ καταρχῶν,Science,grc/maximus-ephesus-beginnings-sac-ab.grc.md,54349,1636
sac,sac-aa,maximus-of-ephesus,maximus-ephesus-beginnings,"On Beginnings, Epitome",Περὶ καταρχῶν,Science,grc/maximus-ephesus-beginnings-sac-aa.grc.md,30532,1737
pgy,pgy-aa,maximus-of-tyre,maximus-tyre-conversations,Conversations,Διαλέξεις,Oratory,grc/maximus-tyre-conversations-pgy-aa.grc.md,828701,2226
umi,umi-al,medical-writers-anon,med-writers-anon-months-adornment,Adornment of the Months,Κόσμος Μηνῶν,Medicine,grc/med-writers-anon-months-adornment-umi-al.grc.md,4435,1452
umi,umi-ao,medical-writers-anon,med-writers-anon-urines,Commentary-Urines,Ὑπόμνημα εἰς Οὖρα,Medicine,grc/med-writers-anon-urines-umi-ao.grc.md,34131,1899
umi,umi-ac,medical-writers-anon,med-writers-anon-acute-chronic-diseases,Diagnosis of Acute and Chronic Diseases,Διάγνωσις περὶ τῶν ὀξέων καὶ χρονίων νοσημάτων,Medicine,grc/med-writers-anon-acute-chronic-diseases-umi-ac.grc.md,133858,2052
umi,umi-ar,medical-writers-anon,med-writers-anon-fragments,Medical Fragments,Διάφορα Ἀποσπάσματα,Medicine,grc/med-writers-anon-fragments-umi-ar.grc.md,10402,1850
umi,umi-ai,medical-writers-anon,med-writers-anon-human-parts,"Names of Human Parts, Book 1",Ὀνομασίαι τῶν κατὰ ἄνθρωπον,Medicine,grc/med-writers-anon-human-parts-umi-ai.grc.md,19680,2140
umi,umi-aa,medical-writers-anon,med-writers-anon-instruments-by-element,Names of Medical Instruments by Element Used in Surgeries,Ὀνόματα τῶν ἰατρικῶν ἐργαλείων κατὰ στοιχεῖα οἷς,Medicine,grc/med-writers-anon-instruments-by-element-umi-aa.grc.md,4424,2091
umi,umi-ax,medical-writers-anon,med-writers-anon-diet,On Diet,Περὶ Διαιτῆς,Medicine,grc/med-writers-anon-diet-umi-ax.grc.md,17496,2036
umi,umi-av,medical-writers-anon,med-writers-anon-foods,On Foods (Long Treatise),Περὶ Τροφῶν,Medicine,grc/med-writers-anon-foods-umi-av.grc.md,77776,1932
umi,umi-aw,medical-writers-anon,med-writers-anon-foods,On Foods (Short Treatise),Περὶ Τροφῶν,Medicine,grc/med-writers-anon-foods-umi-aw.grc.md,51272,2091
umi,umi-am,medical-writers-anon,med-writers-anon-generation-seed,On Generation and Seed,Περὶ Γενέσεως καὶ Σπέρματος,Medicine,grc/med-writers-anon-generation-seed-umi-am.grc.md,11629,1851
umi,umi-as,medical-writers-anon,med-writers-anon-lycanthropy,On Lycanthropy,Περὶ λυκανθρωπίας,Medicine,grc/med-writers-anon-lycanthropy-umi-as.grc.md,4611,1589
umi,umi-au,medical-writers-anon,med-writers-anon-pulses,On Pulses,Περὶ Σφυγμῶν,Medicine,grc/med-writers-anon-pulses-umi-au.grc.md,3533,1900
umi,umi-af,medical-writers-anon,med-writers-anon-aphorisms,On the Aphorisms of Hippocrates,Περὶ Ἀφορισμῶν Ἱπποκράτους,Medicine,grc/med-writers-anon-aphorisms-umi-af.grc.md,7336,1983
umi,umi-ab,medical-writers-anon,med-writers-anon-blood-color-phlebotomy,On the Color of Blood from Phlebotomy in Persian Medicine,Περὶ χροιᾶς τοῦ αἵματος τοῦ ἀπὸ φλεβοτομίας ἐκ τῆς,Medicine,grc/med-writers-anon-blood-color-phlebotomy-umi-ab.grc.md,4575,2439
umi,umi-ak,medical-writers-anon,med-writers-anon-difference-fevers,On the Difference of Fevers,Περὶ τῆς τῶν πυρετῶν διαφορᾶς,Medicine,grc/med-writers-anon-difference-fevers-umi-ak.grc.md,56356,1549
umi,umi-ap,medical-writers-anon,med-writers-anon-nature-man,On the Nature of Man,Περὶ Φύσεως Ἀνθρώπου,Medicine,grc/med-writers-anon-nature-man-umi-ap.grc.md,8481,2231
umi,umi-ag,medical-writers-anon,med-writers-anon-nature-body,On the Nature of the Human Body,Περὶ Φύσεως Ἀνθρωπίνου Σώματος,Medicine,grc/med-writers-anon-nature-body-umi-ag.grc.md,6211,2254
umi,umi-ah,medical-writers-anon,med-writers-anon-nature-months,On the Nature of Twelve Months,Περὶ Φύσεως Δώδεκα Μηνῶν,Medicine,grc/med-writers-anon-nature-months-umi-ah.grc.md,25390,1798
umi,umi-an,medical-writers-anon,med-writers-anon-foods-power,On the Power of Foods,Περὶ τροφῶν δυνάμεως,Medicine,grc/med-writers-anon-foods-power-umi-an.grc.md,40650,2080
umi,umi-ad,medical-writers-anon,med-writers-anon-urine-persians,On Urine According to the Persians,Περὶ Οὖρων κατὰ Πέρσας,Medicine,grc/med-writers-anon-urine-persians-umi-ad.grc.md,6714,1985
umi,umi-ae,medical-writers-anon,med-writers-anon-urine-syrians,On Urine According to the Syrians,Περὶ Οὖρων κατὰ Σύρους,Medicine,grc/med-writers-anon-urine-syrians-umi-ae.grc.md,7309,1706
umi,umi-aq,medical-writers-anon,med-writers-anon-urine-fever,On Urine in Fevers,Περὶ Οὖρων ἐν Πυρετοῖς,Medicine,grc/med-writers-anon-urine-fever-umi-aq.grc.md,18178,1808
umi,umi-aj,medical-writers-anon,med-writers-anon-onomatopoeia-nature,Onomatopoeia of Human Nature,Ὀνοματοποιία τῆς ἀνθρώπου φύσεως,Medicine,grc/med-writers-anon-onomatopoeia-nature-umi-aj.grc.md,8853,1644
umi,umi-at,medical-writers-anon,med-writers-anon-physiognomics,Physiognomics,Φυσιογνωμονικά,Medicine,grc/med-writers-anon-physiognomics-umi-at.grc.md,18174,2042
lng,lng-aa,megasthenes,megasthenes-india-fragments,Fragments on India,Ἀποσπάσματα περὶ Ἰνδικῆς,History,grc/megasthenes-india-fragments-lng-aa.grc.md,158317,2313
cia,cia-aa,megillus-of-sparta,megillus-sparta-numbers,Fragments on Numbers,Ἀποσπάσματα περὶ Ἀριθμῶν,Philosophy,grc/megillus-sparta-numbers-cia-aa.grc.md,2793,1747
nuw,nuw-aa,melampus-the-diviner,melampus-divination-pulses,On Divination by Pulses to King Ptolemy,Περὶ παλμῶν μαντικὴ πρὸς Πτολεμαῖον βασιλέα,Science,grc/melampus-divination-pulses-nuw-aa.grc.md,38969,2236
nuw,nuw-ac,melampus-the-diviner,melampus-pulses,On Pulses,Περὶ παλμῶν ἀρχομένου ἀπὸ κεφαλῆς ἕως ποδῶν,Science,grc/melampus-pulses-nuw-ac.grc.md,11187,2489
nuw,nuw-ab,melampus-the-diviner,melampus-oils-body-ptolemy,On the Oils of the Body to King Ptolemy,Περὶ ἐλαιῶν τοῦ σώματος πρὸς Πτολεμαῖον βασιλέα,Science,grc/melampus-oils-body-ptolemy-nuw-ab.grc.md,7941,2105
nuw,nuw-ad,melampus-the-diviner,melampus-pulses-indicate,On What Pulses Indicate in Each Part,Περὶ παλμῶν τί σημαίνουσιν ἐν ἑκάστῳ μέρει,Science,grc/melampus-pulses-indicate-nuw-ad.grc.md,15333,1910
cye,cye-aa,melanippides-of-melos,melanippides-melos-dionysus-wine,Fragments on Dionysus and Wine,Ἀποσπάσματα περὶ Διονύσου καὶ Οἴνου,Poetry,grc/melanippides-melos-dionysus-wine-cye-aa.grc.md,4020,2146
ekg,ekg-aa,melanthius-the-historian,melanthius-eleusinian-mysteries,Fragments on Eleusinian Mysteries,Ἀποσπάσματα περὶ τῶν Ἐλευσινίων Μυστηρίων,History,grc/melanthius-eleusinian-mysteries-ekg-aa.grc.md,4227,1733
mgm,mgm-aa,melinno,melinno-rome,To Rome,Εἰς Ῥώμην,Poetry,grc/melinno-rome-mgm-aa.grc.md,3343,1882
jow,jow-aa,melissa-the-pythagorean,melissa-pythagorean-letter-cleareta,Fragment of a Letter to Cleareta,Ἀπόσπασμα ἐπιστολῆς πρὸς Κλεαρέταν,Philosophy,grc/melissa-pythagorean-letter-cleareta-jow-aa.grc.md,5049,2092
gjk,gjk-aa,melisseus-the-historian,melisseus-delphic-fragments,Delphic Historical Fragments,Ἀπόσπασμα,History,grc/melisseus-delphic-fragments-gjk-aa.grc.md,2363,1573
diy,diy-ab,melissus-of-samos,melissus-samos-nature-being,On Nature or On Being,Ἀποσπάσματα,Philosophy,grc/melissus-samos-nature-being-diy-ab.grc.md,13793,1773
diy,diy-aa,melissus-of-samos,melissus-samos-testimonies,Testimonies,Μαρτυρίαι,Philosophy,grc/melissus-samos-testimonies-diy-aa.grc.md,42017,2112
qju,qju-aa,memnon-of-heraclea,memnon-heraclea-tyrants,Fragments on Heraclea's Tyrants,Ἀποσπάσματα περὶ τῶν ἐν Ἡρακλείᾳ Τυράννων,History,grc/memnon-heraclea-tyrants-qju-aa.grc.md,148158,1969
hps,hps-av,menander-of-athens,menander-athens-apparition,Apparition,Φάντασμα,Comedy,grc/menander-athens-apparition-hps-av.grc.md,10120,1938
hps,hps-az,menander-of-athens,menander-athens-arbitration,Arbitration,Διαιτησία,Comedy,grc/menander-athens-arbitration-hps-az.grc.md,64752,2291
hps,hps-ax,menander-of-athens,menander-athens-carthaginian,Carthaginian,Καρχηδόνιος,Comedy,grc/menander-athens-carthaginian-hps-ax.grc.md,4531,2251
hps,hps-ba,menander-of-athens,menander-athens-citharist,Citharist,Κιθαριστής,Comedy,grc/menander-athens-citharist-hps-ba.grc.md,7114,1737
hps,hps-af,menander-of-athens,menander-athens-citharists-fragments,"Citharists, Fragments Known Elsewhere",Ἀποσπάσματα Κιθαριστῶν,Comedy,grc/menander-athens-citharists-fragments-hps-af.grc.md,4563,1928
hps,hps-bp,menander-of-athens,menander-athens-colax,Colax,Κόλαξ,Comedy,grc/menander-athens-colax-hps-bp.grc.md,10716,2061
hps,hps-ak,menander-of-athens,menander-athens-colax-fragments,"Colax, Fragments Known Elsewhere",Ἀποσπάσματα Κόλακος,Comedy,grc/menander-athens-colax-fragments-hps-ak.grc.md,4061,2042
hps,hps-ay,menander-of-athens,menander-athens-coneazomenae,Coneazomenae,Κονεαζόμεναι,Comedy,grc/menander-athens-coneazomenae-hps-ay.grc.md,3505,1720
hps,hps-ar,menander-of-athens,menander-athens-double-deceiver,Double Deceiver,Διπλοῦς Ἀπατεών,Comedy,grc/menander-athens-double-deceiver-hps-ar.grc.md,7787,2127
hps,hps-as,menander-of-athens,menander-athens-doubtful-fragment,Doubtful Fragment,Ἀμφίβολον Ἀπόσπασμα,Comedy,grc/menander-athens-doubtful-fragment-hps-as.grc.md,3058,1887
hps,hps-am,menander-of-athens,menander-athens-theophorumenae,Dubious Theophorumenae Fragment,Ἀμφίβολον Ἀπόσπασμα Θεοφορουμένης,Comedy,grc/menander-athens-theophorumenae-hps-am.grc.md,3376,2083
hps,hps-bm,menander-of-athens,menander-athens-dyscolus,Dyscolus,Δύσκολος,Comedy,grc/menander-athens-dyscolus-hps-bm.grc.md,94520,1989
hps,hps-ao,menander-of-athens,menander-athens-arbitration,Fragments of Arbitration,Ἀποσπάσματα τῆς Διαιτησίας,Comedy,grc/menander-athens-arbitration-hps-ao.grc.md,4123,2305
hps,hps-ac,menander-of-athens,menander-athens-carthaginians-fragments,Fragments of Carthaginians Known Elsewhere,Ἀποσπάσματα Καρχηδονίων,Comedy,grc/menander-athens-carthaginians-fragments-hps-ac.grc.md,3156,2133
hps,hps-ag,menander-of-athens,menander-athens-georgus-fragments,Fragments of Georgus Known Elsewhere,Ἀποσπάσματα τοῦ Γεωργοῦ,Comedy,grc/menander-athens-georgus-fragments-hps-ag.grc.md,4772,2485
hps,hps-aj,menander-of-athens,menander-athens-hero-fragments,Fragments of Hero Known Elsewhere,Ἀποσπάσματα τοῦ Ἥρωος,Comedy,grc/menander-athens-hero-fragments-hps-aj.grc.md,3257,1698
hps,hps-ah,menander-of-athens,menander-athens-asp-fragments,Fragments of the Asp Known Elsewhere,Ἀποσπάσματα τῆς Ἀσπίδος,Comedy,grc/menander-athens-asp-fragments-hps-ah.grc.md,2981,2179
hps,hps-aa,menander-of-athens,menander-athens-double-deceiver,Fragments of the Double Deceiver Known Elsewhere,Ἀποσπάσματα τοῦ Διπλοῦ Ἀπατεῶνος,Comedy,grc/menander-athens-double-deceiver-hps-aa.grc.md,2824,2069
hps,hps-be,menander-of-athens,menander-athens-fortune-folly,Fragments on Fortune and Folly,Ἀποσπάσματα περὶ Τύχης καὶ Ἀφροσύνης,Comedy,grc/menander-athens-fortune-folly-hps-be.grc.md,4312,1916
hps,hps-bc,menander-of-athens,menander-athens-household-fortune,Fragments on Household and Fortune,Ἀποσπάσματα περὶ Οἴκου καὶ Τύχης,Comedy,grc/menander-athens-household-fortune-hps-bc.grc.md,6743,2760
hps,hps-bb,menander-of-athens,menander-athens-poverty-conduct,Fragments on Poverty and Conduct,Ἀποσπάσματα περὶ Πενίας καὶ Ἀγωγῆς,Comedy,grc/menander-athens-poverty-conduct-hps-bb.grc.md,158671,2645
hps,hps-bd,menander-of-athens,menander-athens-poverty-labor,Fragments on Poverty and Labor,Ἀποσπάσματα περὶ Πενίας καὶ Πόνου,Comedy,grc/menander-athens-poverty-labor-hps-bd.grc.md,147370,2266
hps,hps-bg,menander-of-athens,menander-athens-poverty-social-life,Fragments on Poverty and Social Life,Ἀποσπάσματα περὶ Πενίας καὶ Κοινωνικοῦ Βίου,Comedy,grc/menander-athens-poverty-social-life-hps-bg.grc.md,179073,2572
hps,hps-bn,menander-of-athens,menander-athens-georgus,Georgus,Γεωργός,Comedy,grc/menander-athens-georgus-hps-bn.grc.md,11474,2009
hps,hps-al,menander-of-athens,menander-athens-girl-with-her-hair-cut-short,Girl with Her Hair Cut Short,Ἡ Κομψικεκαρμένη,Comedy,grc/menander-athens-girl-with-her-hair-cut-short-hps-al.grc.md,45577,2169
hps,hps-bq,menander-of-athens,menander-athens-hero,Hero,Ἥρως,Comedy,grc/menander-athens-hero-hps-bq.grc.md,8957,1935
hps,hps-ab,menander-of-athens,menander-athens-longer-fragments,Longer Fragments Preserved by Other Authors,Μακρότερα Ἀποσπάσματα,Comedy,grc/menander-athens-longer-fragments-hps-ab.grc.md,34954,2265
hps,hps-bf,menander-of-athens,menander-athens-comedic-fragments,Menander's Comedic Fragments,Ἀποσπάσματα,Comedy,grc/menander-athens-comedic-fragments-hps-bf.grc.md,56733,2283
hps,hps-bh,menander-of-athens,menander-athens-misumenus,Misumenus,Μισούμενος,Comedy,grc/menander-athens-misumenus-hps-bh.grc.md,23433,2003
hps,hps-aq,menander-of-athens,menander-athens-misumenus-fragments,Misumenus Fragments,Μισούμενος Ἀποσπάσματα,Comedy,grc/menander-athens-misumenus-fragments-hps-aq.grc.md,3028,1603
hps,hps-an,menander-of-athens,menander-athens-new-misumenus,New Fragments of Misumenus,Νέα Ἀποσπάσματα Μισουμένου,Comedy,grc/menander-athens-new-misumenus-hps-an.grc.md,19416,2043
hps,hps-bi,menander-of-athens,menander-athens-perinthia,Perinthia,Περίνθια,Comedy,grc/menander-athens-perinthia-hps-bi.grc.md,3810,1594
hps,hps-ad,menander-of-athens,menander-athens-perinthia-fragments,"Perinthia, Fragments Known from Elsewhere",Περίνθια Ἀποσπάσματα,Comedy,grc/menander-athens-perinthia-fragments-hps-ad.grc.md,3656,1967
hps,hps-at,menander-of-athens,menander-athens-samian-woman,Samian Woman,Σαμία,Comedy,grc/menander-athens-samian-woman-hps-at.grc.md,76083,2298
hps,hps-ap,menander-of-athens,menander-athens-papyrus-sentences,Sentences from Papyrus,Γνῶμαι ἐκ Παπύρου,Comedy,grc/menander-athens-papyrus-sentences-hps-ap.grc.md,21867,1676
hps,hps-bo,menander-of-athens,menander-athens-shield,Shield,Ἀσπίς,Comedy,grc/menander-athens-shield-hps-bo.grc.md,47303,2057
hps,hps-bl,menander-of-athens,menander-athens-sicyon,Sicyonian,Σικυώνιος,Comedy,grc/menander-athens-sicyon-hps-bl.grc.md,32105,2015
hps,hps-ai,menander-of-athens,menander-athens-sicyonian-fragments,Sicyonian Fragments Known Elsewhere,Σικυώνιος Ἀποσπάσματα,Comedy,grc/menander-athens-sicyonian-fragments-hps-ai.grc.md,3612,1775
hps,hps-bj,menander-of-athens,menander-athens-sentences,Single-Line Sentences (Long Recension),Γνῶμαι,Comedy,grc/menander-athens-sentences-hps-bj.grc.md,68201,2042
hps,hps-bk,menander-of-athens,menander-athens-sentences,Single-Line Sentences (Short Recension),Γνῶμαι,Comedy,grc/menander-athens-sentences-hps-bk.grc.md,58242,1599
hps,hps-ae,menander-of-athens,menander-athens-theophorumenae-fragments,Theophorumenae Fragments Known Elsewhere,Ἀποσπάσματα Θεοφορουμένης,Comedy,grc/menander-athens-theophorumenae-fragments-hps-ae.grc.md,4245,1852
hps,hps-aw,menander-of-athens,menander-athens-theophorumene,Theophorumene,Θεοφορουμένη,Comedy,grc/menander-athens-theophorumene-hps-aw.grc.md,3805,1789
hps,hps-au,menander-of-athens,menander-athens-uncertain-fable,Uncertain Fable,Ἄδηλος Μῦθος,Comedy,grc/menander-athens-uncertain-fable-hps-au.grc.md,6403,1477
jpg,jpg-aa,menander-of-ephesus,menander-ephesus-chronicles-tyrian,Chronicles of Tyrian Kings,Ἀποσπάσματα,History,grc/menander-ephesus-chronicles-tyrian-jpg-aa.grc.md,14542,2133
slg,slg-aa,menander-philistion-compared,menander-philistion-comparison,Comparison of Menander and Philistion,Σύγκρισις Μενάνδρου καὶ Φιλίστιωνος,Philosophy,grc/menander-philistion-comparison-slg-aa.grc.md,61870,2327
slg,slg-ab,menander-philistion-compared,menander-philistion-sentences,Sentences of Menander and Philistion,Γνῶμαι Μενάνδρου καὶ Φιλίστιωνος,Philosophy,grc/menander-philistion-sentences-slg-ab.grc.md,6584,1892
viq,viq-ad,menander-protector,menander-protector-true-cross,Fragments on the True Cross,Ἀποσπάσματα περὶ τοῦ Ἀληθινοῦ Σταυροῦ,History,grc/menander-protector-true-cross-viq-ad.grc.md,6324,1934
viq,viq-ab,menander-protector,menander-protector-embassies-romans,On Embassies of Nations to the Romans,Περὶ Πρεσβειῶν Ἐθνῶν πρὸς Ῥωμαίους,History,grc/menander-protector-embassies-romans-viq-ab.grc.md,146347,2251
viq,viq-ac,menander-protector,menander-protector-roman-embassies,On Roman Embassies to Nations,Περὶ Ῥωμαϊκῶν Πρεσβειῶν πρὸς Ἔθνη,History,grc/menander-protector-roman-embassies-viq-ac.grc.md,199302,2529
viq,viq-aa,menander-protector,menander-protector-constantine-sentences,"On Sentences, In Constantine Porphyrogenitus'-Sentences",Περὶ Γνωμῶν,History,grc/menander-protector-constantine-sentences-viq-aa.grc.md,25260,1680
ufu,ufu-aa,menander-the-rhetorician,menander-laodicea-demonstratives,Division of Demonstratives,Διαίρεσις τῶν ἐπιδεικτικῶν,Oratory,grc/menander-laodicea-demonstratives-ufu-aa.grc.md,113096,2120
ufu,ufu-ab,menander-the-rhetorician,menander-laodicea-demonstratives,On Demonstratives,Περὶ ἐπιδεικτικῶν,Oratory,grc/menander-laodicea-demonstratives-ufu-ab.grc.md,244762,1987
cey,cey-aa,menecles-the-historian,menecles-battus-cyrene,Fragments on Battus and Cyrene,Ἀποσπάσματα περὶ Βάττου καὶ Κυρήνης,History,grc/menecles-battus-cyrene-cey-aa.grc.md,10986,2127
gju,gju-aa,menecrates-of-elaea,menecrates-elaea-city-foundations,Fragments on City Foundations,Ἀποσπάσματα περὶ Κτισμάτων Πόλεων,History,grc/menecrates-elaea-city-foundations-gju-aa.grc.md,5270,2051
fws,fws-aa,menecrates-of-syracuse,menecrates-syracuse-physician,Menecrates the Physician,Μενεκράτης ὁ Ἰατρός,Medicine,grc/menecrates-syracuse-physician-fws-aa.grc.md,2748,1759
mxa,mxa-aa,menecrates-of-tralles,menecrates-tralles-foundation-nicaea,On the Foundation of Nicaea,Ἀπόσπασμα,History,grc/menecrates-tralles-foundation-nicaea-mxa-aa.grc.md,4693,1779
gke,gke-aa,menecrates-of-tyre,menecrates-tyre-mythological-ino,Mythological Fragments on Ino,Ἀποσπάσματα περὶ Ἰνοῦς,History,grc/menecrates-tyre-mythological-ino-gke-aa.grc.md,5165,1740
bxg,bxg-aa,menecrates-of-xanthus,menecrates-xanthus-history-myths,Lycian History and Myths,Ἀποσπάσματα,History,grc/menecrates-xanthus-history-myths-bxg-aa.grc.md,6654,2062
njs,njs-aa,menelaus-the-historian,menelaus-italian-myths,Fragments on Italian Myths,Ἀποσπάσματα περὶ Ἰταλικῶν Μύθων,History,grc/menelaus-italian-myths-njs-aa.grc.md,3765,1652
gko,gko-aa,menesthenes-the-historian,menesthenes-vessels-cups,On Vessels and Drinking Cups,Ἀπόσπασμα,History,grc/menesthenes-vessels-cups-gko-aa.grc.md,2025,1282
cik,cik-aa,menestor-the-philosopher,menestor-testimonies,Testimonies,Μαρτυρίαι,Philosophy,grc/menestor-testimonies-cik-aa.grc.md,7334,1754
gae,gae-aa,menetor-the-historian,menetor-dedications,Fragments on Dedications,Ἀποσπάσματα περὶ Ἀναθημάτων,History,grc/menetor-dedications-gae-aa.grc.md,3362,1574
ibq,ibq-aa,menippus-of-gadara,menippus-gadara-cynic-law,Fragments on Cynic Law,Ἀπόσπασμα περὶ Κυνικοῦ Νόμου,Comedy,grc/menippus-gadara-cynic-law-ibq-aa.grc.md,2899,1820
lzo,lzo-aa,menippus-of-pergamon,menippus-pergamon-two-pontic-seas,Periplus of the Two Pontic Seas,Ἀποσπάσματα,Geography,grc/menippus-pergamon-two-pontic-seas-lzo-aa.grc.md,5012,2017
pvy,pvy-aa,menodotus-the-historian,menodotus-famous-people,On the Famous People of Samos,Ἀποσπάσματα,History,grc/menodotus-famous-people-pvy-aa.grc.md,14373,1757
gao,gao-aa,menophilus-the-poet,menophilus-divine-vision,Fragments on Divine Vision,Ἀποσπάσματα περὶ Θείας Ὄψεως,Poetry,grc/menophilus-divine-vision-gao-aa.grc.md,3948,2057
pfu,pfu-ab,mesomedes-of-crete,mesomedes-crete-epigrams,Epigrams,Ἐπιγράμματα,Poetry,grc/mesomedes-crete-epigrams-pfu-ab.grc.md,3591,1670
pfu,pfu-aa,mesomedes-of-crete,mesomedes-crete-apollo-fragments,Fragments on Apollo,Ἀποσπάσματα περὶ Ἀπόλλωνος,Poetry,grc/mesomedes-crete-apollo-fragments-pfu-aa.grc.md,14757,1853
cxk,cxk-ab,metagenes-the-comic-poet,metagenes-comic-feast-of-crathis,Comic Feast of Crathis,Ἀποσπάσματα,Comedy,grc/metagenes-comic-feast-of-crathis-cxk-ab.grc.md,4980,1720
cxk,cxk-aa,metagenes-the-comic-poet,metagenes-feast-of-automatic-delicacies,Feast of Automatic Delicacies,Ἀποσπάσματα,Comedy,grc/metagenes-feast-of-automatic-delicacies-cxk-aa.grc.md,5153,1795
vmm,vmm-aa,meters-treatise,meters-treatise-poetic-fragments,Fragments on Poetic Meters,Ἀποσπάσματα περὶ Μέτρων Ποιητικῶν,Grammar,grc/meters-treatise-poetic-fragments-vmm-aa.grc.md,2743,1675
kjg,kjg-aa,metopus-the-philosopher,metopus-nature-virtue,On the Nature of Virtue,Ἀποσπάσματα,Philosophy,grc/metopus-nature-virtue-kjg-aa.grc.md,18180,1875
dmk,dmk-ab,metrodorus-of-chios,metrodorus-chios-trojan-legends,Fragments on Trojan Legends,Ἀποσπάσματα περὶ Τρωικῶν Μύθων,Philosophy,grc/metrodorus-chios-trojan-legends-dmk-ab.grc.md,5396,1938
dmk,dmk-ac,metrodorus-of-chios,metrodorus-chios-nature-knowledge,On Nature and Knowledge,Ἀποσπάσματα,Philosophy,grc/metrodorus-chios-nature-knowledge-dmk-ac.grc.md,5620,2056
dmk,dmk-aa,metrodorus-of-chios,metrodorus-chios-testimonies,Testimonies,Μαρτυρίαι,Philosophy,grc/metrodorus-chios-testimonies-dmk-aa.grc.md,12746,1827
coe,coe-aa,metrodorus-of-lampsacus,metrodorus-lampsacus-testimonies,Testimonies,Μαρτυρίαι,Philosophy,grc/metrodorus-lampsacus-testimonies-coe-aa.grc.md,5801,1733
mnu,mnu-aa,metrodorus-of-scepsis,metrodorus-scepsis-history,Fragments on History,Ἀποσπάσματα περὶ Ἱστορίας,History,grc/metrodorus-scepsis-history-mnu-aa.grc.md,6521,1956
tzg,tzg-aa,metrophanes-historicus,metrophanes-fertility-phrygia,On the Fertility of Phrygia,Ἀπόσπασμα,History,grc/metrophanes-fertility-phrygia-tzg-aa.grc.md,2495,1621
tjc,tjc-aa,michael-apostolius,apostolius-proverbs,Collection of Proverbs,Συλλογὴ Παροιμιῶν,Grammar,grc/apostolius-proverbs-tjc-aa.grc.md,696919,1793
nos,nos-aa,milon-the-philosopher,milon-lightning-fragments,Fragments on Lightning,Ἀποσπάσματα περὶ Ἀστραπῆς,Philosophy,grc/milon-lightning-fragments-nos-aa.grc.md,2434,1429
aly,aly-ab,mimnermus-of-colophon,mimnermus-colophon-smyrna-colonization,Fragments on Smyrna and Colonization,Ἀποσπάσματα περὶ Σμύρνης καὶ Ἀποικισμοῦ,Poetry,grc/mimnermus-colophon-smyrna-colonization-aly-ab.grc.md,7694,1887
aly,aly-aa,mimnermus-of-colophon,mimnermus-colophon-youth-old-age,On Youth and Old Age,Ἀποσπάσματα,Poetry,grc/mimnermus-colophon-youth-old-age-aly-aa.grc.md,11028,1773
ami,ami-aa,mimnermus-of-colophon,mimnermus-colophon-envy-praise,On Human Envy and Praise,Ἀποσπάσματα,Poetry,grc/mimnermus-colophon-envy-praise-ami-aa.grc.md,2558,1902
rvm,rvm-aa,minucianus-the-younger,minucianus-younger-arguments,On Arguments,Περὶ ἐπιχειρημάτων,Oratory,grc/minucianus-younger-arguments-rvm-aa.grc.md,29514,2254
bbi,bbi-aa,minyas-the-epic-poet,minyas-fragments,Minyas Fragments,Μινύου Ἀποσπάσματα,Epic,grc/minyas-fragments-bbi-aa.grc.md,5288,1924
oxs,oxs-aa,mithridates-letters,mithridates-letters-letter-composition,Mithridates on Letter Composition,Ἐπιστολή,Oratory,grc/mithridates-letters-letter-composition-oxs-aa.grc.md,6143,1513
kpu,kpu-aa,mnaseas-of-patara,mnaseas-patara-europe,Fragments on Europe,Ἀποσπάσματα περὶ Εὐρώπης,Geography,grc/mnaseas-patara-europe-kpu-aa.grc.md,30618,1864
kpu,kpu-ab,mnaseas-of-patara,mnaseas-patara-europe-judea,Fragments on Europe and Judea,Ἀποσπάσματα περὶ Εὐρώπης καὶ Ἰουδαίας,Geography,grc/mnaseas-patara-europe-judea-kpu-ab.grc.md,7272,2753
ekq,ekq-aa,mnesimachus-of-phaselis,mnesimachus-phaselis-scythians-cosmology,On Scythians and Cosmology,Ἀποσπάσματα,History,grc/mnesimachus-phaselis-scythians-cosmology-ekq-aa.grc.md,4360,2213
fpk,fpk-ab,mnesimachus-the-comic-poet,mnesimachus-pythagorean-dining,Fragments on Pythagorean Dining,Ἀποσπάσματα περὶ Πυθαγορικῆς Συμποσίας,Comedy,grc/mnesimachus-pythagorean-dining-fpk-ab.grc.md,8419,1797
fpk,fpk-aa,mnesimachus-the-comic-poet,mnesimachus-pythagorean-sacrifice,Fragments on Pythagorean Sacrifice,Ἀποσπάσματα περὶ Πυθαγορικῆς Θυσίας,Comedy,grc/mnesimachus-pythagorean-sacrifice-fpk-aa.grc.md,8563,1901
noi,noi-aa,moderatus-of-gades,moderatus-gades-pythagorean-number-theory,On Pythagorean Number Theory,Ἀποσπάσματα,Philosophy,grc/moderatus-gades-pythagorean-number-theory-noi-aa.grc.md,6710,2094
ica,ica-ab,moero-of-byzantium,moero-byzantium-epigrams,Epigrams,Ἐπιγράμματα,Epic,grc/moero-byzantium-epigrams-ica-ab.grc.md,2665,1604
ica,ica-aa,moero-of-byzantium,moero-byzantium-zeus-dionysus,Fragments on Zeus and Dionysus,Ἀποσπάσματα περὶ Διὸς καὶ Διονύσου,Epic,grc/moero-byzantium-zeus-dionysus-ica-aa.grc.md,3767,1687
aic,aic-aa,molpis-of-elea,molpis-elea-sparta-cuisine,On Spartan Customs and Cuisine,Ἀποσπάσματα,History,grc/molpis-elea-sparta-cuisine-aic-aa.grc.md,4135,1760
fpu,fpu-aa,monimus-of-syracuse,monimus-syracuse-maxims-sayings,Cynic Maxims and Sayings,Ἀποσπάσματα,Philosophy,grc/monimus-syracuse-maxims-sayings-fpu-aa.grc.md,2481,1863
jme,jme-aa,moschion-the-tragic-poet,moschion-human-progress,Fragments on Human Progress,Ἀποσπάσματα περὶ Προκοπῆς Ἀνθρώπων,Drama,grc/moschion-human-progress-jme-aa.grc.md,8850,2787
mdu,mdu-ad,moschus-of-syracuse,moschus-syracuse-epigrams,Epigrams,Ἐπιγράμματα,Poetry,grc/moschus-syracuse-epigrams-mdu-ad.grc.md,5897,1751
mdu,mdu-aa,moschus-of-syracuse,moschus-syracuse-epitaph-bion,Epitaph for Bion,Αποσπάσματα,Poetry,grc/moschus-syracuse-epitaph-bion-mdu-aa.grc.md,15193,2529
mdu,mdu-ab,moschus-of-syracuse,moschus-syracuse-eros-runaway,Eros the Runaway,Ἔρως δραπέτης,Poetry,grc/moschus-syracuse-eros-runaway-mdu-ab.grc.md,4915,1583
mdu,mdu-ae,moschus-of-syracuse,moschus-syracuse-europe,Europe,Εὐρώπη,Poetry,grc/moschus-syracuse-europe-mdu-ae.grc.md,18371,2216
mdu,mdu-ac,moschus-of-syracuse,moschus-syracuse-bucolic-fragments,Fragments of Bucolic Poetry,Ἀποσπάσματα Βουκολικῆς Ποίησεως,Poetry,grc/moschus-syracuse-bucolic-fragments-mdu-ac.grc.md,5754,2003
mdu,mdu-af,moschus-of-syracuse,moschus-syracuse-megara,Megara,Μεγάρα,Poetry,grc/moschus-syracuse-megara-mdu-af.grc.md,14089,1753
qhc,qhc-ab,moses-of-alexandria,moses-alexandria-doubling,Moses' Doubling,Μωσέως δίπλωσις,Science,grc/moses-alexandria-doubling-qhc-ab.grc.md,2351,1403
qhc,qhc-aa,moses-of-alexandria,moses-alexandria-prosperity-builder-labor-life,Prosperity and Success of the Builder and Success of Labor and Long Life,Εὐποία καὶ εὐτυχία τοῦ κτισαμένου καὶ ἐπιτυχία,Science,grc/moses-alexandria-prosperity-builder-labor-life-qhc-aa.grc.md,49184,2118
akk,akk-ab,musaeus-of-eleusis,musaeus-eleusis-theogony-fragments,Fragments on Theogony,Ἀποσπάσματα περὶ Θεογονίας,Philosophy,grc/musaeus-eleusis-theogony-fragments-akk-ab.grc.md,15831,2260
akk,akk-aa,musaeus-of-eleusis,musaeus-eleusis-testimonies,Testimonies,Τὰ καθ' Ἡρὼ καὶ Λέναδρον,Philosophy,grc/musaeus-eleusis-testimonies-akk-aa.grc.md,8940,1969
usc,usc-aa,musaeus-the-grammarian,musaeus-grammarian-hero-leander,Hero and Leander,Ἡρῴ καὶ Λέανδρος,Epic,grc/musaeus-grammarian-hero-leander-usc-aa.grc.md,35159,2124
vou,vou-aa,musical-riddles-anon,anon-mus-riddles-delphi-poems,Poems Found at Delphi,Ποιήματα ἐν Δελφοῖς εὑρεθέντα,Science,grc/anon-mus-riddles-delphi-poems-vou-aa.grc.md,3895,1468
vok,vok-aa,musicbellermanniana-anon,bellermann-anon-music,"Anonymous Writings-Music, Bellermannian",Ἄγνωστα συγγράμματα περὶ μουσικῆς,Science,grc/bellermann-anon-music-vok-aa.grc.md,55515,1529
nma,nma-ac,musonius-the-roman,musonius-roman-minor-fragments,Minor Fragments,Ἀποσπάσματα Μικρά,Philosophy,grc/musonius-roman-minor-fragments-nma-ac.grc.md,16185,1742
nma,nma-aa,musonius-the-roman,musonius-roman-dissertations,Remains of the Dissertations Compiled by Lucius,Λείψανα Διατριβῶν ὑπὸ Λουκίου,Philosophy,grc/musonius-roman-dissertations-nma-aa.grc.md,190398,2011
nma,nma-ab,musonius-the-roman,musonius-roman-spurious-letters,Spurious Letters,Νόθαι Ἐπιστολαί,Philosophy,grc/musonius-roman-spurious-letters-nma-ab.grc.md,18344,1734
bcc,bcc-aa,myia-the-pythagorean,myia-phyllis,Letter to Phyllis,Πρὸς Φυλλίδα Ἐπιστολή,Philosophy,grc/myia-phyllis-bcc-aa.grc.md,5895,2020
bqi,bqi-aa,myron-of-eleutherae,myron-eleutherae-spartan-helots,Fragments on Spartan Helots,Ἀποσπάσματα περὶ Εἱλώτων Σπαρτιατῶν,History,grc/myron-eleutherae-spartan-helots-bqi-aa.grc.md,4434,2368
ova,ova-aa,myronianus-of-amastris,myronianus-amastris-historical-parallels,Historical Parallels and Anecdotes,Ἀποσπάσματα,History,grc/myronianus-amastris-historical-parallels-ova-aa.grc.md,4751,1641
jpq,jpq-aa,myrsilus-of-methymna,myrsilus-methymna-ancient-geography,Fragments on Ancient Geography,Ἀποσπάσματα περὶ τῆς Ἀρχαίας Γεωγραφίας,History,grc/myrsilus-methymna-ancient-geography-jpq-aa.grc.md,21608,2071
oba,oba-ac,narrative-fiction-work-anon,anon-narrative-ninus-fragment-c,Ninus Fragment C,Νίνου Ἀπόσπασμα Γ,Fiction,grc/anon-narrative-ninus-fragment-c-oba-ac.grc.md,4209,1832
oba,oba-ab,narrative-fiction-work-anon,anon-narrative-ninus-fragments,Ninus Fragments A–B,Νίνου Ἀποσπάσματα Α–Β,Fiction,grc/anon-narrative-ninus-fragments-oba-ab.grc.md,17644,1978
oba,oba-aa,narrative-fiction-work-anon,anon-narrative-ninus-fragments,Ninus Fragments A–B,Νίνου Ἀποσπάσματα Α–Β,Fiction,grc/anon-narrative-ninus-fragments-oba-aa.grc.md,18761,1938
qky,qky-aa,naumachius-the-didactic-poet,naumachius-marriage-duties,On Marriage and Wifely Duties,Ἀπόσπασμα,Epic,grc/naumachius-marriage-duties-qky-aa.grc.md,9241,1958
fqe,fqe-aa,nausicrates-the-comic-poet,nausicrates-fish-sea-creatures,Fragments on Fish and Sea Creatures,Ἀποσπάσματα περὶ Ἰχθύων καὶ Ἑρπετῶν θαλασσίων,Comedy,grc/nausicrates-fish-sea-creatures-fqe-aa.grc.md,3424,1811
fqe,fqe-ab,nausicrates-the-comic-poet,nausicrates-sea-creatures,Fragments on Sea Creatures,Ἀποσπάσματα περὶ τῶν Ἐνάλων Ζῴων,Comedy,grc/nausicrates-sea-creatures-fqe-ab.grc.md,3265,1772
hik,hik-ab,nausiphanes-of-teos,nausiphanes-teos-rhetoric-philosophy,On Rhetoric and Natural Philosophy,Ἀποσπάσματα,Philosophy,grc/nausiphanes-teos-rhetoric-philosophy-hik-ab.grc.md,12549,2179
hik,hik-aa,nausiphanes-of-teos,nausiphanes-teos-testimonies,Testimonies,Μαρτυρίαι,Philosophy,grc/nausiphanes-teos-testimonies-hik-aa.grc.md,8356,2171
iac,iac-aa,neanthes-of-cyzicus,neanthes-cyzicus-historical-fragments-themistocles,Historical Fragments on Themistocles,Ἀποσπάσματα περὶ Θεμιστοκλέους,History,grc/neanthes-cyzicus-historical-fragments-themistocles-iac-aa.grc.md,34345,1767
sxe,sxe-aa,nemesius-bishop-of-emesa,nemesius-emesa-nature-man,On the Nature of Man,Περὶ φύσεως ἀνθρώπου,Theology,grc/nemesius-emesa-nature-man-sxe-aa.grc.md,439106,2150
cps,cps-aa,neophron-of-sicyon,neophron-sicyon-medea-revenge,Medea's Revenge Fragments,Ἀποσπάσματα,Drama,grc/neophron-sicyon-medea-revenge-cps-aa.grc.md,4273,1962
tjw,tjw-aa,neoplatonist-philosopher,neoplatonist-antipathy-sympathy,On Antipathy and Sympathy,Περὶ τῶν κατὰ ἀντιπάθειαν καὶ συμπάθειαν,Medicine,grc/neoplatonist-antipathy-sympathy-tjw-aa.grc.md,13270,2185
kxc,kxc-aa,neoptolemus-the-grammarian,neoptolemus-ocean-death,Fragments on Ocean and Death,Ἀποσπάσματα περὶ Ὠκεανοῦ καὶ Θανάτου,Grammar,grc/neoptolemus-ocean-death-kxc-aa.grc.md,2768,2017
coo,coo-ab,nessos-of-chios,nessos-chios-homeric-interpretation,Fragments on Homeric Interpretation,Ἀποσπάσματα περὶ Ὁμηρικῆς Ἑρμηνείας,Philosophy,grc/nessos-chios-homeric-interpretation-coo-ab.grc.md,2584,1894
coo,coo-aa,nessos-of-chios,nessos-chios-testimonies,Testimonies,Μαρτυρίαι,Philosophy,grc/nessos-chios-testimonies-coo-aa.grc.md,2470,1452
jqa,jqa-ab,nicaenetus-of-samos,nicaenetus-samos-epigrams,Epigrams,Ἐπιγράμματα,Epic,grc/nicaenetus-samos-epigrams-jqa-ab.grc.md,4109,1865
jqa,jqa-aa,nicaenetus-of-samos,nicaenetus-samos-mythical-foundings,Fragments on Mythical Foundings,Ἀποσπάσματα περὶ Μυθικῶν Κτισμάτων,Epic,grc/nicaenetus-samos-mythical-foundings-jqa-aa.grc.md,5550,1746
lcw,lcw-ab,nicander-of-colophon,nicander-colophon-alexipharmaca,Alexipharmaca,Αλεξιφάρμακα,Poetry,grc/nicander-colophon-alexipharmaca-lcw-ab.grc.md,61867,1847
lcw,lcw-ae,nicander-of-colophon,nicander-colophon-epigrams,Epigrams,Ἐπιγράμματα,Poetry,grc/nicander-colophon-epigrams-lcw-ae.grc.md,2778,1378
lcw,lcw-ac,nicander-of-colophon,nicander-colophon-sea-nature,Fragments on Sea and Nature,Ἀποσπάσματα περὶ Θαλάσσης καὶ Φύσεως,Poetry,grc/nicander-colophon-sea-nature-lcw-ac.grc.md,23090,1938
lcw,lcw-ad,nicander-of-colophon,nicander-colophon-trojan-cycle,Fragments on the Trojan Cycle,Ἀποσπάσματα περὶ τοῦ Τρωικοῦ Κύκλου,Poetry,grc/nicander-colophon-trojan-cycle-lcw-ad.grc.md,4832,2104
lcw,lcw-aa,nicander-of-colophon,nicander-colophon-wild-animals,On Wild Animals,Θηριακά,Poetry,grc/nicander-colophon-wild-animals-lcw-aa.grc.md,93843,1861
moy,moy-aa,nicander-of-colophon,nicander-colophon-peripeteiai,Fragments of the Peripeteiai,Ἀποσπάσματα τῶν Περιπετειῶν,History,grc/nicander-colophon-peripeteiai-moy-aa.grc.md,2994,1656
kzu,kzu-aa,nicander-of-thyatira,nicander-thyatira-demes-attica,On the Demes of Attica,Ἀποσπάσματα,Grammar,grc/nicander-thyatira-demes-attica-kzu-aa.grc.md,2598,1658
gky,gky-aa,nicanor-of-the-4th-c-bce,nicanor-4th-bce-geographical-nomenclature,On Geographical Nomenclature,Ἀποσπάσματα,Grammar,grc/nicanor-4th-bce-geographical-nomenclature-gky-aa.grc.md,6782,1807
dkw,dkw-aa,nicias-of-athens,nicias-athens-expedition-syracuse,Athenian Expedition to Syracuse,Ἐπιστολή,,grc/nicias-athens-expedition-syracuse-dkw-aa.grc.md,11784,2359
khi,khi-aa,nicias-of-miletus,nicias-miletus-epigrams,Epigrams,Ἐπιγράμματα,Poetry,grc/nicias-miletus-epigrams-khi-aa.grc.md,4723,1677
lpo,lpo-aa,nicias-of-nicaea,nicias-nicaea-arcadian-beauty-contest,On the Arcadian Beauty Contest,Ἀπόσπασμα,History,grc/nicias-nicaea-arcadian-beauty-contest-lpo-aa.grc.md,3017,1781
fcs,fcs-ac,nicochares-the-comic-poet,nicochares-nereids-fragments,Fragments of the Nereids,Ἀποσπάσματα τῶν Νηρηίδων,Comedy,grc/nicochares-nereids-fragments-fcs-ac.grc.md,2827,2096
fcs,fcs-ab,nicochares-the-comic-poet,nicochares-sympotic-fragments,Sympotic Fragments,Ἀποσπάσματα,Comedy,grc/nicochares-sympotic-fragments-fcs-ab.grc.md,3000,1569
fcs,fcs-aa,nicochares-the-comic-poet,nicochares-sympotic-fragments,Sympotic Fragments of Nicochares,Ἀποσπάσματα Νικοχάρους Συμποτικά,Comedy,grc/nicochares-sympotic-fragments-fcs-aa.grc.md,3794,1922
fnm,fnm-aa,nicocles-of-salamis,nicocles-salamis-spartan-customs,Fragments on Spartan Customs,Ἀποσπάσματα περὶ τῶν Λακωνικῶν Ἐθῶν,History,grc/nicocles-salamis-spartan-customs-fnm-aa.grc.md,4482,1730
kim,kim-aa,nicocrates-the-historian,nicocrates-heliconian-contest,On the Heliconian Contest,Ἀποσπάσματα,History,grc/nicocrates-heliconian-contest-kim-aa.grc.md,3936,1671
ocy,ocy-aa,nicolaus-of-damascus,nicolaus-damascus-life-antipater,On the Life of Antipater,Ἀποσπάσματα,History,grc/nicolaus-damascus-life-antipater-ocy-aa.grc.md,446527,2100
ueq,ueq-ab,nicolaus-of-myra,nicolaus-myra-preliminary-exercises,Preliminary Exercises (Complete),Προγυμνάσματα,Oratory,grc/nicolaus-myra-preliminary-exercises-ueq-ab.grc.md,162811,1995
ueq,ueq-aa,nicolaus-of-myra,nicolaus-myra-preliminary-exercises,Preliminary Exercises (On Comparison),Προγυμνάσματα (κεφάλαιον περὶ συγκρίσεως),Oratory,grc/nicolaus-myra-preliminary-exercises-ueq-aa.grc.md,7148,2583
ueq,ueq-ac,nicolaus-of-myra,nicolaus-myra-preliminary-exercises,Preliminary Exercises (Selected Chapters),"Προγυμνάσματα (κεφάλαια περὶ συγκρίσεως, περὶ ἠθοποιίας, περὶ ἐκφράσεως, περὶ θέσεως, περὶ νόμου)",Oratory,grc/nicolaus-myra-preliminary-exercises-ueq-ac.grc.md,19699,2201
gli,gli-aa,nicolaus-the-comic-poet,nicolaus-comic-parasites-flatterers,On Parasites and Flatterers,Ἀποσπάσματα,Comedy,grc/nicolaus-comic-parasites-flatterers-gli-aa.grc.md,6134,1845
gli,gli-ab,nicolaus-the-comic-poet,nicolaus-comic-parasites-tantalus,On Parasites and Tantalus,Ἀπόσπασμα,Comedy,grc/nicolaus-comic-parasites-tantalus-gli-ab.grc.md,6215,1984
uim,uim-ac,nicomachean-ethics-comm-anon,anon-comm-aristotle-in-greek,Commentaries-Aristotle in Greek,Σχόλια εἰς τὰ Ἠθικὰ Νικομάχεια,Philosophy,grc/anon-comm-aristotle-in-greek-uim-ac.grc.md,1161799,1836
uim,uim-ab,nicomachean-ethics-comm-anon,anon-comm-aristotle-nicomachean-ethics-7,Commentaries-Nicomachean Ethics Book VII,Σχόλια εἰς τὸ Ἠθικὰ Νικομάχεια Βιβλίον Ζ',Philosophy,grc/anon-comm-aristotle-nicomachean-ethics-7-uim-ab.grc.md,280860,2314
uim,uim-aa,nicomachean-ethics-comm-anon,anon-comm-aristotle-nicomachean-ethics-ii-v,Commentaries-Nicomachean Ethics Books II–V,Σχόλια εἰς τὰ Ἠθικὰ Νικομάχεια Βιβλία Β'-Ε',Philosophy,grc/anon-comm-aristotle-nicomachean-ethics-ii-v-uim-aa.grc.md,588880,2065
owy,owy-aa,nicomachus-of-gerasa,nicomachus-gerasa-arithmetic-introduction,Arithmetic Introduction,Ἀριθμητικὴ εἰσαγωγή,Mathematics,grc/nicomachus-gerasa-arithmetic-introduction-owy-aa.grc.md,276430,1923
owy,owy-ad,nicomachus-of-gerasa,nicomachus-gerasa-arithmetic,Arithmetic Problems,Προβλήματα ἀριθμητικά,Mathematics,grc/nicomachus-gerasa-arithmetic-owy-ad.grc.md,3013,1965
owy,owy-ae,nicomachus-of-gerasa,nicomachus-gerasa-excerpts,Excerpts,Ἐκλογαί,Mathematics,grc/nicomachus-gerasa-excerpts-owy-ae.grc.md,29962,1658
owy,owy-ac,nicomachus-of-gerasa,nicomachus-gerasa-handbook-harmonics,Handbook of Harmonics,Ἐγχειρίδιον ἁρμονικῆς,Mathematics,grc/nicomachus-gerasa-handbook-harmonics-owy-ac.grc.md,65976,1884
owy,owy-ab,nicomachus-of-gerasa,nicomachus-gerasa-theological-arithmetic,Theological Arithmetic,Θεολογικὴ ἀριθμητική,Mathematics,grc/nicomachus-gerasa-theological-arithmetic-owy-ab.grc.md,71773,1927
jqk,jqk-ab,nicomachus-the-comic-poet,nicomachus-comic-comic-chefs-art,Comic Chef's Art,Ἀποσπάσματα,Comedy,grc/nicomachus-comic-comic-chefs-art-jqk-ab.grc.md,6367,1849
jqk,jqk-aa,nicomachus-the-comic-poet,nicomachus-comic-cooks-art,Cook's Art,Ἀποσπάσματα,Comedy,grc/nicomachus-comic-cooks-art-jqk-aa.grc.md,6584,2009
eis,eis-ab,nicophon-the-comic-poet,nicophon-food-markets,Comic Fragments on Food and Markets,Ἀποσπάσματα περὶ Τροφῆς καὶ Ἀγορᾶς,Comedy,grc/nicophon-food-markets-eis-ab.grc.md,4830,2213
eis,eis-aa,nicophon-the-comic-poet,nicophon-food-gluttony,Fragments on Food and Gluttony,Ἀποσπάσματα περὶ Βρώσεως καὶ Λαιμαργίας,Comedy,grc/nicophon-food-gluttony-eis-aa.grc.md,5073,1831
hsu,hsu-ab,nicostratus-of-aristophanes,nicostratus-aristophanes-banquets,Fragments on Banquets,Ἀποσπάσματα περὶ Συμποσίων,Comedy,grc/nicostratus-aristophanes-banquets-hsu-ab.grc.md,10289,2468
hsu,hsu-aa,nicostratus-of-aristophanes,nicostratus-aristophanes-food-feasting,Fragments on Food and Feasting,Ἀποσπάσματα περὶ Σίτου καὶ Εὐωχίας,Comedy,grc/nicostratus-aristophanes-food-feasting-hsu-aa.grc.md,10090,1960
mkd,mkd-aa,nikarchos-of-sinope,nikarchos-sinope-eukrates-common-things,"Eukrates, or On Common Things",Εὐκράτης ἢ Περὶ τῶν Κοινῶν,Philosophy,grc/nikarchos-sinope-eukrates-common-things-mkd-aa.grc.md,28203,2966
ryy,ryy-aa,nikephoros-gregoras,nikephoros-gregoras-roman-history,Roman History,Ῥωμαϊκὴ Ἱστορία,History,grc/nikephoros-gregoras-roman-history-ryy-aa.grc.md,4366776,1977
vcw,vcw-aa,nonnosus-the-historian,nonnosus-roman-persian-relations,Fragments on Roman-Persian Relations,Ἀποσπάσματα περὶ τῶν Ῥωμαϊκῶν καὶ Περσικῶν Σχέσεων,History,grc/nonnosus-roman-persian-relations-vcw-aa.grc.md,17642,1933
tns,tns-ab,nonnus-of-panopolis,nonnus-panopolis-dionysiaca,Dionysiaca,Διονυσιακά,Epic,grc/nonnus-panopolis-dionysiaca-tns-ab.grc.md,2211840,1764
tns,tns-aa,nonnus-of-panopolis,nonnus-panopolis-gospel-john,Paraphrase of the Gospel of John,Παράφρασις εἰς τὸ Κατὰ Ἰωάννην Εὐαγγέλιον,Epic,grc/nonnus-panopolis-gospel-john-tns-aa.grc.md,315180,2144
axm,axm-aa,nostoi-anon,nostoi-anon-fragments,Returns Fragments,Ἀποσπάσματα Νόστων,Epic,grc/nostoi-anon-fragments-axm-aa.grc.md,2573,1772
pyg,pyg-aa,numenius-of-apamea,numenius-apamea-good,On the Good,Ἀποσπάσματα,Philosophy,grc/numenius-apamea-good-pyg-aa.grc.md,120955,1680
lnq,lnq-aa,numenius-of-heraclea,numenius-heraclea-fragments,Fragments and Titles,Ἀποσπάσματα καὶ Τίτλοι,Poetry,grc/numenius-heraclea-fragments-lnq-aa.grc.md,6631,1485
iuw,iuw-aa,nymphis-of-heraclea-pontica,nymphis-heraclea-pontica,On Heraclea Pontica,Ἀποσπάσματα,History,grc/nymphis-heraclea-pontica-iuw-aa.grc.md,16275,1720
dpc,dpc-aa,nymphodorus-of-abdera,nymphodorus-abdera-wonders-sicily,On the Wonders of Sicily,Ἀποσπάσματα,History,grc/nymphodorus-abdera-wonders-sicily-dpc-aa.grc.md,21529,1379
eoc,eoc-ac,ocellus-of-lucania,ocellus-lucania-cosmic-harmony,On Cosmic Order and Human Harmony,Ἀποσπάσματα,Philosophy,grc/ocellus-lucania-cosmic-harmony-eoc-ac.grc.md,5850,1995
eoc,eoc-aa,ocellus-of-lucania,ocellus-lucania-nature-universe,On the Nature of the Universe,Περὶ φύσεως τοῦ κόσμου,Philosophy,grc/ocellus-lucania-nature-universe-eoc-aa.grc.md,47938,2191
eoc,eoc-ab,ocellus-of-lucania,ocellus-lucania-testimonies,Testimonies,Μαρτυρίαι,Philosophy,grc/ocellus-lucania-testimonies-eoc-ab.grc.md,5779,1761
mye,mye-aa,ocellus-of-lucania,ocellus-lucania-justice-cosmic-harmony,On Justice and Cosmic Harmony,Ἀπόσπασμα,Philosophy,grc/ocellus-lucania-justice-cosmic-harmony-mye-aa.grc.md,4264,1775
pak,pak-aa,oenomaus-of-gadara,oenomaus-gadara-against-oracles,Fragments Against Oracles,Ἀποσπάσματα περὶ Χρηστηρίων,Philosophy,grc/oenomaus-gadara-against-oracles-pak-aa.grc.md,103636,2040
btu,btu-aa,oenopides-of-chios,oenopides-chios-testimonies,Testimonies,Μαρτυρίαι,Philosophy,grc/oenopides-chios-testimonies-btu-aa.grc.md,10942,1774
veu,veu-ab,olympiodorus-the-alchemist,olympiodorus-alexandria-sacred-art,On Sacred Art,Περὶ Ἱερᾶς Τέχνης,Science,grc/olympiodorus-alexandria-sacred-art-veu-ab.grc.md,9151,1874
veu,veu-aa,olympiodorus-the-alchemist,olympiodorus-alexandria-active-zosimus-hermes,"To the Active Zosimus, What Was Said by Hermes and the Philosophers",Εἰς τὸ κατ’ ἐνέργειαν ζωσίμου ὅσα ἀπὸ Ἑρμοῦ καὶ,Science,grc/olympiodorus-alexandria-active-zosimus-hermes-veu-aa.grc.md,90350,2353
utq,utq-ab,olympiodorus-the-younger,olympiodorus-alexandria-commentary-aristotle,Commentary-Aristotle in Greek,Σχόλια εἰς τὰ μετεωρολογικὰ Ἀριστοτέλους,Philosophy,grc/olympiodorus-alexandria-commentary-aristotle-utq-ab.grc.md,1344228,2455
utq,utq-ac,olympiodorus-the-younger,olympiodorus-alexandria-commentary-alcibiades,Commentary-Plato's Alcibiades,Σχόλια εἰς τὸν Ἀλκιβιάδην Πλάτωνος,Philosophy,grc/olympiodorus-alexandria-commentary-alcibiades-utq-ac.grc.md,613599,2107
utq,utq-ad,olympiodorus-the-younger,olympiodorus-alexandria-plato-gorgias-commentary,Commentary-Plato's Gorgias,Σχόλια εἰς τὸν Γοργίαν Πλάτωνος,Philosophy,grc/olympiodorus-alexandria-plato-gorgias-commentary-utq-ad.grc.md,749717,1823
utq,utq-af,olympiodorus-the-younger,olympiodorus-alexandria-phaedo-commentary,Commentary-Plato's Phaedo,Σχόλια εἰς τὸν Φαίδωνα Πλάτωνος,Philosophy,grc/olympiodorus-alexandria-phaedo-commentary-utq-af.grc.md,228687,2275
utq,utq-ag,olympiodorus-the-younger,olympiodorus-alexandria-introduction,Introduction,Προλεγόμενα,Philosophy,grc/olympiodorus-alexandria-introduction-utq-ag.grc.md,124919,1870
utq,utq-ae,olympiodorus-the-younger,olympiodorus-alexandria-categories-commentary,"On the Categories, Commentary",Σχόλια εἰς τὰς κατηγορίας,Philosophy,grc/olympiodorus-alexandria-categories-commentary-utq-ae.grc.md,585782,2079
utq,utq-aa,olympiodorus-the-younger,olympiodorus-alexandria-scholia-interpretation,Scholia-Aristotle's Book-Interpretation,Σχόλια εἰς τὸ περὶ ἑρμηνείας Ἀριστοτέλους,Philosophy,grc/olympiodorus-alexandria-scholia-interpretation-utq-aa.grc.md,32911,2298
vhm,vhm-aa,on-political-science-anon,anon-pol-sci-dialogue,Dialogue on Political Science,Περὶ Πολιτικῆς Ἐπιστήμης,History,grc/anon-pol-sci-dialogue-vhm-aa.grc.md,146508,1848
oce,oce-aa,onasander-the-tactician,onasander-strategos,Strategic,Στρατηγικός,Science,grc/onasander-strategos-oce-aa.grc.md,161637,1970
cki,cki-aa,onatas-the-philosopher,onatas-divine-cosmos,On the Divine and the Cosmos,Ἀποσπάσματα,Philosophy,grc/onatas-divine-cosmos-cki-aa.grc.md,7065,1335
fvo,fvo-aa,ophelio-comicus,ophelio-comic-dance-seasoning,Comic Dance and Seasoning Fragments,Ἀποσπάσματα,Comedy,grc/ophelio-comic-dance-seasoning-fvo-aa.grc.md,2756,2045
fvo,fvo-ab,ophelio-comicus,ophelio-comic-fragments,Comic Fragments on Daily Life,Ἀποσπάσματα περὶ Βίου Καθημερινοῦ Κωμικά,Comedy,grc/ophelio-comic-fragments-fvo-ab.grc.md,2625,1918
tom,tom-aa,oppian-commentary-anon,oppian-comm-anon-exegesis-halieutica,Exegesis-Oppian's Halieutica,Ἐξήγησις εἰς τὰ Ἁλιευτικά τοῦ Ὀππιανοῦ,Scholia,grc/oppian-comm-anon-exegesis-halieutica-tom-aa.grc.md,60326,2057
qvi,qvi-ac,oppian-lives,oppian-life,Life of Oppian (Version A),Βίτα Ὀππιανοῦ (Βίτα α),Biography,grc/oppian-life-qvi-ac.grc.md,3933,503
qvi,qvi-ad,oppian-lives,oppian-life,Life of Oppian (Version B),Βίτα Ὀππιανοῦ (β),Biography,grc/oppian-life-qvi-ad.grc.md,5061,485
qvi,qvi-aa,oppian-lives,oppian-life,Life of Oppian of Anazarbus,Βίος Ὀππιανοῦ Ἀναζαρβοῦ,Biography,grc/oppian-life-qvi-aa.grc.md,4391,543
qvi,qvi-ab,oppian-lives,oppian-life-of-tzetzes,Life of Tzetzes,Βίος Τζέτζου,Biography,grc/oppian-life-of-tzetzes-qvi-ab.grc.md,3885,491
qta,qta-aa,oppian-of-anazarbus,oppian-anazarbus-halieutica,Fishing,Ἁλιευτικά,Epic,grc/oppian-anazarbus-halieutica-qta-aa.grc.md,368411,2060
rje,rje-aa,oppian-of-apamea,oppian-apamea-hunting,Hunting Matters,Κυνηγετικά,Epic,grc/oppian-apamea-hunting-rje-aa.grc.md,224869,1993
soi,soi-ae,oribasius-of-pergamon,oribasius-pergamon-eunapius,Books to Eunapius,Βιβλία πρὸς Εὐνάπιον,Medicine,grc/oribasius-pergamon-eunapius-soi-ae.grc.md,743553,2160
soi,soi-aa,oribasius-of-pergamon,oribasius-pergamon-medical-collections,"Medical Collections, Books 1–16, 24–25, 43–50",Ἰατρικαὶ Συλλογαί,Medicine,grc/oribasius-pergamon-medical-collections-soi-aa.grc.md,3788982,2306
soi,soi-ab,oribasius-of-pergamon,oribasius-pergamon-medical-collections,"Medical Collections, Uncertain Books",Ἰατρικαὶ Συλλογαί,Medicine,grc/oribasius-pergamon-medical-collections-soi-ab.grc.md,474277,2260
soi,soi-ad,oribasius-of-pergamon,oribasius-pergamon-medicinal-selections,Selections of Medicines,Ἐπιλογαὶ Φαρμάκων,Medicine,grc/oribasius-pergamon-medicinal-selections-soi-ad.grc.md,554384,1535
soi,soi-ac,oribasius-of-pergamon,oribasius-pergamon-summary-eustathius,Summary to Eustathius the Son,Σύνοψις πρὸς Εὐστάθιον τὸν Υἱόν,Medicine,grc/oribasius-pergamon-summary-eustathius-soi-ac.grc.md,998468,2292
soi,soi-af,oribasius-of-pergamon,oribasius-pergamon-testimonies,Testimonies,Μαρτυρίαι,Medicine,grc/oribasius-pergamon-testimonies-soi-af.grc.md,2468,1426
uhs,uhs-cs,origen-of-alexandria,origen-alexandria-against-celsus,Against Celsus,Κατὰ Κέλσου,Theology,grc/origen-alexandria-against-celsus-uhs-cs.grc.md,2058606,1925
uhs,uhs-bo,origen-of-alexandria,origen-alexandria-genesis-commentary,Commentaries-Genesis,Ὑπομνήματα εἰς Γένεσιν,Theology,grc/origen-alexandria-genesis-commentary-uhs-bo.grc.md,87759,1727
uhs,uhs-bt,origen-of-alexandria,origen-alexandria-romans,Commentaries-Romans,Ὑπομνήματα εἰς τὴν πρὸς Ῥωμαίους,Theology,grc/origen-alexandria-romans-uhs-bt.grc.md,71379,2030
uhs,uhs-au,origen-of-alexandria,origen-alexandria-commentaries-romans-3-5-5-7,Commentaries-Romans III.5–V.7,Ὑπομνήματα εἰς τὴν πρὸς Ῥωμαίους,Theology,grc/origen-alexandria-commentaries-romans-3-5-5-7-uhs-au.grc.md,141892,2104
uhs,uhs-ao,origen-of-alexandria,origen-alexandria-commentaries-romans,Commentaries-the Epistle to the Romans,Ὑπομνήματα εἰς τὴν πρὸς Ῥωμαίους Ἐπιστολήν,Theology,grc/origen-alexandria-commentaries-romans-uhs-ao.grc.md,22854,2390
uhs,uhs-ae,origen-of-alexandria,origen-alexandria-romans-commentary,Commentaries-the Epistle to the Romans I.1–XII.21,Ὑπομνήματα εἰς τὴν πρὸς Ῥωμαίους Ἐπιστολήν,Theology,grc/origen-alexandria-romans-commentary-uhs-ae.grc.md,167005,2377
uhs,uhs-av,origen-of-alexandria,origen-alexandria-gospel-john,Commentaries-the Gospel of John,Ὑπομνήματα εἰς τὸ Κατὰ Ἰωάννην Εὐαγγέλιον,Theology,grc/origen-alexandria-gospel-john-uhs-av.grc.md,739026,2155
uhs,uhs-aw,origen-of-alexandria,origen-alexandria-john-gospel-commentary,Commentaries-the Gospel of John,Ὑπομνήματα εἰς τὸ Κατὰ Ἰωάννην Εὐαγγέλιον,Theology,grc/origen-alexandria-john-gospel-commentary-uhs-aw.grc.md,1837293,2146
uhs,uhs-ah,origen-of-alexandria,origen-alexandria-matthew-10-11,Commentary-the Gospel of Matthew Books 10–11,Ὑπόμνημα εἰς τὸ Κατὰ Ματθαῖον Εὐαγγέλιον Βιβλία,Theology,grc/origen-alexandria-matthew-10-11-uhs-ah.grc.md,277203,2359
uhs,uhs-ai,origen-of-alexandria,origen-alexandria-matthew-12-17,Commentary-the Gospel of Matthew Books 12–17,Ὑπόμνημα εἰς τὸ Κατὰ Ματθαῖον Εὐαγγέλιον Βιβλία,Theology,grc/origen-alexandria-matthew-12-17-uhs-ai.grc.md,1117476,2901
uhs,uhs-bk,origen-of-alexandria,origen-alexandria-heraclides,Dialogue with Heraclides,Διάλογος πρὸς Ἡρακλείδην,Theology,grc/origen-alexandria-heraclides-uhs-bk.grc.md,71389,1929
uhs,uhs-ag,origen-of-alexandria,origen-alexandria-matthew-fragments,Fragments from Commentaries-the Gospel of Matthew,Ἀποσπάσματα ἐκ Ὑπομνημάτων εἰς τὸ Κατὰ Ματθαῖον,Theology,grc/origen-alexandria-matthew-fragments-uhs-ag.grc.md,8566,2230
uhs,uhs-bp,origen-of-alexandria,origen-alexandria-principles,Fragments-Principles,Ἀποσπάσματα περὶ Ἀρχῶν,Theology,grc/origen-alexandria-principles-uhs-bp.grc.md,30432,2427
uhs,uhs-ax,origen-of-alexandria,origen-alexandria-gospel-matthew,Fragments-the Gospel of Matthew,Ἀποσπάσματα εἰς τὸ Κατὰ Ματθαῖον,Theology,grc/origen-alexandria-gospel-matthew-uhs-ax.grc.md,8486,2356
uhs,uhs-ck,origen-of-alexandria,origen-alexandria-letter-africanus,Letter to Africanus,Πρὸς Ἀφρικανόν,Theology,grc/origen-alexandria-letter-africanus-uhs-ck.grc.md,66173,2069
uhs,uhs-ay,origen-of-alexandria,origen-alexandria-letter-gregory,Letter to Gregory the Wonderworker,Πρὸς Γρηγόριον τὸν Θαυματουργόν,Theology,grc/origen-alexandria-letter-gregory-uhs-ay.grc.md,12506,2004
uhs,uhs-db,origen-of-alexandria,origen-alexandria-prayer,On Prayer,Περὶ προσευχῆς,Theology,grc/origen-alexandria-prayer-uhs-db.grc.md,358149,1805
uhs,uhs-cz,origen-of-alexandria,origen-alexandria-principles,On Principles,Περὶ Ἀρχῶν,Theology,grc/origen-alexandria-principles-uhs-cz.grc.md,172506,2504
uhs,uhs-ap,origen-of-alexandria,origen-alexandria-resurrection-fragments,"On the Resurrection, Two Books, Fragments",Περὶ Ἀναστάσεως,Theology,grc/origen-alexandria-resurrection-fragments-uhs-ap.grc.md,5740,2286
uhs,uhs-aj,origen-of-alexandria,origen-alexandria-song-of-songs,"On the Song of Songs, Two Books Written in Youth",Περὶ Ἄσματος Ἀσμάτων,Theology,grc/origen-alexandria-song-of-songs-uhs-aj.grc.md,4333,2179
uhs,uhs-aq,origen-of-alexandria,origen-alexandria-philocalia-23-25-27,"Origen's Philocalia, Chapters 23, 25–27",Φιλοκαλία ἢ Ἐπιλογὴ ἐκ τῶν Ἀρίστων Ὀριγένους,Theology,grc/origen-alexandria-philocalia-23-25-27-uhs-aq.grc.md,179664,2348
uhs,uhs-be,origen-of-alexandria,origen-alexandria-other-fragments,Other Fragments-Principles,Ἄλλα Ἀποσπάσματα περὶ Ἀρχῶν,Theology,grc/origen-alexandria-other-fragments-uhs-be.grc.md,4665,2551
uhs,uhs-da,origen-of-alexandria,origen-alexandria-philocalia,Philocalia,Φιλοκαλία,Theology,grc/origen-alexandria-philocalia-uhs-da.grc.md,801816,1986
uhs,uhs-bn,origen-of-alexandria,origen-alexandria-scholia-song-of-songs,Scholia-Song of Songs,Σχόλια εἰς Ἄσμα Ἀσμάτων,Theology,grc/origen-alexandria-scholia-song-of-songs-uhs-bn.grc.md,87685,2086
uhs,uhs-bd,origen-of-alexandria,origen-alexandria-song-of-songs,Ten Books-the Song of Songs,Δέκα Βιβλία περὶ Ἄσματος Ἀσμάτων,Theology,grc/origen-alexandria-song-of-songs-uhs-bd.grc.md,38630,3322
tme,tme-af,orion-of-thebes,orion-thebes-anthologion,Anthologion,Ἀνθολόγιον,Grammar,grc/orion-thebes-anthologion-tme-af.grc.md,35061,2006
tme,tme-aa,orion-of-thebes,orion-thebes-etymology,Etymologies (Complete),Ἐτυμολογικὸν Ἔργον,Grammar,grc/orion-thebes-etymology-tme-aa.grc.md,399031,1931
tme,tme-ab,orion-of-thebes,orion-thebes-etymology,Etymologies (Selection A),Ἐτυμολογικὸν Ἔργον,Grammar,grc/orion-thebes-etymology-tme-ab.grc.md,25340,1942
tme,tme-ac,orion-of-thebes,orion-thebes-etymology,Etymologies (Selection B),Ἐτυμολογικὸν Ἔργον,Grammar,grc/orion-thebes-etymology-tme-ac.grc.md,30370,1755
tme,tme-ad,orion-of-thebes,orion-thebes-etymological,Etymologies (Selection C),Ἐτυμολογικὸν Ἔργον,Grammar,grc/orion-thebes-etymological-tme-ad.grc.md,32365,1637
tme,tme-ae,orion-of-thebes,orion-thebes-etymological,Etymologies (Selection D),Ἐτυμολογικὸν Ἔργον,Grammar,grc/orion-thebes-etymological-tme-ae.grc.md,25367,1782
tmo,tmo-ab,oros-of-alexandria,oros-alexandria-attic-words,Collection of Attic Words,Συναγωγὴ Ἀττικῶν Λέξεων,Grammar,grc/oros-alexandria-attic-words-tmo-ab.grc.md,38175,2042
tmo,tmo-ac,oros-of-alexandria,oros-alexandria-attic-words,Collection of Attic Words,Συναγωγὴ Ἀττικῶν Λέξεων,Grammar,grc/oros-alexandria-attic-words-tmo-ac.grc.md,35266,1821
tmo,tmo-aa,oros-of-alexandria,oros-alexandria-unpronounced-iota,Orthography-the Unpronounced Iota,περὶ τῆς ι ἀνεκφωνήτου,Grammar,grc/oros-alexandria-unpronounced-iota-tmo-aa.grc.md,15701,1815
lea,lea-ad,orphic-poems,orphic-poems-argonautica,Argonautica,Ἀργοναυτικά,Philosophy,grc/orphic-poems-argonautica-lea-ad.grc.md,121870,1771
lea,lea-ab,orphic-poems,orphic-poems-astrological-fragment,Astrological Fragment,Ἀστρολογικὸν Ἀπόσπασμα,Philosophy,grc/orphic-poems-astrological-fragment-lea-ab.grc.md,10694,2001
lea,lea-af,orphic-poems,orphic-poems-medicinal-herbs,Fragments on Medicinal Herbs,Ἀποσπάσματα περὶ Βοτανῶν Ἰατρικῶν,Philosophy,grc/orphic-poems-medicinal-herbs-lea-af.grc.md,3408,2099
lea,lea-ac,orphic-poems,orphic-poems-derveni,Fragments P. Derveni,Ἀποσπάσματα Π. Δερβενίου,Philosophy,grc/orphic-poems-derveni-lea-ac.grc.md,29633,2354
lea,lea-aj,orphic-poems,orphic-poems-hymns,Hymns,Ὕμνοι,Philosophy,grc/orphic-poems-hymns-lea-aj.grc.md,104414,2693
lea,lea-ai,orphic-poems,orphic-poems-stones,On Stones,Περὶ λίθων,Philosophy,grc/orphic-poems-stones-lea-ai.grc.md,69551,2061
lea,lea-ah,orphic-poems,orphic-poems-stones,On Stones,Περὶ λίθων,Philosophy,grc/orphic-poems-stones-lea-ah.grc.md,68687,1778
lea,lea-ag,orphic-poems,orphic-poems-cosmogony-soul,Orphic Cosmogony and Soul Fragments,Ἀποσπάσματα,Philosophy,grc/orphic-poems-cosmogony-soul-lea-ag.grc.md,36171,2789
lea,lea-aa,orphic-poems,orphic-poems-proclamations-stones,Proclamations-Stones,Προκηρύξεις περὶ λίθων,Philosophy,grc/orphic-poems-proclamations-stones-lea-aa.grc.md,59629,2193
lea,lea-ae,orphic-poems,orphic-poems-testimonies,Testimonies,Μαρτυρίαι,Philosophy,grc/orphic-poems-testimonies-lea-ae.grc.md,17432,2716
sde,sde-aa,ostanes-the-alchemist,ostanes-sacred-divine-art,Ostanes the Philosopher to Petasius-This Sacred and Divine Art,Ὀστάνου φιλοσόφου πρὸς Πετάσιον περὶ τῆς ἱερᾶς,Science,grc/ostanes-sacred-divine-art-sde-aa.grc.md,5742,1929
cqc,cqc-ae,paean-collection-anon,paean-collection-delphic-i,Delphic Paean I to Apollo,Δελφικὸς Παιὰν Αʹ πρὸς Ἀπόλλωνα,Poetry,grc/paean-collection-delphic-i-cqc-ae.grc.md,4723,2005
cqc,cqc-ab,paean-collection-anon,paean-collection-erythraean-fragment,Erythraean Fragment of a Paean to Apollo,Ἐρυθραῖον Ἀπόσπασμα Παιᾶνος πρὸς Ἀπόλλωνα,Poetry,grc/paean-collection-erythraean-fragment-cqc-ab.grc.md,2633,1855
cqc,cqc-aa,paean-collection-anon,paean-collection-erythraean-dion,Erythraean Paean Found at the City of Dion,Ἐρυθραῖος Παιὰν εὑρεθεὶς ἐν Δίῳ,Poetry,grc/paean-collection-erythraean-dion-cqc-aa.grc.md,4084,2513
cqc,cqc-ad,paean-collection-anon,paean-collection-erythraean-aesculapius,Erythraean Paean to Aesculapius,Ἐρυθραῖος Παιὰν πρὸς Ἀσκληπιόν,Poetry,grc/paean-collection-erythraean-aesculapius-cqc-ad.grc.md,3848,2161
cqc,cqc-ac,paean-collection-anon,paean-collection-titus-flamininus,Fragment of a Paean to Titus Flamininus,Ἀπόσπασμα Παιᾶνος πρὸς Τίτον Φλαμινῖνον,Poetry,grc/paean-collection-titus-flamininus-cqc-ac.grc.md,2532,1943
fnc,fnc-aa,paeon-of-amathus,paeon-amathus-cypriot-histories,Cypriot Histories and Myths,Ἀποσπάσματα,History,grc/paeon-amathus-cypriot-histories-fnc-aa.grc.md,4180,1684
hlc,hlc-ab,palaephatus-the-mythographer,palaephatus-trojan-geography,Fragments on Trojan Geography,Ἀποσπάσματα περὶ Τρωϊκῆς Γεωγραφίας,Fiction,grc/palaephatus-trojan-geography-hlc-ab.grc.md,3825,1832
hlc,hlc-aa,palaephatus-the-mythographer,palaephatus-incredible-things,On Incredible Things,Περὶ Ἀπίστων,Fiction,grc/palaephatus-incredible-things-hlc-aa.grc.md,95420,1955
npc,npc-aa,palatine-paradoxographer,palatine-paradoxographer-marvels,Marvels,Θαύματα,History,grc/palatine-paradoxographer-marvels-npc-aa.grc.md,9658,1591
nmu,nmu-aa,pamphila-of-epidaurus,pamphila-epidaurus-historical-memoranda,Historical Memoranda Fragments,Ἀποσπάσματα,History,grc/pamphila-epidaurus-historical-memoranda-nmu-aa.grc.md,7254,1930
unw,unw-aa,pamprepius-of-panopolis,pamprepius-panopolis-lion-hunt,Fragments on a Lion Hunt,Ἀποσπάσματα περὶ Κυνηγίας Λέοντος,Epic,grc/pamprepius-panopolis-lion-hunt-unw-aa.grc.md,28432,1734
rty,rty-aa,panarces-the-writer-of-riddles,panarces-riddles-paradoxical-encounters,Riddles of Paradoxical Encounters,Ἀποσπάσματα,Poetry,grc/panarces-riddles-paradoxical-encounters-rty-aa.grc.md,2643,1632
jqu,jqu-ab,pancrates-of-arcadia,pancrates-arcadia-epigrams,Epigrams,Ἐπιγράμματα,Poetry,grc/pancrates-arcadia-epigrams-jqu-ab.grc.md,3152,1714
jqu,jqu-aa,pancrates-of-arcadia,pancrates-arcadia-sea-creatures,Fragments on Sea Creatures,Ἀποσπάσματα περὶ τῶν ἐν θαλάσσῃ Ζῴων,Poetry,grc/pancrates-arcadia-sea-creatures-jqu-aa.grc.md,2946,1876
pge,pge-aa,pancrates-of-egypt,pancrates-egypt-antinous-hadrian,Fragments on Antinous and Hadrian,Ἀποσπάσματα περὶ Ἀντινόου καὶ Ἁδριανοῦ,Epic,grc/pancrates-egypt-antinous-hadrian-pge-aa.grc.md,7120,2140
pge,pge-ab,pancrates-of-egypt,pancrates-egypt-testimony,Testimony,Μαρτυρία,Epic,grc/pancrates-egypt-testimony-pge-ab.grc.md,3503,1617
avo,avo-aa,panteleius-the-epic-poet,panteleius-warrior-of-unyielding-bronze,Warrior of Unyielding Bronze,Ἀπόσπασμα,Epic,grc/panteleius-warrior-of-unyielding-bronze-avo-aa.grc.md,3009,1915
bok,bok-ab,panyassis-of-halicarnassus,panyassis-halicarnassus-epic-fragments,Epic Fragments,Ἡρωϊκὰ Ἀποσπάσματα,Epic,grc/panyassis-halicarnassus-epic-fragments-bok-ab.grc.md,8329,1724
bok,bok-aa,panyassis-of-halicarnassus,panyassis-halicarnassus-epic-fragments,Epic Fragments,Ἡρωϊκὰ Ἀποσπάσματα,Epic,grc/panyassis-halicarnassus-epic-fragments-bok-aa.grc.md,8782,2060
txs,txs-aa,pappus-of-alexandria,pappus-alexandria-commentary-ptolemy-syntax,Commentary-Ptolemy's Mathematical Syntax 5–6,Ὑπόμνημα εἰς Πτολεμαίου Μαθηματικὴν Σύνταξιν,Mathematics,grc/pappus-alexandria-commentary-ptolemy-syntax-txs-aa.grc.md,656705,2210
txs,txs-ab,pappus-of-alexandria,pappus-alexandria-synagogue,Synagogue,Συναγωγή,Mathematics,grc/pappus-alexandria-synagogue-txs-ab.grc.md,1334485,2264
sei,sei-aa,pappus-the-alchemist,pappus-oath,Pappus the Philosopher Oath,Πάππου φιλοσόφου ὅρκος,Science,grc/pappus-oath-sei-aa.grc.md,4948,2241
jre,jre-ab,paradoxographer-anon,paradoxographer-anon-brotherly-friends,On Brotherly Friends,Περὶ ἀδελφικῶν φίλων,History,grc/paradoxographer-anon-brotherly-friends-jre-ab.grc.md,3249,1899
jre,jre-ag,paradoxographer-anon,paradoxographer-anon-friends,On Friends,Περὶ φίλων,History,grc/paradoxographer-anon-friends-jre-ag.grc.md,2565,1365
jre,jre-ac,paradoxographer-anon,paradoxographer-anon-incredible-things,On Incredible Things,Περὶ ἀπίστων,History,grc/paradoxographer-anon-incredible-things-jre-ac.grc.md,21118,2041
jre,jre-af,paradoxographer-anon,paradoxographer-anon-impious,On the Impious,Περὶ τῶν ἀσεβῶν,History,grc/paradoxographer-anon-impious-jre-af.grc.md,5362,1485
jre,jre-ad,paradoxographer-anon,paradoxographer-anon-transformations,On Transformations,Περὶ μεταμορφώσεων,History,grc/paradoxographer-anon-transformations-jre-ad.grc.md,5078,1562
jre,jre-ae,paradoxographer-anon,paradoxographer-anon-women,Treatise-Women,Περὶ γυναικῶν,History,grc/paradoxographer-anon-women-jre-ae.grc.md,15558,1964
jre,jre-aa,paradoxographer-anon,paradoxographer-anon-ruined-houses,Which Houses Were Ruined by Women,Τίνες οἶκοι ἀνάστατοι διὰ γυναῖκας ἐγένοντο,History,grc/paradoxographer-anon-ruined-houses-jre-aa.grc.md,2823,1730
bke,bke-ab,parmenides-of-elea,parmenides-elea-nature-being,On the Nature of Being,Ἀποσπάσματα,Philosophy,grc/parmenides-elea-nature-being-bke-ab.grc.md,36808,2682
bke,bke-aa,parmenides-of-elea,parmenides-elea-testimonies,Testimonies,Μαρτυρίαι,Philosophy,grc/parmenides-elea-testimonies-bke-aa.grc.md,48719,2266
lay,lay-aa,parmeniscus-the-philosopher,parmeniscus-testimonies,Testimonies,Μαρτυρίαι,Philosophy,grc/parmeniscus-testimonies-lay-aa.grc.md,3630,1468
gls,gls-aa,parmenon-the-iambic-poet,parmenon-drunken-revelry-travel,Drunken Revelry and Travel,Ἀποσπάσματα,Poetry,grc/parmenon-drunken-revelry-travel-gls-aa.grc.md,2494,1753
gls,gls-ab,parmenon-the-iambic-poet,parmenon-egyptian-cities,Fragments on Egyptian Cities,Ἀποσπάσματα περὶ Αἰγυπτιακῶν Πόλεων,Poetry,grc/parmenon-egyptian-cities-gls-ab.grc.md,2399,1715
rto,rto-aa,parodica-anonyma,parodica-anon-uncertain-fragments,Fragments of Uncertain Works,Ἀποσπάσματα Ἀδήλων Ἔργων,Poetry,grc/parodica-anon-uncertain-fragments-rto-aa.grc.md,6877,1293
mje,mje-ab,parodist-anon,parodist-anon-frogs-mice,Battle of Frogs and Mice,Βατραχομυομαχία,Poetry,grc/parodist-anon-frogs-mice-mje-ab.grc.md,28812,1945
mje,mje-aa,parodist-anon,parodist-anon-frogs-mice,"Battle of Frogs and Mice, Byzantine Prosody",Βατραχομυομαχία,Poetry,grc/parodist-anon-frogs-mice-mje-aa.grc.md,6484,2212
avy,avy-aa,paron-of-miletus,paron-miletus-testimony,Testimony,Μαρτυρία,Philosophy,grc/paron-miletus-testimony-avy-aa.grc.md,2609,1497
ewe,ewe-aa,parrhasius-of-ephesus,parrhasius-ephesus-epigrams,Epigrams,Ἐπιγράμματα,Poetry,grc/parrhasius-ephesus-epigrams-ewe-aa.grc.md,2871,1704
npm,npm-aa,parthax-the-historian,parthax-italian-geography,Fragments of Italian Geography,Ἀποσπάσματα περὶ τῆς Ἰταλικῆς Γεωγραφίας,History,grc/parthax-italian-geography-npm-aa.grc.md,2926,1715
oec,oec-aa,parthenius-of-nicaea,parthenius-nicaea-fragments,Fragments and Titles,Ἀποσπάσματα καὶ Τίτλοι,Fiction,grc/parthenius-nicaea-fragments-oec-aa.grc.md,8785,2206
oec,oec-ac,parthenius-of-nicaea,parthenius-nicaea-love-stories,Love Stories,Ἐρωτικὰ Παθήματα,Fiction,grc/parthenius-nicaea-love-stories-oec-ac.grc.md,91799,2238
oec,oec-ab,parthenius-of-nicaea,parthenius-nicaea-remains-poetry,Remains of Poetry,Λείψανα Ποιήσεως,Fiction,grc/parthenius-nicaea-remains-poetry-oec-ab.grc.md,5253,1760
gmc,gmc-aa,patrocles-of-thurii,patrocles-thurii-vicissitudes-fate,On the Vicissitudes of Fate,Ἀποσπάσματα,Drama,grc/patrocles-thurii-vicissitudes-fate-gmc-aa.grc.md,2259,1344
hto,hto-aa,patrocles-the-historian,patrocles-geographical-india,Geographical Fragments on India,Ἀποσπάσματα περὶ τῆς Ἰνδικῆς,History,grc/patrocles-geographical-india-hto-aa.grc.md,7654,1597
sum,sum-aa,paul-of-alexandria,paul-alexandria-astrology,Elements of Astrology,Στοιχεῖα Ἀστρολογίας,Science,grc/paul-alexandria-astrology-sum-aa.grc.md,188631,1634
sum,sum-ab,paul-of-alexandria,paul-alexandria-summary,Summary,Σύνοψις,Science,grc/paul-alexandria-summary-sum-ab.grc.md,13561,1819
vfo,vfo-aa,paul-the-silentiary,paul-silentiary-hagia-sophia,Description of Hagia Sophia,Περὶ τῆς Ἁγίας Σοφίας,Poetry,grc/paul-silentiary-hagia-sophia-vfo-aa.grc.md,99314,1952
vfo,vfo-ab,paul-the-silentiary,paul-silentiary-ambo,Description of the Ambo,Περὶ τοῦ Ἄμβωνος,Poetry,grc/paul-silentiary-ambo-vfo-ab.grc.md,30661,1726
eqk,eqk-aa,pausanias-and-xerxes-letters,pausanias-xerxes-letters-correspondence,Letters of Pausanias and Xerxes,Ἐπιστολαὶ Παυσανίου καὶ Ξέρξου,History,grc/pausanias-xerxes-letters-correspondence-eqk-aa.grc.md,4060,2000
qpe,qpe-aa,pausanias-periegete,pausanias-periegete-attic-names,Collection of Attic Names,Ἀττικῶν ὀνομάτων συναγωγή,Geography,grc/pausanias-periegete-attic-names-qpe-aa.grc.md,269284,1905
qvs,qvs-aa,pausanias-periegete,pausanias-description-greece,Description of Greece,Ἑλλάδος Περιηγήσεως,Geography,grc/pausanias-description-greece-qvs-aa.grc.md,2717285,1771
pqe,pqe-aa,pausanias-the-periegete,pausanias-cities,Fragments on Cities,Ἀποσπάσματα περὶ Πόλεων,History,grc/pausanias-cities-pqe-aa.grc.md,22773,1714
uic,uic-aa,pectorius-epitaph-anon,pectorius-epitaph-text,Epitaph,Ἐπιτάφιον,Poetry,grc/pectorius-epitaph-text-uic-aa.grc.md,3497,2214
gay,gay-aa,peirazomene-anon,peirazomene-maenadic-plea,Fragments of a Maenadic Plea,Ἀποσπάσματα Μαινάδος Ἐντεύξεως,Poetry,grc/peirazomene-maenadic-plea-gay-aa.grc.md,3605,1559
alo,alo-ab,peisander-of-camirus,peisander-camirus-epigram,Epigram,Ἐπίγραμμα,Epic,grc/peisander-camirus-epigram-alo-ab.grc.md,2041,1356
alo,alo-aa,peisander-of-camirus,peisander-camirus-fragments-heraclea,Fragments of Heraclea,Ἀποσπάσματα Ἡρακλείας,Epic,grc/peisander-camirus-fragments-heraclea-alo-aa.grc.md,2625,1895
rki,rki-aa,peisander-of-laranda,peisander-laranda-mythological-figures,Fragments on Mythological Figures,Ἀποσπάσματα περὶ Μυθικῶν Προσώπων,Epic,grc/peisander-laranda-mythological-figures-rki-aa.grc.md,2746,1864
sxo,sxo-aa,pelagius-the-theologian,pelagius-divine-sacred-art,Pelagius the Philosopher-This Divine and Sacred Art,Πελαγίου φιλοσόφου περὶ τῆς θείας ταύτης καὶ ἱερᾶς,Science,grc/pelagius-divine-sacred-art-sxo-aa.grc.md,24508,2231
dio,dio-aa,pempelus-ps,pempelus-honor-parents,On the Honor Due to Parents,Ἀποσπάσματα,Philosophy,grc/pempelus-honor-parents-dio-aa.grc.md,4579,1441
aoq,aoq-aa,periander-of-corinth,periander-corinth-letters,Letters of Periander,Ἐπιστολαὶ Περίανδρου,Philosophy,grc/periander-corinth-letters-aoq-aa.grc.md,3592,2024
cqm,cqm-aa,perictione-i-mother-of-plato,perictione-harmony-women,On the Harmony of Women,Ἀποσπάσματα,Philosophy,grc/perictione-harmony-women-cqm-aa.grc.md,16286,2153
oga,oga-aa,periplus-erythraean-anon,periplus-erythraean-sea-navigation-guide,Periplus of the Erythraean Sea,Ἀνώνυμος Περίπλους τῆς Ἐρυθρᾶς Θαλάσσης,Geography,grc/periplus-erythraean-sea-navigation-guide-oga-aa.grc.md,81893,2221
ium,ium-aa,persaeus-of-citium,persaeus-citium-philosophical-fragments,Persaeus's Philosophical Fragments,Ἀποσπάσματα,Philosophy,grc/persaeus-citium-philosophical-fragments-ium-aa.grc.md,25999,2223
nqg,nqg-aa,petronius-arbiter,petronius-testimony,Testimony,Μαρτυρία,Philosophy,grc/petronius-testimony-nqg-aa.grc.md,3421,1630
jro,jro-aa,phaedimus-of-bisanthe,phaedimus-bisanthe-epigrams,Epigrams,Ἐπιγράμματα,Poetry,grc/phaedimus-bisanthe-epigrams-jro-aa.grc.md,4381,1826
flo,flo-aa,phaenias-of-eresus,phaenias-eresus-aristotelian-philosophy,Fragments on Aristotelian Philosophy,Ἀποσπάσματα περὶ τῆς Ἀριστοτελικῆς Φιλοσοφίας,Philosophy,grc/phaenias-eresus-aristotelian-philosophy-flo-aa.grc.md,45633,1986
auk,auk-aa,phalaris-of-acragas,phalaris-acragas-ethical-letters,Ethical Letters,Ἐπιστολαί,,grc/phalaris-acragas-ethical-letters-auk-aa.grc.md,229973,1684
iys,iys-aa,phanocles-the-elegiac-poet,phanocles-orpheus-fragments,Fragments on Orpheus,Ἀποσπάσματα περὶ Ὀρφέως,Poetry,grc/phanocles-orpheus-fragments-iys-aa.grc.md,5007,1956
fvy,fvy-aa,phanodemus-of-athens,phanodemus-athens-atthid-lore,Atthid Fragments on Athenian Lore,Ἀποσπάσματα περὶ τῶν Ἀθηναϊκῶν Παραδόσεων,History,grc/phanodemus-athens-atthid-lore-fvy-aa.grc.md,15871,2409
jry,jry-aa,phanodicus,phanodicus-delian-legends,Fragments on Delian Legends,Ἀποσπάσματα περὶ τῶν Δηλίων Μύθων,History,grc/phanodicus-delian-legends-jry-aa.grc.md,5291,1612
dxy,dxy-aa,pherecrates-the-comic-poet,pherecrates-daily-life,Fragments on Daily Life,Ἀποσπάσματα περὶ Βίου Καθημερινοῦ,Comedy,grc/pherecrates-daily-life-dxy-aa.grc.md,39997,2075
dxy,dxy-ab,pherecrates-the-comic-poet,pherecrates-gluttony-slaves,Fragments on Gluttony and Slaves,Ἀποσπάσματα περὶ Λαιμαργίας καὶ Δούλων,Comedy,grc/pherecrates-gluttony-slaves-dxy-ab.grc.md,35429,1964
dxy,dxy-ac,pherecrates-the-comic-poet,pherecrates-human-affairs,Fragments on Human Affairs,Ἀποσπάσματα περὶ τῶν Ἀνθρωπίνων Πραγμάτων,Comedy,grc/pherecrates-human-affairs-dxy-ac.grc.md,3946,2111
bvi,bvi-aa,pherecydes-of-athens,pherecydes-athens-dionysus,Fragments on Dionysus,Ἀποσπάσματα περὶ Διονύσου,History,grc/pherecydes-athens-dionysus-bvi-aa.grc.md,126558,2050
aza,aza-aa,pherecydes-of-syros,pherecydes-syros-death-illness,Fragments on Death and Illness,Ἀπόσπασμα περὶ Θανάτου καὶ Νόσου,,grc/pherecydes-syros-death-illness-aza-aa.grc.md,3821,2081
bcw,bcw-ab,pherecydes-of-syros,pherecydes-syros-cosmology,Fragments on Cosmology,Ἀποσπάσματα περὶ Κοσμολογίας,Philosophy,grc/pherecydes-syros-cosmology-bcw-ab.grc.md,12342,2231
bcw,bcw-aa,pherecydes-of-syros,pherecydes-syros-testimonies,Testimonies,Μαρτυρίαι,Philosophy,grc/pherecydes-syros-testimonies-bcw-aa.grc.md,16377,1689
gbi,gbi-aa,pherenicus-of-heraclea,pherenicus-heraclea-hyperboreans,Fragments on the Hyperboreans,Ἀποσπάσματα περὶ Ὑπερβορέων,Epic,grc/pherenicus-heraclea-hyperboreans-gbi-aa.grc.md,2272,1513
lpe,lpe-ad,philemon-syracusius,philemon-syracusius-comic-fragments,Comic Fragments on Aristomedes,Ἀποσπάσματα περὶ Ἀριστομέδους Κωμικά,Comedy,grc/philemon-syracusius-comic-fragments-lpe-ad.grc.md,4193,2058
lpe,lpe-ac,philemon-syracusius,philemon-syracusius-comedy-fragments,Fragments from a Comedy,Ἀποσπάσματα Κωμῳδίας,Comedy,grc/philemon-syracusius-comedy-fragments-lpe-ac.grc.md,2948,1789
lpe,lpe-aa,philemon-syracusius,philemon-syracusius-human-nature-solon-law,On Human Nature and Solon's Law,Ἀποσπάσματα,Comedy,grc/philemon-syracusius-human-nature-solon-law-lpe-aa.grc.md,62056,1362
lpe,lpe-ae,philemon-syracusius,philemon-syracusius-slavery-nature,On Slavery and Human Nature,Ἀποσπάσματα,Comedy,grc/philemon-syracusius-slavery-nature-lpe-ae.grc.md,3116,1719
lpe,lpe-ab,philemon-syracusius,philemon-syracusius-solon-brothels,On Solon's Public Brothels,Ἀποσπάσματα,Comedy,grc/philemon-syracusius-solon-brothels-lpe-ab.grc.md,59406,1700
lig,lig-ab,philemon-the-younger,philemon-younger-culinary-medical-dialogues,Culinary and Medical Dialogues,Ἀποσπάσματα,Comedy,grc/philemon-younger-culinary-medical-dialogues-lig-ab.grc.md,3326,1863
lig,lig-aa,philemon-the-younger,philemon-younger-culinary-medical-dialogues,Culinary and Medical Dialogues,Ἀποσπάσματα,Comedy,grc/philemon-younger-culinary-medical-dialogues-lig-aa.grc.md,3185,1693
gcm,gcm-aa,philetaerus-the-comic-poet,philetaerus-comic-life-pleasure,Comic Fragments on Life and Pleasure,Ἀποσπάσματα περὶ Βίου καὶ Ἡδονῆς,Comedy,grc/philetaerus-comic-life-pleasure-gcm-aa.grc.md,6499,1886
gcm,gcm-ab,philetaerus-the-comic-poet,philetaerus-health-pleasure,Fragments on Health and Pleasure,Ἀποσπάσματα περὶ Ὑγιείας καὶ Ἡδονῆς,Comedy,grc/philetaerus-health-pleasure-gcm-ab.grc.md,6391,1938
hvm,hvm-ac,philetas-of-cos,philetas-cos-endurance-fate,Fragments of Endurance and Fate,Ἀποσπάσματα Καρτερίας καὶ Μοίρας,Poetry,grc/philetas-cos-endurance-fate-hvm-ac.grc.md,6572,1951
hvm,hvm-ad,philetas-of-cos,philetas-cos-demeter-places,Fragments on Demeter and Places,Ἀποσπάσματα περὶ Δήμητρος καὶ Τόπων,Poetry,grc/philetas-cos-demeter-places-hvm-ad.grc.md,2993,2221
hvm,hvm-aa,philetas-of-cos,philetas-cos-grammatical-fragments,Grammatical Fragments,Γραμματικὰ Ἀποσπάσματα,Poetry,grc/philetas-cos-grammatical-fragments-hvm-aa.grc.md,13005,1836
hvm,hvm-ab,philetas-of-cos,philetas-cos-poetic-fragments,Poetic Fragments,Ποιητικὰ Ἀποσπάσματα,Poetry,grc/philetas-cos-poetic-fragments-hvm-ab.grc.md,6342,1856
ick,ick-aa,philicus-of-corcyra,philicus-corcyra-hymn-demeter-persephone,Hymn to Demeter and Persephone,Ἀποσπάσματα,Poetry,grc/philicus-corcyra-hymn-demeter-persephone-ick-aa.grc.md,7264,1912
jgk,jgk-aa,philinus-of-acragas,philinus-acragas-first-punic-war,Fragments on the First Punic War,Ἀποσπάσματα περὶ τοῦ Πρώτου Πολεμικοῦ Πολέμου,History,grc/philinus-acragas-first-punic-war-jgk-aa.grc.md,13731,2386
fxc,fxc-aa,philip-ii-king-of-macedonia,philip-ii-macedonia-diplomatic-letters,Philip's Diplomatic Letters,Ἐπιστολαί,,grc/philip-ii-macedonia-diplomatic-letters-fxc-aa.grc.md,32335,1716
hgc,hgc-ab,philippides-the-comic-poet,philippides-food-marriage-fragments,Comic Fragments on Food and Marriage,Ἀποσπάσματα περὶ Τροφῆς καὶ Γάμου,Comedy,grc/philippides-food-marriage-fragments-hgc-ab.grc.md,8323,1949
hgc,hgc-aa,philippides-the-comic-poet,philippides-marriage-fragments,Fragments on Marriage,Ἀποσπάσματα περὶ Γάμου,Comedy,grc/philippides-marriage-fragments-hgc-aa.grc.md,8626,1563
hoy,hoy-aa,philippus-of-theangela,philippus-theangela-carians-leleges,On the Carians and Leleges,Ἀποσπάσματα,History,grc/philippus-theangela-carians-leleges-hoy-aa.grc.md,4365,2069
gcw,gcw-ab,philiscus-of-athens,philiscus-athens-rhetoric-cities,Fragments on Rhetoric and Cities,Ἀποσπάσματα περὶ Ῥητορικῆς καὶ Πόλεων,Comedy,grc/philiscus-athens-rhetoric-cities-gcw-ab.grc.md,2421,1594
gcw,gcw-aa,philiscus-of-athens,philiscus-athens-aphorisms,Political and Moral Aphorisms,Ἀποσπάσματα,Comedy,grc/philiscus-athens-aphorisms-gcw-aa.grc.md,2467,1597
gcw,gcw-ac,philiscus-of-athens,philiscus-athens-rhea-lament,Rhea's Lament to Cronus,Ἀποσπάσματα,Comedy,grc/philiscus-athens-rhea-lament-gcw-ac.grc.md,3413,1790
fog,fog-aa,philiscus-of-miletus,philiscus-miletus-hymn-virtue,Hymn to Lysias on Virtue,Ἀπόσπασμα,Oratory,grc/philiscus-miletus-hymn-virtue-fog-aa.grc.md,2830,1766
drk,drk-aa,philistus-of-syracuse,philistus-syracuse-sicilian-histories,Fragments of Sicilian Histories,Ἀποσπάσματα τῶν Σικελικῶν Ἱστοριῶν,History,grc/philistus-syracuse-sicilian-histories-drk-aa.grc.md,26203,2627
kiw,kiw-aa,phillis-of-delos,phillis-delos-music-chronology,On Music and Chronology,Ἀποσπάσματα,History,grc/phillis-delos-music-chronology-kiw-aa.grc.md,4592,1593
jgu,jgu-aa,philo-byzantium,philo-byzantium-seven-wonders,On the Seven Wonders of the World,Περὶ τῶν Ἑπτὰ Θαυμάτων τοῦ Κόσμου,Science,grc/philo-byzantium-seven-wonders-jgu-aa.grc.md,22325,2373
lgi,lgi-bf,philo-of-alexandria,philo-alexandria-against-flaccus,Against Flaccus,Κατὰ Φλάκκου,Philosophy,grc/philo-alexandria-against-flaccus-lgi-bf.grc.md,123299,1769
lgi,lgi-aa,philo-of-alexandria,philo-alexandria-allegorical-interpretation-1,"Allegorical Interpretation of the Sacred Laws, Book I",Νόμων ἱερῶν ἀλληγορίαι μετὰ τὴν ἑξαήμερον (α'),Philosophy,grc/philo-alexandria-allegorical-interpretation-1-lgi-aa.grc.md,394757,2833
lgi,lgi-bd,philo-of-alexandria,philo-alexandria-embassy-gaius,Embassy to Gaius,Πρεσβεία πρὸς Γάϊον,Philosophy,grc/philo-alexandria-embassy-gaius-lgi-bd.grc.md,238243,2259
lgi,lgi-ax,philo-of-alexandria,philo-alexandria-uncertain-fragments,Fragments of Uncertain Work,Ἀποσπάσματα Ἀδήλου Ἔργου,Philosophy,grc/philo-alexandria-uncertain-fragments-lgi-ax.grc.md,3530,2506
lgi,lgi-bk,philo-of-alexandria,philo-alexandria-flattery-virtue,Fragments on Flattery and Virtue,Ἀποσπάσματα περὶ Κολακείας καὶ Ἀρετῆς,Philosophy,grc/philo-alexandria-flattery-virtue-lgi-bk.grc.md,8660,2100
lgi,lgi-ai,philo-of-alexandria,philo-alexandria-hypothetica-apology,Hypothetica or Apology for the Jews,Ὑποθετικά ἢ Ἀπολογία ὑπὲρ Ἰουδαίων,Philosophy,grc/philo-alexandria-hypothetica-apology-lgi-ai.grc.md,33791,2104
lgi,lgi-ac,philo-of-alexandria,philo-alexandria-on-abraham,On Abraham,Περὶ Ἀβραάμ,Philosophy,grc/philo-alexandria-on-abraham-lgi-ac.grc.md,177017,3038
lgi,lgi-bh,philo-of-alexandria,philo-alexandria-agriculture,On Agriculture,Περὶ γεωργίας,Philosophy,grc/philo-alexandria-agriculture-lgi-bh.grc.md,121977,2495
lgi,lgi-bl,philo-of-alexandria,philo-alexandria-on-dreams,On Dreams,Περὶ Ἐνυπνίων,Philosophy,grc/philo-alexandria-on-dreams-lgi-bl.grc.md,342194,1963
lgi,lgi-bc,philo-of-alexandria,philo-alexandria-drunkenness-2,On Drunkenness II,Περὶ Μέθης Β',Philosophy,grc/philo-alexandria-drunkenness-2-lgi-bc.grc.md,9631,2046
lgi,lgi-ap,philo-of-alexandria,philo-alexandria-drunkenness-1,"On Drunkenness, Book I",Περὶ μέθης (α'),Philosophy,grc/philo-alexandria-drunkenness-1-lgi-ap.grc.md,154035,2331
lgi,lgi-al,philo-of-alexandria,philo-alexandria-flight-and-finding,On Flight and Finding,Περὶ φυγῆς καὶ εὑρέσεως,Philosophy,grc/philo-alexandria-flight-and-finding-lgi-al.grc.md,144538,2708
lgi,lgi-bn,philo-of-alexandria,philo-alexandria-on-god,On God,Περὶ Θεοῦ,Philosophy,grc/philo-alexandria-on-god-lgi-bn.grc.md,4388,1950
lgi,lgi-bm,philo-of-alexandria,philo-alexandria-joseph,On Joseph,Περὶ Ἰωσήφ,Philosophy,grc/philo-alexandria-joseph-lgi-bm.grc.md,175593,1834
lgi,lgi-ao,philo-of-alexandria,philo-alexandria-noahs-planting,On Noah's Planting,Περὶ φυτουργίας Νῶε,Philosophy,grc/philo-alexandria-noahs-planting-lgi-ao.grc.md,118742,2691
lgi,lgi-az,philo-of-alexandria,philo-alexandria-numbers-arithmetic,On Numbers or Arithmetic,Περὶ ἀριθμῶν Ἀριθμητικά,Philosophy,grc/philo-alexandria-numbers-arithmetic-lgi-az.grc.md,117855,1963
lgi,lgi-bi,philo-of-alexandria,philo-alexandria-providence,On Providence,Περὶ Προνοίας,Philosophy,grc/philo-alexandria-providence-lgi-bi.grc.md,58575,2031
lgi,lgi-ah,philo-of-alexandria,philo-alexandria-rewards-punishments-curses,"On Rewards, Punishments, and Curses",Περὶ ἀθλῶν καὶ ἐπιτιμίων καὶ ἀρῶν,Philosophy,grc/philo-alexandria-rewards-punishments-curses-lgi-ah.grc.md,123895,2336
lgi,lgi-aq,philo-of-alexandria,philo-alexandria-on-sobriety,On Sobriety,Περὶ ὧν νήψας ὁ Νῶε,Philosophy,grc/philo-alexandria-on-sobriety-lgi-aq.grc.md,49686,2857
lgi,lgi-bg,philo-of-alexandria,philo-alexandria-special-laws,On Special Laws,Περὶ τῶν Εἰδικῶν Νόμων,Philosophy,grc/philo-alexandria-special-laws-lgi-bg.grc.md,759200,2111
lgi,lgi-ab,philo-of-alexandria,philo-alexandria-birth-of-abel,On the Birth of Abel and the Sacrifices,Περὶ γενέσεως Ἅβελ καὶ τῶν θυσιῶν,Philosophy,grc/philo-alexandria-birth-of-abel-lgi-ab.grc.md,127560,2000
lgi,lgi-ba,philo-of-alexandria,philo-alexandria-change-names,On the Change of Names,Περὶ Μεταβολῆς Ὀνομάτων,Philosophy,grc/philo-alexandria-change-names-lgi-ba.grc.md,172663,2185
lgi,lgi-ak,philo-of-alexandria,philo-alexandria-on-the-cherubim,On the Cherubim,Περὶ τῶν Χερουβίμ,Philosophy,grc/philo-alexandria-on-the-cherubim-lgi-ak.grc.md,101702,2770
lgi,lgi-ar,philo-of-alexandria,philo-alexandria-confusion-of-tongues,On the Confusion of Tongues,Περὶ συγχύσεως διαλέκτων,Philosophy,grc/philo-alexandria-confusion-of-tongues-lgi-ar.grc.md,139483,2873
lgi,lgi-ad,philo-of-alexandria,philo-alexandria-contemplative-life,On the Contemplative Life,Περὶ τοῦ Θεωρητικοῦ Βίου,Philosophy,grc/philo-alexandria-contemplative-life-lgi-ad.grc.md,64649,2192
lgi,lgi-aw,philo-of-alexandria,philo-alexandria-creation-world,On the Creation of the World,Περὶ τῆς δημιουργίας τοῦ κόσμου,Philosophy,grc/philo-alexandria-creation-world-lgi-aw.grc.md,172535,2898
lgi,lgi-be,philo-of-alexandria,philo-alexandria-decalogue,On the Decalogue,Περὶ τοῦ Δεκαλόγου,Philosophy,grc/philo-alexandria-decalogue-lgi-be.grc.md,114231,1806
lgi,lgi-an,philo-of-alexandria,philo-alexandria-on-the-giants,On the Giants,Περὶ γιγάντων,Philosophy,grc/philo-alexandria-on-the-giants-lgi-an.grc.md,45229,2728
lgi,lgi-ae,philo-of-alexandria,philo-alexandria-incorruptibility-world,On the Incorruptibility of the World,Περὶ ἀφθαρσίας κόσμου,Philosophy,grc/philo-alexandria-incorruptibility-world-lgi-ae.grc.md,121084,2197
lgi,lgi-aj,philo-of-alexandria,philo-alexandria-life-of-moses,"On the Life of Moses, Books I-II",Περὶ τοῦ Βίου Μωυσέως,Philosophy,grc/philo-alexandria-life-of-moses-lgi-aj.grc.md,421183,2593
lgi,lgi-ay,philo-of-alexandria,philo-alexandria-migration-abraham,On the Migration of Abraham,Περὶ τῆς μεταναστεύσεως τοῦ Ἀβραάμ,Philosophy,grc/philo-alexandria-migration-abraham-lgi-ay.grc.md,164533,2297
lgi,lgi-am,philo-of-alexandria,philo-alexandria-posterity-of-cain,On the Posterity of Cain,Περὶ τῶν τοῦ δοκησισόφου Κάιν ἐγγόνων,Philosophy,grc/philo-alexandria-posterity-of-cain-lgi-am.grc.md,146657,3321
lgi,lgi-as,philo-of-alexandria,philo-alexandria-preliminary-studies,On the Preliminary Studies,Περὶ τῆς πρὸς τὰ προπαιδεύματα συνόδου,Philosophy,grc/philo-alexandria-preliminary-studies-lgi-as.grc.md,119685,3300
lgi,lgi-bj,philo-of-alexandria,philo-alexandria-virtues,On Virtues,Περὶ Ἀρετῶν,Philosophy,grc/philo-alexandria-virtues-lgi-bj.grc.md,165873,2086
lgi,lgi-av,philo-of-alexandria,philo-alexandria-questions-exodus,Questions on Exodus,Ζητήματα ἐν Ἐξόδῳ,Philosophy,grc/philo-alexandria-questions-exodus-lgi-av.grc.md,47678,2041
lgi,lgi-au,philo-of-alexandria,philo-alexandria-questions-genesis,Questions on Genesis,Ζητήματα ἐν Γενέσει,Philosophy,grc/philo-alexandria-questions-genesis-lgi-au.grc.md,117792,2078
lgi,lgi-af,philo-of-alexandria,philo-alexandria-every-good-person-free,That Every Good Person Is Free,Ὅτι Πᾶς Ἀγαθὸς Ἐλεύθερος,Philosophy,grc/philo-alexandria-every-good-person-free-lgi-af.grc.md,105534,2425
lgi,lgi-bb,philo-of-alexandria,philo-alexandria-god-immutable,That God is Immutable,Ὅτι ὁ Θεὸς ἄτρεπτος ἐστίν,Philosophy,grc/philo-alexandria-god-immutable-lgi-bb.grc.md,118901,2336
lgi,lgi-ag,philo-of-alexandria,philo-alexandria-worse-attacks-better,That the Worse Is Wont to Attack the Better,Περὶ τοῦ τὸ χεῖρον τῷ κρείττονι φιλεῖν ἐπιτίθεσθαι,Philosophy,grc/philo-alexandria-worse-attacks-better-lgi-ag.grc.md,147828,2807
lgi,lgi-at,philo-of-alexandria,philo-alexandria-heir-divine,Who is the Heir of Divine Things,Τίς ἐστιν ὁ κληρονόμος τῶν θείων,Philosophy,grc/philo-alexandria-heir-divine-lgi-at.grc.md,206622,2585
mcq,mcq-aa,philo-of-alexandria-the-elder,philo-alexandria-abraham-patriarchs,Fragments on Abraham and Patriarchs,Ἀποσπάσματα περὶ Ἀβραὰμ καὶ τῶν Πατριαρχῶν,Epic,grc/philo-alexandria-abraham-patriarchs-mcq-aa.grc.md,4821,2202
jhe,jhe-ab,philo-of-byzantium,philo-byzantium-war-machines,Art of War Machines,Τέχνη πολεμικῶν μηχανημάτων,Science,grc/philo-byzantium-war-machines-jhe-ab.grc.md,132175,2057
jhe,jhe-aa,philo-of-byzantium,philo-byzantium-preparations-siegecraft,Preparations and Siegecraft,Προπαρασκευαὶ καὶ πολιορκητικά,Science,grc/philo-byzantium-preparations-siegecraft-jhe-aa.grc.md,117196,2164
nkc,nkc-aa,philo-of-tarsus-the-physician,philo-tarsus-medicinal-formulary,Philo's Medicinal Formulary,Ἀπόσπασμα,Medicine,grc/philo-tarsus-medicinal-formulary-nkc-aa.grc.md,3918,1497
lke,lke-ab,philochorus-of-athens,philochorus-athens-origins-customs,Atthís: Athenian Origins and Customs,Ἀποσπάσματα,History,grc/philochorus-athens-origins-customs-lke-ab.grc.md,202560,1985
lke,lke-ac,philochorus-of-athens,philochorus-athens-sacred-war-delphi,On the Sacred War at Delphi,Ἀπόσπασμα,History,grc/philochorus-athens-sacred-war-delphi-lke-ac.grc.md,3039,1933
lke,lke-aa,philochorus-of-athens,philochorus-athens-testimonies,Testimonies,Μαρτυρίαι,History,grc/philochorus-athens-testimonies-lke-aa.grc.md,5892,1432
hdk,hdk-aa,philodamus-of-scarpheia,philodamus-scarpheia-paean-dionysus,Paean to Dionysus,Παιὰν πρὸς Διόνυσον,Poetry,grc/philodamus-scarpheia-paean-dionysus-hdk-aa.grc.md,8309,2051
msu,msu-ac,philodemus-of-gadara,philodemus-of-gadara-index-stoicorum,Index of Stoics of Herculaneum,Σύνταξις τῶν φιλοσόφων (Index Stoikōn Herkoulanesion),Philosophy,grc/philodemus-of-gadara-index-stoicorum-msu-ac.grc.md,37069,1882
msu,msu-ad,philodemus-of-gadara,philodemus-of-gadara-on-anger,On Anger,Περὶ ὀργῆς,Philosophy,grc/philodemus-of-gadara-on-anger-msu-ad.grc.md,96464,506
msu,msu-ai,philodemus-of-gadara,philodemus-of-gadara-on-gods-viii-pherc-139,"On Gods, Book VIII (PHerc. 139)",Περὶ θεῶν (Η̅),Philosophy,grc/philodemus-of-gadara-on-gods-viii-pherc-139-msu-ai.grc.md,1245,600
msu,msu-ae,philodemus-of-gadara,philodemus-of-gadara-on-piety,On Piety,Περὶ εὐσεβείας,Philosophy,grc/philodemus-of-gadara-on-piety-msu-ae.grc.md,185603,520
msu,msu-ab,philodemus-of-gadara,philodemus-of-gadara-rhetoric,On Rhetoric,ΠΕΡΙ ΡΗΤΟΡΙΚΗΣ,Philosophy,grc/philodemus-of-gadara-rhetoric-msu-ab.grc.md,127076,2053
msu,msu-aa,philodemus-of-gadara,philodemus-of-gadara-existing-music-books,On the Existing Books of Music,Περὶ τῶν ὑπαρχόντων βιβλίων μουσικῆς,Philosophy,grc/philodemus-of-gadara-existing-music-books-msu-aa.grc.md,26800,1885
msu,msu-af,philodemus-of-gadara,philodemus-of-gadara-on-the-gods-iii,"On the Gods, Book III (On the Way of Life of the Gods)",Περὶ τῆς τῶν θεῶν διαγωγῆς (Γ),Philosophy,grc/philodemus-of-gadara-on-the-gods-iii-msu-af.grc.md,84092,686
msu,msu-ag,philodemus-of-gadara,philodemos-of-gadara-on-the-stoics-pherc-155,On the Stoics (PHerc. 155),Περὶ τῶν Στωικῶν,Philosophy,grc/philodemos-of-gadara-on-the-stoics-pherc-155-msu-ag.grc.md,12919,1940
msu,msu-ah,philodemus-of-gadara,philodemos-of-gadara-on-the-stoics-pherc-339,On the Stoics (PHerc. 339),Περὶ τῶν Στωικῶν,Philosophy,grc/philodemos-of-gadara-on-the-stoics-pherc-339-msu-ah.grc.md,25565,1855
bue,bue-ab,philolaus-of-croton,philolaus-croton-nature-cosmos,On the Nature of the Cosmos,Ἀποσπάσματα,Philosophy,grc/philolaus-croton-nature-cosmos-bue-ab.grc.md,26608,2250
bue,bue-ac,philolaus-of-croton,philolaus-croton-soul-cosmos,On the Soul and the Cosmos,Ἀποσπάσματα,Philosophy,grc/philolaus-croton-soul-cosmos-bue-ac.grc.md,5088,1775
bue,bue-aa,philolaus-of-croton,philolaus-croton-testimonies,Testimonies,Μαρτυρίαι,Philosophy,grc/philolaus-croton-testimonies-bue-aa.grc.md,37538,2101
oow,oow-aa,philon-of-byblos,philon-byblos-proper-expression,"On Proper Expression, Epitome under the Name of Herennius Philo",Περὶ κυριολεξίας,Grammar,grc/philon-byblos-proper-expression-oow-aa.grc.md,5938,2237
oow,oow-ab,philon-of-byblos,philon-byblos-alphabetical-meanings,On the Alphabetical Meanings of Words,Περὶ,Grammar,grc/philon-byblos-alphabetical-meanings-oow-ab.grc.md,31723,1628
oow,oow-ac,philon-of-byblos,philon-byblos-difference-words,On the Difference of Related Words,Περὶ Διαφορᾶς Συγγενῶν Λέξεων,Grammar,grc/philon-byblos-difference-words-oow-ac.grc.md,9782,1814
oow,oow-ae,philon-of-byblos,philon-byblos-knowledge-ages,On the Knowledge of Ages,Γνῶσις περὶ ἡλικιῶν,Grammar,grc/philon-byblos-knowledge-ages-oow-ae.grc.md,3170,1620
oow,oow-ad,philon-of-byblos,philon-byblos-meanings-words,On the Meanings of Words,Περὶ,Grammar,grc/philon-byblos-meanings-words-oow-ad.grc.md,105437,1815
oow,oow-ag,philon-of-byblos,philon-byblos-history,Phoenician History (Recension A),Ἀποσπάσματα,Grammar,grc/philon-byblos-history-oow-ag.grc.md,75554,2545
oow,oow-ah,philon-of-byblos,philon-byblos-history,Phoenician History (Recension B),Ἀποσπάσματα,Grammar,grc/philon-byblos-history-oow-ah.grc.md,62860,2520
oow,oow-af,philon-of-byblos,philon-byblos-testimonies,Testimonies,Μαρτυρίαι,Grammar,grc/philon-byblos-testimonies-oow-af.grc.md,4473,1526
gdg,gdg-aa,philonides-the-comic-poet,philonides-comic-vice-virtue,Comic Fragments on Vice and Virtue,Ἀποσπάσματα περὶ Κακίας καὶ Ἀρετῆς,Comedy,grc/philonides-comic-vice-virtue-gdg-aa.grc.md,3825,2000
gdg,gdg-ab,philonides-the-comic-poet,philonides-comic-morals,Fragments on Morals,Ἀποσπάσματα περὶ Ἠθικῶν,Comedy,grc/philonides-comic-morals-gdg-ab.grc.md,2713,1766
hwq,hwq-ab,philostephanus-of-cyrene,philostephanus-cyrene-sicily,Geographical Fragments on Sicily,Ἀποσπάσματα περὶ Σικελίας,History,grc/philostephanus-cyrene-sicily-hwq-ab.grc.md,2879,2202
hwq,hwq-aa,philostephanus-of-cyrene,philostephanus-cyrene-cities-asia,On the Cities in Asia,Ἀποσπάσματα,History,grc/philostephanus-cyrene-cities-asia-hwq-aa.grc.md,21220,1592
rlw,rlw-aa,philostratus-athenian,philostratus-athenian-images,Images,Εἰκόνες,Biography,grc/philostratus-athenian-images-rlw-aa.grc.md,266112,1680
rfi,rfi-aa,philostratus-the-athenian,philostratus-athens-apollonius-of-tyanas-life,Apollonius of Tyana's Life,Τὰ ἐς τὸν Τυανέα Ἀπολλώνιον,Oratory,grc/philostratus-athens-apollonius-of-tyanas-life-rfi-aa.grc.md,1025300,2212
rfi,rfi-af,philostratus-the-athenian,philostratus-athens-epigram,Epigram,Ἐπίγραμμα,Oratory,grc/philostratus-athens-epigram-rfi-af.grc.md,2775,1725
rfi,rfi-ad,philostratus-the-athenian,philostratus-athens-gymnastics,Gymnastics,Γυμναστικός,Oratory,grc/philostratus-athens-gymnastics-rfi-ad.grc.md,97637,1934
rfi,rfi-ae,philostratus-the-athenian,philostratus-athens-heroicus,Heroicus,Ἡρωικός,Oratory,grc/philostratus-athens-heroicus-rfi-ae.grc.md,263809,1646
rfi,rfi-ac,philostratus-the-athenian,philostratus-athens-letters-lectures,"Letters, Lectures",Ἐπιστολαί. Διαλέξεις.,Oratory,grc/philostratus-athens-letters-lectures-rfi-ac.grc.md,92798,2170
rfi,rfi-ab,philostratus-the-athenian,philostratus-athens-lives-sophists,Lives of the Sophists,Βίοι Σοφιστῶν,Oratory,grc/philostratus-athens-lives-sophists-rfi-ab.grc.md,366378,2095
rfi,rfi-ag,philostratus-the-athenian,philostratus-athens-nero,Nero,Νέρων,Oratory,grc/philostratus-athens-nero-rfi-ag.grc.md,14639,1992
riu,riu-aa,philostratus-the-lemnian,philostratus-lemnian-images,Images,Εἰκόνες,Oratory,grc/philostratus-lemnian-images-riu-aa.grc.md,87789,2082
nca,nca-aa,philoxenus-of-alexandria,philoxenus-alexandria-monosyllabic-verbs,On Monosyllabic Verbs,Ἀποσπάσματα,Grammar,grc/philoxenus-alexandria-monosyllabic-verbs-nca-aa.grc.md,403031,1811
dzc,dzc-aa,philoxenus-of-cythera,philoxenus-cythera-galatea-desire,Fragments on Galatea and Desire,Ἀποσπάσματα περὶ Γαλατείας καὶ Ἔρωτος,Poetry,grc/philoxenus-cythera-galatea-desire-dzc-aa.grc.md,3832,1952
dsy,dsy-aa,philoxenus-of-leucas,philoxenus-leucas-luxurious-banquet,Fragments of a Luxurious Banquet,Ἀποσπάσματα περὶ Δείπνου Τρυφεροῦ,Poetry,grc/philoxenus-leucas-luxurious-banquet-dsy-aa.grc.md,11867,1937
rsu,rsu-aa,philumenus-the-physician,philumenus-venomous-animals-remedies,On Venomous Animals and Their Remedies,Περὶ Δηλητηριωδῶν Ζῴων καὶ Ἰαμάτων,Medicine,grc/philumenus-venomous-animals-remedies-rsu-aa.grc.md,124937,2323
fdc,fdc-aa,philyllius-the-comic-poet,philyllius-comic-feast,Fragments of a Comic Feast,Ἀποσπάσματα Συμποσίου Κωμικοῦ,Comedy,grc/philyllius-comic-feast-fdc-aa.grc.md,5869,2044
fdc,fdc-ab,philyllius-the-comic-poet,philyllius-comic-feast,Fragments of a Comic Feast,Ἀποσπάσματα Συμποσίου Κωμικοῦ,Comedy,grc/philyllius-comic-feast-fdc-ab.grc.md,4869,1655
exi,exi-aa,phintys-of-sparta,phintys-sparta-female-modesty,On Female Modesty,Ἀποσπάσματα,Philosophy,grc/phintys-sparta-female-modesty-exi-aa.grc.md,11242,1898
ple,ple-ab,phlegon-of-tralles,phlegon-tralles-marvels,On Marvels,Περὶ θαυμάτων,History,grc/phlegon-tralles-marvels-ple-ab.grc.md,67209,2015
ple,ple-ac,phlegon-of-tralles,phlegon-tralles-olympic-games,On the Olympic Games,Ἀποσπάσματα,History,grc/phlegon-tralles-olympic-games-ple-ac.grc.md,135670,1752
ple,ple-aa,phlegon-of-tralles,phlegon-tralles-testimonies,Testimonies,Μαρτυρίαι,History,grc/phlegon-tralles-testimonies-ple-aa.grc.md,5302,1481
bdg,bdg-ab,phocylides-of-miletus,phocylides-miletus-epigrams,Epigram,Ἐπίγραμμα,Philosophy,grc/phocylides-miletus-epigrams-bdg-ab.grc.md,2274,1587
bdg,bdg-aa,phocylides-of-miletus,phocylides-miletus-sentences,Sentences,Γνῶμαι,Philosophy,grc/phocylides-miletus-sentences-bdg-aa.grc.md,5916,1632
prs,prs-aa,phoebammon-the-sophist,phoebammon-figures,On Figures,Περὶ Σχημάτων,Oratory,grc/phoebammon-figures-prs-aa.grc.md,41007,2576
jsi,jsi-aa,phoenicides-the-comic-poet,phoenicides-comic-courtesans,Fragments of Comic Courtesans,Ἀποσπάσματα Ἑταιρῶν Κωμικῶν,Comedy,grc/phoenicides-comic-courtesans-jsi-aa.grc.md,4673,1574
jsi,jsi-ab,phoenicides-the-comic-poet,phoenicides-feasting,Fragments on Feasting,Ἀποσπάσματα περὶ Εὐωχίας,Comedy,grc/phoenicides-feasting-jsi-ab.grc.md,5049,1959
ale,ale-aa,phoenix-of-colophon,phoenix-colophon-ninus-fragments,Fragments on Ninus the Assyrian,Ἀποσπάσματα περὶ Νίνου τοῦ Ἀσσυρίου,Poetry,grc/phoenix-colophon-ninus-fragments-ale-aa.grc.md,8765,1812
axw,axw-aa,phoronis,phoronis-fragments,"Phoronis, Fragments",Φορωνίς,Epic,grc/phoronis-fragments-axw-aa.grc.md,3207,1552
woy,woy-aa,photius-of-constantinople,photius-bibliotheca-codex-212,"Bibliotheca, Codex 212 (Aenesidemus, Pyrrhonian Discourses)","Βιβλιοθήκη, κῶδιξ σιβʹ",Grammar,grc/photius-bibliotheca-codex-212-woy-aa.grc.md,11749,644
woy,woy-ao,photius-of-constantinople,photius-constantinople-lexicon,"Lexicon, Part 1 (Alpha–Delta)",Λεξικόν (Α–Δ),Grammar,grc/photius-constantinople-lexicon-woy-ao.grc.md,835458,552
woy,woy-an,photius-of-constantinople,photius-constantinople-lexicon,"Lexicon, Part 2 (Epsilon–Omega)",Λεξικόν (Ε–Ω),Grammar,grc/photius-constantinople-lexicon-woy-an.grc.md,1148222,556
oqu,oqu-ac,phrynichus-of-bithynia,phrynichus-bithynia-text,Eclogae (Recension A),Ἐκλογαί,Grammar,grc/phrynichus-bithynia-text-oqu-ac.grc.md,111674,1677
oqu,oqu-ad,phrynichus-of-bithynia,phrynichus-bithynia-text,Eclogae (Recension B),Ἐκλογαί,Grammar,grc/phrynichus-bithynia-text-oqu-ad.grc.md,49238,2080
oqu,oqu-ae,phrynichus-of-bithynia,phrynichus-bithynia-text,Eclogae (Recension C),Ἐκλογαί,Grammar,grc/phrynichus-bithynia-text-oqu-ae.grc.md,21812,2235
oqu,oqu-ab,phrynichus-of-bithynia,phrynichus-bithynia-sophistic-preparation,"Sophistic Preparation, Epitome",Σοφιστικὴ Προπαρασκευή,Grammar,grc/phrynichus-bithynia-sophistic-preparation-oqu-ab.grc.md,191405,1635
oqu,oqu-aa,phrynichus-of-bithynia,phrynichus-bithynia-sophistic-preparation,"Sophistic Preparation, Fragments",Σοφιστικὴ Προπαρασκευή,Grammar,grc/phrynichus-bithynia-sophistic-preparation-oqu-aa.grc.md,88853,1951
duw,duw-ac,phrynichus-the-comic-poet,phrynichus-athens-domestic-strife,Fragments on Domestic Strife,Ἀποσπάσματα περὶ Οἰκογενειακῆς Στάσεως,Comedy,grc/phrynichus-athens-domestic-strife-duw-ac.grc.md,2777,1882
duw,duw-aa,phrynichus-the-comic-poet,phrynichus-athens-human-nature,Fragments on Human Nature,Ἀποσπάσματα περὶ τῆς Ἀνθρωπίνης Φύσεως,Comedy,grc/phrynichus-athens-human-nature-duw-aa.grc.md,10848,1978
duw,duw-ab,phrynichus-the-comic-poet,phrynichus-athens-misanthropy-satire,Fragments on Misanthropy and Satire,Ἀποσπάσματα περὶ Μισανθρωπίας καὶ Σάτυρας,Comedy,grc/phrynichus-athens-misanthropy-satire-duw-ab.grc.md,9665,2280
bjk,bjk-aa,phrynichus-the-tragic-poet,phrynichus-heracles-fragments,Fragments on Heracles,Ἀποσπάσματα περὶ Ἡρακλέους,Drama,grc/phrynichus-heracles-fragments-bjk-aa.grc.md,5404,2084
jds,jds-ab,phylarchus-of-athens,phylarchus-athens-historical-anecdotes,Historical Fragments and Anecdotes,Ἀποσπάσματα,History,grc/phylarchus-athens-historical-anecdotes-jds-ab.grc.md,103417,3228
jds,jds-aa,phylarchus-of-athens,phylarchus-athens-testimonies,Testimonies,Μαρτυρίαι,History,grc/phylarchus-athens-testimonies-jds-aa.grc.md,6905,1991
boa,boa-ae,pindar,pindar-melicertes-heroes,Fragments on Melicertes and Heroes,Ἀποσπάσματα περὶ Μελικέρτου καὶ Ἡρώων,Poetry,grc/pindar-melicertes-heroes-boa-ae.grc.md,120776,2390
boa,boa-aa,pindar,pindar-isthmian-odes,Isthmian Odes,Ἰσθμιονῖκαι,Poetry,grc/pindar-isthmian-odes-boa-aa.grc.md,51055,2277
boa,boa-ad,pindar,pindar-nemean-odes,Nemean Odes,Νεμεονῖκαι,Poetry,grc/pindar-nemean-odes-boa-ad.grc.md,81452,1814
boa,boa-ab,pindar,pindar-victors,Olympic Victors,Ὀλυμπιονῖκαι,Poetry,grc/pindar-victors-boa-ab.grc.md,99541,1589
boa,boa-ac,pindar,pindar-pythian-odes,Pythian Odes,Πυθιονῖκαι,Poetry,grc/pindar-pythian-odes-boa-ac.grc.md,125164,1857
ppu,ppu-aa,pindar-commentary,pindar-comm-preface-chapters,Chapters to the Preface of Scholia-Pindar's Poems,Κεφάλαια εἰς τὴν Προοίμιον Σχολίων εἰς Πινδάρου,Lexicography,grc/pindar-comm-preface-chapters-ppu-aa.grc.md,16318,2020
ppu,ppu-ab,pindar-commentary,pindar-comm-scholia-olympia-pythia,Scholia and Glosses-Olympia and Pythia,Σχόλια καὶ Γλῶσσαι εἰς Ὀλυμπιακὰ καὶ Πυθιακά,Lexicography,grc/pindar-comm-scholia-olympia-pythia-ppu-ab.grc.md,887264,2466
ppu,ppu-af,pindar-commentary,pindar-comm-scholia,"Scholia on Pindar (Olympians, Pythians, Isthmians)",Σχόλια εἰς Πίνδαρον Ἰσθμιακά,Lexicography,grc/pindar-comm-scholia-ppu-af.grc.md,2174254,2219
ppu,ppu-ag,pindar-commentary,pindar-comm-scholia,Scholia on Pindar (Selections/Glosses),Σχόλια εἰς Πίνδαρον,Lexicography,grc/pindar-comm-scholia-ppu-ag.grc.md,361503,2136
ppu,ppu-ac,pindar-commentary,pindar-comm-nemean-isthmian,Scholia-Nemean and Isthmian Odes,Σχόλια εἰς Νεμεακὰ καὶ Ἰσθμιακά,Lexicography,grc/pindar-comm-nemean-isthmian-ppu-ac.grc.md,96079,2077
ppu,ppu-ae,pindar-commentary,pindar-comm-scholia-paeans,Scholia-Paeans,Σχόλια εἰς Παιᾶνας,Lexicography,grc/pindar-comm-scholia-paeans-ppu-ae.grc.md,12144,1885
ppu,ppu-ad,pindar-commentary,pindar-comm-scholia-pythian-odes,Scholia-Pythian Odes V–VII,Σχόλια εἰς Πυθιακὰ ᾨδὰς Ε'-Ζ',Lexicography,grc/pindar-comm-scholia-pythian-odes-ppu-ad.grc.md,124635,2206
nmk,nmk-aa,pisistratus-letters,pisistratus-letters-defense-letter,Pisistratus's Defense Letter,Ἐπιστολή,History,grc/pisistratus-letters-defense-letter-nmk-aa.grc.md,4250,1541
lta,lta-aa,pittacus-letters,pittacus-croesus,Letter to Croesus,Ἐπιστολή,Oratory,grc/pittacus-croesus-lta-aa.grc.md,2968,2062
lgs,lgs-aa,plato's-theaetetus-comm-anon,anon-comm-plato-theaetetus,Commentary-Plato's Theaetetus,Ὑπόμνημα εἰς τὸν Θεαίτητον τοῦ Πλάτωνος,Philosophy,grc/anon-comm-plato-theaetetus-lgs-aa.grc.md,144061,2121
uqe,uqe-ab,plato-commentary,plato-comm-scholia,Later Scholia on Plato,Σχόλια εἰς Πλάτωνα,Philosophy,grc/plato-comm-scholia-uqe-ab.grc.md,137382,2062
uqe,uqe-aa,plato-commentary,plato-comm-scholia,Old Scholia on Plato,Σχόλια εἰς Πλάτωνα,Philosophy,grc/plato-comm-scholia-uqe-aa.grc.md,788514,2305
dno,dno-aa,plato-lysis,plato-lysis-hipparchus,Letter to Hipparchus,Ἐπιστολὴ πρὸς Ἵππαρχον,Philosophy,grc/plato-lysis-hipparchus-dno-aa.grc.md,9101,1770
dno,dno-ab,plato-lysis,plato-lysis-testimonies,Testimonies,Μαρτυρίαι,Philosophy,grc/plato-lysis-testimonies-dno-ab.grc.md,4231,1709
ffk,ffk-ae,plato-of-athens,plato-alcibiades,Alcibiades A,Ἀλκιβιάδης αʹ,Philosophy,grc/plato-alcibiades-ffk-ae.grc.md,144521,2269
ffk,ffk-af,plato-of-athens,plato-alcibiades-b,Alcibiades B,Ἀλκιβιάδης βʹ,Philosophy,grc/plato-alcibiades-b-ffk-af.grc.md,56937,2125
ffk,ffk-aa,plato-of-athens,plato-apology,Apology of Socrates,Ἀπολογία Σωκράτους,Philosophy,grc/plato-apology-ffk-aa.grc.md,108270,2308
ffk,ffk-an,plato-of-athens,plato-charmides,Charmides,Χαρμίδης,Philosophy,grc/plato-charmides-ffk-an.grc.md,99205,2166
ffk,ffk-ao,plato-of-athens,plato-clitophon,Clitophon,Κλειτοφῶν,Philosophy,grc/plato-clitophon-ffk-ao.grc.md,21290,2105
ffk,ffk-at,plato-of-athens,plato-cratylus,Cratylus,Κρατύλος,Philosophy,grc/plato-cratylus-ffk-at.grc.md,233214,2146
ffk,ffk-ba,plato-of-athens,plato-critias,Critias,Κριτίας,Philosophy,grc/plato-critias-ffk-ba.grc.md,61951,1758
ffk,ffk-bj,plato-of-athens,plato-crito,Crito,Κρίτων,Philosophy,grc/plato-crito-ffk-bj.grc.md,53695,2616
ffk,ffk-ah,plato-of-athens,plato-definitions,Definitions,Ὅροι,Philosophy,grc/plato-definitions-ffk-ah.grc.md,26064,1647
ffk,ffk-au,plato-of-athens,plato-epigrams,Epigrams (Anthologia Graeca Selection),Ἐπιγράμματα,Philosophy,grc/plato-epigrams-ffk-au.grc.md,11268,1756
ffk,ffk-av,plato-of-athens,plato-epigrams,Epigrams (with Anacreontea),Ἐπιγράμματα,Philosophy,grc/plato-epigrams-ffk-av.grc.md,12611,1965
ffk,ffk-aw,plato-of-athens,plato-epinomis,Epinomis,Ἐπινομίς,Philosophy,grc/plato-epinomis-ffk-aw.grc.md,78089,2534
ffk,ffk-ai,plato-of-athens,plato-euthydemus,Euthydemus,Εὐθύδημος,Philosophy,grc/plato-euthydemus-ffk-ai.grc.md,147780,2280
ffk,ffk-ap,plato-of-athens,plato-euthyphro,Euthyphro,Εὐθύφρων,Philosophy,grc/plato-euthyphro-ffk-ap.grc.md,66841,2281
ffk,ffk-bb,plato-of-athens,plato-gorgias,Gorgias,Γοργίας,Philosophy,grc/plato-gorgias-ffk-bb.grc.md,338275,2441
ffk,ffk-ac,plato-of-athens,plato-hippias,Greater Hippias,Ἱππίας μείζων,Philosophy,grc/plato-hippias-ffk-ac.grc.md,108375,2777
ffk,ffk-aj,plato-of-athens,plato-hipparchus,Hipparchus,Ἵππαρχος,Philosophy,grc/plato-hipparchus-ffk-aj.grc.md,33397,2554
ffk,ffk-bo,plato-of-athens,plato-ion,Ion,Ἴων,Philosophy,grc/plato-ion-ffk-bo.grc.md,50995,1991
ffk,ffk-bg,plato-of-athens,plato-laches,Laches,Λάχης,Philosophy,grc/plato-laches-ffk-bg.grc.md,98321,2625
ffk,ffk-bm,plato-of-athens,plato-laws,Laws,Νόμοι,Philosophy,grc/plato-laws-ffk-bm.grc.md,1287491,2400
ffk,ffk-ad,plato-of-athens,plato-hippias-minor,Lesser Hippias,Ἱππίας ἐλάττων,Philosophy,grc/plato-hippias-minor-ffk-ad.grc.md,57336,2076
ffk,ffk-bh,plato-of-athens,plato-lovers,Lovers,Ἐρασταί,Philosophy,grc/plato-lovers-ffk-bh.grc.md,31327,1893
ffk,ffk-bk,plato-of-athens,plato-lysis,Lysis,Λύσις,Philosophy,grc/plato-lysis-ffk-bk.grc.md,79892,2004
ffk,ffk-aq,plato-of-athens,plato-menexenus,Menexenus,Μενέξενος,Philosophy,grc/plato-menexenus-ffk-aq.grc.md,63087,2282
ffk,ffk-bn,plato-of-athens,plato-meno,Meno,Μένων,Philosophy,grc/plato-meno-ffk-bn.grc.md,129409,2627
ffk,ffk-bl,plato-of-athens,plato-minos,Minos,Μίνως,Philosophy,grc/plato-minos-ffk-bl.grc.md,40040,1980
ffk,ffk-ak,plato-of-athens,plato-parmenides,Parmenides,Παρμενίδης,Philosophy,grc/plato-parmenides-ffk-ak.grc.md,165172,1981
ffk,ffk-bi,plato-of-athens,plato-phaedo,Phaedo,Φαίδων,Philosophy,grc/plato-phaedo-ffk-bi.grc.md,259026,2083
ffk,ffk-ax,plato-of-athens,plato-phaedrus,Phaedrus,Φαῖδρος,Philosophy,grc/plato-phaedrus-ffk-ax.grc.md,209508,2037
ffk,ffk-ay,plato-of-athens,plato-philebus,Philebus,Φίληβος,Philosophy,grc/plato-philebus-ffk-ay.grc.md,241478,3163
ffk,ffk-bc,plato-of-athens,plato-political-letters,Plato's Political Letters,Ἐπιστολαί,Philosophy,grc/plato-political-letters-ffk-bc.grc.md,211957,2274
ffk,ffk-al,plato-of-athens,plato-protagoras,Protagoras,Πρωταγόρας,Philosophy,grc/plato-protagoras-ffk-al.grc.md,210115,2616
ffk,ffk-ag,plato-of-athens,plato-republic,Republic,Πολιτεία,Philosophy,grc/plato-republic-ffk-ag.grc.md,1057946,2315
ffk,ffk-bd,plato-of-athens,plato-sophist,Sophist,Σοφιστής,Philosophy,grc/plato-sophist-ffk-bd.grc.md,222621,1972
ffk,ffk-az,plato-of-athens,plato-spurious,Spurious,Νόθοι,Philosophy,grc/plato-spurious-ffk-az.grc.md,171962,1672
ffk,ffk-ar,plato-of-athens,plato-statesman,Statesman,Πολιτικός,Philosophy,grc/plato-statesman-ffk-ar.grc.md,237445,2735
ffk,ffk-as,plato-of-athens,plato-symposium,Symposium,Συμπόσιον,Philosophy,grc/plato-symposium-ffk-as.grc.md,206761,2593
ffk,ffk-am,plato-of-athens,plato-theaetetus,Theaetetus,Θεαίτητος,Philosophy,grc/plato-theaetetus-ffk-am.grc.md,294859,2090
ffk,ffk-be,plato-of-athens,plato-theages,Theages,Θεάγης,Philosophy,grc/plato-theages-ffk-be.grc.md,46492,2133
ffk,ffk-bf,plato-of-athens,plato-timaeus,Timaeus,Τίμαιος,Philosophy,grc/plato-timaeus-ffk-bf.grc.md,287677,1697
efq,efq-ae,plato-the-comic-poet,plato-comic-epigram,Epigram,Ἐπίγραμμα,Comedy,grc/plato-comic-epigram-efq-ae.grc.md,2889,1569
efq,efq-ac,plato-the-comic-poet,plato-comic-aphrodite-fragments,Fragments of Comic Aphrodite,Ἀποσπάσματα τῆς Κωμικῆς Ἀφροδίτης,Comedy,grc/plato-comic-aphrodite-fragments-efq-ac.grc.md,4097,1983
efq,efq-aa,plato-the-comic-poet,plato-comic-adonis-cinyras,Fragments on Adonis and Cinyras,Ἀποσπάσματα περὶ Ἀδώνιδος καὶ Κινύρου,Comedy,grc/plato-comic-adonis-cinyras-efq-aa.grc.md,33325,2070
efq,efq-ad,plato-the-comic-poet,plato-comic-argus-destruction,Fragments on Argus and Destruction,Ἀποσπάσματα περὶ Ἄργου καὶ Ὀλέθρου,Comedy,grc/plato-comic-argus-destruction-efq-ad.grc.md,2829,1886
efq,efq-ab,plato-the-comic-poet,plato-comic-cinyras-adonis,Fragments on Cinyras and Adonis,Ἀποσπάσματα περὶ Κινύρου καὶ Ἄδωνιδος,Comedy,grc/plato-comic-cinyras-adonis-efq-ab.grc.md,28194,1924
rlc,rlc-aa,plotinus-the-neoplatonist,plotinus-enneads,Enneads,Ἐννεάδες,Philosophy,grc/plotinus-enneads-rlc-aa.grc.md,2376380,2443
okg,okg-dj,plutarch-of-chaeronea,plutarch-chaeronea-aemilius-paulus,Aemilius Paulus,Αἰμίλιος Παῦλος,Philosophy,grc/plutarch-chaeronea-aemilius-paulus-okg-dj.grc.md,136656,2053
okg,okg-ee,plutarch-of-chaeronea,plutarch-chaeronea-agesilaus,Agesilaus,Ἀγησίλαος,Philosophy,grc/plutarch-chaeronea-agesilaus-okg-ee.grc.md,146305,1959
okg,okg-cs,plutarch-of-chaeronea,plutarch-chaeronea-agis-cleomenes,Agis and Cleomenes,Ἄγις καὶ Κλεομένης,Philosophy,grc/plutarch-chaeronea-agis-cleomenes-okg-cs.grc.md,185875,2476
okg,okg-dy,plutarch-of-chaeronea,plutarch-chaeronea-alcibiades,Alcibiades,Ἀλκιβιάδης,Philosophy,grc/plutarch-chaeronea-alcibiades-okg-dy.grc.md,136222,1948
okg,okg-ef,plutarch-of-chaeronea,plutarch-chaeronea-alexander,Alexander,Ἀλέξανδρος,Philosophy,grc/plutarch-chaeronea-alexander-okg-ef.grc.md,275292,2532
okg,okg-ew,plutarch-of-chaeronea,plutarch-chaeronea-amatory,Amatory,Ἐρωτικός,Philosophy,grc/plutarch-chaeronea-amatory-okg-ew.grc.md,229963,1952
okg,okg-ct,plutarch-of-chaeronea,plutarch-chaeronea-amatory-narratives,Amatory Narratives,Ἐρωτικαὶ διγηήσεις,Philosophy,grc/plutarch-chaeronea-amatory-narratives-okg-ct.grc.md,26561,2454
okg,okg-fe,plutarch-of-chaeronea,plutarch-chaeronea-antony,Antony,Ἀντώνιος,Philosophy,grc/plutarch-chaeronea-antony-okg-fe.grc.md,256444,2667
okg,okg-bi,plutarch-of-chaeronea,plutarch-chaeronea-kings-generals,Apophthegms of Kings and Generals,Ἀποφθέγματα βασιλέων καὶ στρατηγῶν,Philosophy,grc/plutarch-chaeronea-kings-generals-okg-bi.grc.md,221805,2314
okg,okg-ff,plutarch-of-chaeronea,plutarch-chaeronea-aratus,Aratus,Ἄρατος,Philosophy,grc/plutarch-chaeronea-aratus-okg-ff.grc.md,161606,1855
okg,okg-eg,plutarch-of-chaeronea,plutarch-chaeronea-aristides,Aristides,Ἀριστείδης,Philosophy,grc/plutarch-chaeronea-aristides-okg-eg.grc.md,113086,2180
okg,okg-dz,plutarch-of-chaeronea,plutarch-chaeronea-artaxerxes,Artaxerxes,Ἀρταξέρξης,Philosophy,grc/plutarch-chaeronea-artaxerxes-okg-dz.grc.md,100919,2007
okg,okg-bt,plutarch-of-chaeronea,plutarch-chaeronea-symposiastic-problems,Books of Symposiastic Problems,Συμποσιακῶν προβλημάτων βιβλία,Philosophy,grc/plutarch-chaeronea-symposiastic-problems-okg-bt.grc.md,823283,1904
okg,okg-fg,plutarch-of-chaeronea,plutarch-chaeronea-brutus,Brutus,Βροῦτος,Philosophy,grc/plutarch-chaeronea-brutus-okg-fg.grc.md,163825,2533
okg,okg-fh,plutarch-of-chaeronea,plutarch-chaeronea-caesar,Caesar,Καῖσαρ,Philosophy,grc/plutarch-chaeronea-caesar-okg-fh.grc.md,220305,1993
okg,okg-ds,plutarch-of-chaeronea,plutarch-chaeronea-caius-marius,Caius Marius,Γάϊος Μάριος,Philosophy,grc/plutarch-chaeronea-caius-marius-okg-ds.grc.md,176422,2566
okg,okg-ep,plutarch-of-chaeronea,plutarch-chaeronea-camillus,Camillus,Κάμιλλος,Philosophy,grc/plutarch-chaeronea-camillus-okg-ep.grc.md,150454,1810
okg,okg-df,plutarch-of-chaeronea,plutarch-chaeronea-cato-younger,Cato the Younger,Κάτων ὁ Νεώτερος,Philosophy,grc/plutarch-chaeronea-cato-younger-okg-df.grc.md,225917,2083
okg,okg-fi,plutarch-of-chaeronea,plutarch-chaeronea-cicero,Cicero,Κικέρων,Philosophy,grc/plutarch-chaeronea-cicero-okg-fi.grc.md,162672,1941
okg,okg-fk,plutarch-of-chaeronea,plutarch-chaeronea-cimon,Cimon,Κίμων,Philosophy,grc/plutarch-chaeronea-cimon-okg-fk.grc.md,81764,2210
okg,okg-ah,plutarch-of-chaeronea,plutarch-chaeronea-parallel-histories,Collection of Parallel Greek and Roman Histories,Συναγωγὴ ἱστοριῶν παραλλήλων Ἑλληνικῶν καὶ,Philosophy,grc/plutarch-chaeronea-parallel-histories-okg-ah.grc.md,68948,2059
okg,okg-bf,plutarch-of-chaeronea,plutarch-chaeronea-agesilaus-pompey,Comparison of Agesilaus and Pompey,Ἀγησιλάου καὶ Πομπηΐου σύγκρισις,Philosophy,grc/plutarch-chaeronea-agesilaus-pompey-okg-bf.grc.md,17036,2245
okg,okg-ai,plutarch-of-chaeronea,plutarch-chaeronea-agis-cleomenes-gracchi,Comparison of Agis and Cleomenes and the Gracchi,Σύγκρισις Ἄγιδος καὶ Κλεομένους καὶ Γράκχων,Philosophy,grc/plutarch-chaeronea-agis-cleomenes-gracchi-okg-ai.grc.md,15783,2385
okg,okg-aq,plutarch-of-chaeronea,plutarch-chaeronea-alcibiades-coriolanus,Comparison of Alcibiades and Coriolanus,Ἀλκιβιάδου καὶ Κοριολὰνου σύγκρισις,Philosophy,grc/plutarch-chaeronea-alcibiades-coriolanus-okg-aq.grc.md,16783,2122
okg,okg-bj,plutarch-of-chaeronea,plutarch-chaeronea-aristeides-cato,Comparison of Aristeides and Cato,Ἀριστείδου καὶ Κάτωνος σύγκρισις,Philosophy,grc/plutarch-chaeronea-aristeides-cato-okg-bj.grc.md,21870,2237
okg,okg-bn,plutarch-of-chaeronea,plutarch-chaeronea-cimon-lucullus,Comparison of Cimon and Lucullus,Κίμωνος καὶ Λουκούλλος σύγκρισις,Philosophy,grc/plutarch-chaeronea-cimon-lucullus-okg-bn.grc.md,15208,1983
okg,okg-bg,plutarch-of-chaeronea,plutarch-chaeronea-demetrius-antony,Comparison of Demetrius and Antony,Σύγκρισις Δημητρίου καὶ Ἀντωνίου,Philosophy,grc/plutarch-chaeronea-demetrius-antony-okg-bg.grc.md,14108,1996
okg,okg-ax,plutarch-of-chaeronea,plutarch-chaeronea-demosthenes-cicero,Comparison of Demosthenes and Cicero,Σύγκρισις Δημοσθένους καὶ Κικέρωνος,Philosophy,grc/plutarch-chaeronea-demosthenes-cicero-okg-ax.grc.md,15629,2304
okg,okg-bu,plutarch-of-chaeronea,plutarch-chaeronea-dion-brutus,Comparison of Dion and Brutus,Σύγκρισις Δίωνος καὶ Βρούτου,Philosophy,grc/plutarch-chaeronea-dion-brutus-okg-bu.grc.md,14888,2318
okg,okg-br,plutarch-of-chaeronea,plutarch-chaeronea-lycurgus-numa,Comparison of Lycurgus and Numa,Λυκούργου καὶ Νομᾶ σύγκρισις,Philosophy,grc/plutarch-chaeronea-lycurgus-numa-okg-br.grc.md,23449,2473
okg,okg-bo,plutarch-of-chaeronea,plutarch-chaeronea-lysander-sulla,Comparison of Lysander and Sulla,Σύγκρισις Λυσάνδρου καὶ Σύλλα,Philosophy,grc/plutarch-chaeronea-lysander-sulla-okg-bo.grc.md,18664,2150
okg,okg-bp,plutarch-of-chaeronea,plutarch-chaeronea-nicias-crassus,Comparison of Nicias and Crassus,Νικίου καὶ Κράσσου σύγκρισις,Philosophy,grc/plutarch-chaeronea-nicias-crassus-okg-bp.grc.md,18899,2498
okg,okg-av,plutarch-of-chaeronea,plutarch-chaeronea-pelopidas-marcellus,Comparison of Pelopidas and Marcellus,Πελοπίδου καὶ Μαρκέλλου σύγκρισις,Philosophy,grc/plutarch-chaeronea-pelopidas-marcellus-okg-av.grc.md,13054,1921
okg,okg-bk,plutarch-of-chaeronea,plutarch-chaeronea-pericles-fabius,Comparison of Pericles and Fabius,Περικλέους καὶ Φαβίου σύγκρισις,Philosophy,grc/plutarch-chaeronea-pericles-fabius-okg-bk.grc.md,12258,2368
okg,okg-az,plutarch-of-chaeronea,plutarch-chaeronea-philopoemen-titus,Comparison of Philopoemen and Titus,Σύγκρισις Φιλοποίμενος καὶ Τίτου,Philosophy,grc/plutarch-chaeronea-philopoemen-titus-okg-az.grc.md,9489,2017
okg,okg-ba,plutarch-of-chaeronea,plutarch-chaeronea-sertorius-eumenes,Comparison of Sertorius and Eumenes,Σύγκρισις Σερτωρίου καὶ Εὐμένους,Philosophy,grc/plutarch-chaeronea-sertorius-eumenes-okg-ba.grc.md,7701,2327
okg,okg-bl,plutarch-of-chaeronea,plutarch-chaeronea-solon-poplicola,Comparison of Solon and Poplicola,Σόλωνος καὶ Ποπλικόλα σύγκρισις,Philosophy,grc/plutarch-chaeronea-solon-poplicola-okg-bl.grc.md,14713,2041
okg,okg-bm,plutarch-of-chaeronea,plutarch-chaeronea-theseus-romulus,Comparison of Theseus and Romulus,Θησέως καὶ Ῥωμύλου σύγκρισις,Philosophy,grc/plutarch-chaeronea-theseus-romulus-okg-bm.grc.md,17286,1899
okg,okg-bb,plutarch-of-chaeronea,plutarch-chaeronea-timoleon-aemilius,Comparison of Timoleon and Aemilius,Σύγκρισις Τιμολέοντος καὶ Αἰμιλίου,Philosophy,grc/plutarch-chaeronea-timoleon-aemilius-okg-bb.grc.md,9231,2361
okg,okg-ci,plutarch-of-chaeronea,plutarch-chaeronea-consolation-apollonius,Consolation to Apollonius,Πραμυθητικὸς πρὸς Ἀπολλώνιον,Philosophy,grc/plutarch-chaeronea-consolation-apollonius-okg-ci.grc.md,118075,2079
okg,okg-cl,plutarch-of-chaeronea,plutarch-chaeronea-consolation-wife,Consolation to His Wife,Παραμυθητικός εἰς τὴν γυναῖκα τὴν αὑτου,Philosophy,grc/plutarch-chaeronea-consolation-wife-okg-cl.grc.md,27947,2575
okg,okg-ex,plutarch-of-chaeronea,plutarch-chaeronea-crassus,Crassus,Κράσσος,Philosophy,grc/plutarch-chaeronea-crassus-okg-ex.grc.md,137272,1728
okg,okg-eh,plutarch-of-chaeronea,plutarch-chaeronea-demetrius,Demetrius,Δημήτριος,Philosophy,grc/plutarch-chaeronea-demetrius-okg-eh.grc.md,170514,2062
okg,okg-dv,plutarch-of-chaeronea,plutarch-chaeronea-demosthenes,Demosthenes,Δημοσθένης,Philosophy,grc/plutarch-chaeronea-demosthenes-okg-dv.grc.md,93121,2337
okg,okg-fp,plutarch-of-chaeronea,plutarch-chaeronea-dion,Dion,Δίων,Philosophy,grc/plutarch-chaeronea-dion-okg-fp.grc.md,163418,2142
okg,okg-ag,plutarch-of-chaeronea,plutarch-chaeronea-comparison-aristophanes-menander,Epitome of Comparison of Aristophanes and Menander,Συγκρίσεως Ἀριστοφάνους καὶ Μενάνδρου ἐπιτομή,Philosophy,grc/plutarch-chaeronea-comparison-aristophanes-menander-okg-ag.grc.md,12551,2944
okg,okg-ey,plutarch-of-chaeronea,plutarch-chaeronea-eumenes,Eumenes,Εὐμένης,Philosophy,grc/plutarch-chaeronea-eumenes-okg-ey.grc.md,77879,1531
okg,okg-dn,plutarch-of-chaeronea,plutarch-chaeronea-fabius-maximus,Fabius Maximus,Φάβιος Μάξιμος,Philosophy,grc/plutarch-chaeronea-fabius-maximus-okg-dn.grc.md,105038,2027
okg,okg-ei,plutarch-of-chaeronea,plutarch-chaeronea-epaminondas-scipio,Fragments on Epaminondas and Scipio,Ἀποσπάσματα περὶ Ἐπαμεινώνδου καὶ Σκιπίωνος,Philosophy,grc/plutarch-chaeronea-epaminondas-scipio-okg-ei.grc.md,279319,2274
okg,okg-dq,plutarch-of-chaeronea,plutarch-chaeronea-gaius-marcius,Gaius Marcius,Γάϊος Μάρκιος,Philosophy,grc/plutarch-chaeronea-gaius-marcius-okg-dq.grc.md,127641,2219
okg,okg-fl,plutarch-of-chaeronea,plutarch-chaeronea-galba,Galba,Γάλβας,Philosophy,grc/plutarch-chaeronea-galba-okg-fl.grc.md,86670,2314
okg,okg-at,plutarch-of-chaeronea,plutarch-chaeronea-young-man-poems,How a Young Man Should Listen to Poems,Πῶς δεῖ τὸν νέον ποιημάτων ἀκούειν.,Philosophy,grc/plutarch-chaeronea-young-man-poems-okg-at.grc.md,128861,2593
okg,okg-bh,plutarch-of-chaeronea,plutarch-chaeronea-benefit-from-enemies,How One Might Benefit from Enemies,Πῶς ἄν τις ἀπ ἐχθρῶν ὠφελοῖτο,Philosophy,grc/plutarch-chaeronea-benefit-from-enemies-okg-bh.grc.md,41884,1978
okg,okg-ae,plutarch-of-chaeronea,plutarch-chaeronea-flatterer-friend,How One Might Distinguish the Flatterer from the Friend,Πῶς ἄν τις διακρίνειε τὸν κόλακα τοῦ φίλοῦ,Philosophy,grc/plutarch-chaeronea-flatterer-friend-okg-ae.grc.md,157299,2033
okg,okg-ak,plutarch-of-chaeronea,plutarch-chaeronea-progress-virtue,How One Might Perceive His Progress in Virtue,Πῶς ἄν τις αἴσθοιτο ἑαυτοῦ προκόπτοντος ἐπʼ ἀρετή,Philosophy,grc/plutarch-chaeronea-progress-virtue-okg-ak.grc.md,68555,2657
okg,okg-cn,plutarch-of-chaeronea,plutarch-chaeronea-hygienic-instructions,Hygienic Instructions,Ὑγιεινὰ παραγγέλματα,Philosophy,grc/plutarch-chaeronea-hygienic-instructions-okg-cn.grc.md,93737,1996
okg,okg-dg,plutarch-of-chaeronea,plutarch-chaeronea-laconian-sayings,Laconian Sayings,Λακαινῶν ἀποφθάγματα,Philosophy,grc/plutarch-chaeronea-laconian-sayings-okg-dg.grc.md,220412,1880
okg,okg-cp,plutarch-of-chaeronea,plutarch-chaeronea-ten-orators,Lives of Ten Orators,Περὶ τῶν δέκα ἡτόρων,Philosophy,grc/plutarch-chaeronea-ten-orators-okg-cp.grc.md,126945,1855
okg,okg-eq,plutarch-of-chaeronea,plutarch-chaeronea-lucullus,Lucullus,Λούκουλλος,Philosophy,grc/plutarch-chaeronea-lucullus-okg-eq.grc.md,186418,2996
okg,okg-er,plutarch-of-chaeronea,plutarch-chaeronea-lycurgus,Lycurgus,Λυκοῦργος,Philosophy,grc/plutarch-chaeronea-lycurgus-okg-er.grc.md,128867,2934
okg,okg-es,plutarch-of-chaeronea,plutarch-chaeronea-lysander,Lysander,Λύσανδρος,Philosophy,grc/plutarch-chaeronea-lysander-okg-es.grc.md,112230,2435
okg,okg-ek,plutarch-of-chaeronea,plutarch-chaeronea-marcellus,Marcellus,Μάρκελλος,Philosophy,grc/plutarch-chaeronea-marcellus-okg-ek.grc.md,118129,2370
okg,okg-dw,plutarch-of-chaeronea,plutarch-chaeronea-marcus-cato,Marcus Cato,Μάρκος Κάτων,Philosophy,grc/plutarch-chaeronea-marcus-cato-okg-dw.grc.md,110115,1803
okg,okg-db,plutarch-of-chaeronea,plutarch-chaeronea-marriage-precepts,Marriage Precepts,Γαμικὰ παραγγέλματα,Philosophy,grc/plutarch-chaeronea-marriage-precepts-okg-db.grc.md,50977,1914
okg,okg-do,plutarch-of-chaeronea,plutarch-chaeronea-natural-causes,Natural Causes,Αἴτια φυσικά,Philosophy,grc/plutarch-chaeronea-natural-causes-okg-do.grc.md,54130,2114
okg,okg-fj,plutarch-of-chaeronea,plutarch-chaeronea-nicias,Nicias,Νικίας,Philosophy,grc/plutarch-chaeronea-nicias-okg-fj.grc.md,121400,2409
okg,okg-fm,plutarch-of-chaeronea,plutarch-chaeronea-nomad,Nomad,Νομᾶς,Philosophy,grc/plutarch-chaeronea-nomad-okg-fm.grc.md,100870,1442
okg,okg-cg,plutarch-of-chaeronea,plutarch-chaeronea-affection-offspring,On Affection for Offspring,Περὶ τῆς εἰς τὰ ἔκγονα φιλοστοργίας,Philosophy,grc/plutarch-chaeronea-affection-offspring-okg-cg.grc.md,31580,2170
okg,okg-dc,plutarch-of-chaeronea,plutarch-chaeronea-brotherly-love,On Brotherly Love,Περὶ φιλαδελφίας,Philosophy,grc/plutarch-chaeronea-brotherly-love-okg-dc.grc.md,90610,1901
okg,okg-bs,plutarch-of-chaeronea,plutarch-chaeronea-common-notions,On Common Notions to the Stoics,Περὶ τῶν κοινῶν ἐννοιῶν πρὸς τοὺς Στωικοὺς,Philosophy,grc/plutarch-chaeronea-common-notions-okg-bs.grc.md,178191,2473
okg,okg-cu,plutarch-of-chaeronea,plutarch-chaeronea-envy-hatred,On Envy and Hatred,Περὶ φθόνου καὶ μίσους,Philosophy,grc/plutarch-chaeronea-envy-hatred-okg-cu.grc.md,15100,1638
okg,okg-ez,plutarch-of-chaeronea,plutarch-chaeronea-on-fate,On Fate,Περὶ εἱμαρμένης,Philosophy,grc/plutarch-chaeronea-on-fate-okg-ez.grc.md,43094,1653
okg,okg-cc,plutarch-of-chaeronea,plutarch-chaeronea-flesh-eating,On Flesh-Eating Discourse A,Περὶ σαρκοφαγίας λόγος α′,Philosophy,grc/plutarch-chaeronea-flesh-eating-okg-cc.grc.md,23707,1912
okg,okg-cd,plutarch-of-chaeronea,plutarch-chaeronea-flesh-eating,On Flesh-Eating Discourse B,Περὶ σαρκοφαγίας λόγος β′,Philosophy,grc/plutarch-chaeronea-flesh-eating-okg-cd.grc.md,19006,1902
okg,okg-el,plutarch-of-chaeronea,plutarch-chaeronea-flight,On Flight,Περὶ φυγῆς,Philosophy,grc/plutarch-chaeronea-flight-okg-el.grc.md,55659,1895
okg,okg-ea,plutarch-of-chaeronea,plutarch-chaeronea-fortune,On Fortune,Περὶ τύχης,Philosophy,grc/plutarch-chaeronea-fortune-okg-ea.grc.md,18667,2223
okg,okg-eb,plutarch-of-chaeronea,plutarch-chaeronea-hearing,On Hearing,Περὶ τοῦ ἀκούειν.,Philosophy,grc/plutarch-chaeronea-hearing-okg-eb.grc.md,69609,1973
okg,okg-dt,plutarch-of-chaeronea,plutarch-chaeronea-idle-talk,On Idle Talk,Περὶ ἀδολεσχίας,Philosophy,grc/plutarch-chaeronea-idle-talk-okg-dt.grc.md,80553,2064
okg,okg-dr,plutarch-of-chaeronea,plutarch-chaeronea-inactivity,On Inactivity,Περὶ ἀοπγησίας,Philosophy,grc/plutarch-chaeronea-inactivity-okg-dr.grc.md,72712,1771
okg,okg-cv,plutarch-of-chaeronea,plutarch-chaeronea-isis-osiris,On Isis and Osiris,Περὶ Ἴσιδος και Ὀσίριδος,Philosophy,grc/plutarch-chaeronea-isis-osiris-okg-cv.grc.md,208435,2230
okg,okg-dd,plutarch-of-chaeronea,plutarch-chaeronea-love-wealth,On Love of Wealth,Περὶ φιλοπλουτίας,Philosophy,grc/plutarch-chaeronea-love-wealth-okg-dd.grc.md,32798,2598
okg,okg-cw,plutarch-of-chaeronea,plutarch-chaeronea-lust-sorrow,On Lust and Sorrow,Περὶ ἡδονῆς καὶ λύπης,Philosophy,grc/plutarch-chaeronea-lust-sorrow-okg-cw.grc.md,22652,1649
okg,okg-cr,plutarch-of-chaeronea,plutarch-chaeronea-many-friendships,On Many Friendships,Περὶ πολυφιλίας,Philosophy,grc/plutarch-chaeronea-many-friendships-okg-cr.grc.md,26559,1839
okg,okg-de,plutarch-of-chaeronea,plutarch-chaeronea-meddlesomeness,On Meddlesomeness,Περὶ πολυπραγμοσύνης,Philosophy,grc/plutarch-chaeronea-meddlesomeness-okg-de.grc.md,52371,2680
okg,okg-aw,plutarch-of-chaeronea,plutarch-chaeronea-monarchy-democracy-oligarchy,"On Monarchy, Democracy, and Oligarchy",Περὶ μοναρχίας καὶ δημοκρατίας καὶ ὀλιγαρχίας,Philosophy,grc/plutarch-chaeronea-monarchy-democracy-oligarchy-okg-aw.grc.md,9900,2027
okg,okg-dk,plutarch-of-chaeronea,plutarch-chaeronea-moral-virtue,On Moral Virtue,Περὶ τῆς ἠθικῆς ἀρετῆς,Philosophy,grc/plutarch-chaeronea-moral-virtue-okg-dk.grc.md,77235,3134
okg,okg-ck,plutarch-of-chaeronea,plutarch-chaeronea-not-borrowing,On Not Needing to Borrow,Περὶ τοῦ μὴ δεῖν δανείζεσθαι,Philosophy,grc/plutarch-chaeronea-not-borrowing-okg-ck.grc.md,29223,2255
okg,okg-bq,plutarch-of-chaeronea,plutarch-chaeronea-praising-without-envy,On Praising Oneself Without Envy,Περὶ τοῦ ἑαυτὸν ἐπαινεῖν ἀνεπιφθόνως,Philosophy,grc/plutarch-chaeronea-praising-without-envy-okg-bq.grc.md,56674,2846
okg,okg-ec,plutarch-of-chaeronea,plutarch-chaeronea-shyness,On Shyness,Περὶ δυσωπίας,Philosophy,grc/plutarch-chaeronea-shyness-okg-ec.grc.md,52305,2381
okg,okg-dh,plutarch-of-chaeronea,plutarch-chaeronea-stoic-contradictions,On Stoic Contradictions,Περὶ Στωικῶν ἐναντιωμάτων,Philosophy,grc/plutarch-chaeronea-stoic-contradictions-okg-dh.grc.md,157357,2795
okg,okg-dl,plutarch-of-chaeronea,plutarch-chaeronea-superstition,On Superstition,Περὶ δεισιδαιμονίας,Philosophy,grc/plutarch-chaeronea-superstition-okg-dl.grc.md,46342,2016
okg,okg-ac,plutarch-of-chaeronea,plutarch-chaeronea-philosopher-rulers,On That the Philosopher Should Converse Especially with Rulers,Περὶ τοῦ ὅτι μάλιστα τοῖς ἡγεμόσι δεῖ τὸν,Philosophy,grc/plutarch-chaeronea-philosopher-rulers-okg-ac.grc.md,22519,2066
okg,okg-an,plutarch-of-chaeronea,plutarch-chaeronea-soul-timaeus,On the Creation of the Soul in the Timaeus,Περὶ τῆς ἐν Τιμαίῳ ψυχογονίας,Philosophy,grc/plutarch-chaeronea-soul-timaeus-okg-an.grc.md,118646,2040
okg,okg-ej,plutarch-of-chaeronea,plutarch-chaeronea-daedala-plataea,On the Daedala at Plataea,Ἀποσπάσματα,Philosophy,grc/plutarch-chaeronea-daedala-plataea-okg-ej.grc.md,8689,2048
okg,okg-bx,plutarch-of-chaeronea,plutarch-chaeronea-daimonion-socrates,On the Daimonion of Socrates,Περὶ τοῦ Σωκράτους δαιμονίου,Philosophy,grc/plutarch-chaeronea-daimonion-socrates-okg-bx.grc.md,199792,2780
okg,okg-dm,plutarch-of-chaeronea,plutarch-chaeronea-departed,On the Departed,Περὶ τῶν ἐκλελοιπότων,Philosophy,grc/plutarch-chaeronea-departed-okg-dm.grc.md,177597,1707
okg,okg-cx,plutarch-of-chaeronea,plutarch-chaeronea-e-at-delphi,On the E at Delphi,Περὶ τοῦ Ε τοῦ ἐν Δελφοῖς,Philosophy,grc/plutarch-chaeronea-e-at-delphi-okg-cx.grc.md,63902,2016
okg,okg-by,plutarch-of-chaeronea,plutarch-chaeronea-education-children,On the Education of Children,Περὶ παίδων ἀγωγῆς,Philosophy,grc/plutarch-chaeronea-education-children-okg-by.grc.md,82707,2641
okg,okg-bv,plutarch-of-chaeronea,plutarch-chaeronea-face-moon,On the Face in the Moon's Orb,Περὶ τοῦ ἐμφαινομένου προσώπου τῷ κύκλῳ τῆς,Philosophy,grc/plutarch-chaeronea-face-moon-okg-bv.grc.md,163200,2152
okg,okg-bz,plutarch-of-chaeronea,plutarch-chaeronea-fortune-romans,On the Fortune of the Romans,Περὶ τῆς Ῥωμαίων τύχης,Philosophy,grc/plutarch-chaeronea-fortune-romans-okg-bz.grc.md,65725,2327
okg,okg-ab,plutarch-of-chaeronea,plutarch-chaeronea-fortune-virtue-alexander,"On the Fortune or Virtue of Alexander, Discourse A. Discourse B","Περὶ τῆς Ἀλεξάνδρου τύχης ἢ ἀρετῆς λόγος Α,",Philosophy,grc/plutarch-chaeronea-fortune-virtue-alexander-okg-ab.grc.md,115287,2954
okg,okg-ch,plutarch-of-chaeronea,plutarch-chaeronea-malice-herodotus,On the Malice of Herodotus,Περὶ τῆς Ἡροδότου κακοηθείας,Philosophy,grc/plutarch-chaeronea-malice-herodotus-okg-ch.grc.md,124913,2352
okg,okg-co,plutarch-of-chaeronea,plutarch-chaeronea-primarily-cold,On the Primarily Cold,Περὶ τοῦ πρώτως ψυχροῦ,Philosophy,grc/plutarch-chaeronea-primarily-cold-okg-co.grc.md,64906,1881
okg,okg-bc,plutarch-of-chaeronea,plutarch-chaeronea-proverbs-alexandrians,On the Proverbs of the Alexandrians,Περὶ τῶν Ἀλεξανδρέων παροιμιῶν,Philosophy,grc/plutarch-chaeronea-proverbs-alexandrians-okg-bc.grc.md,32768,1844
okg,okg-al,plutarch-of-chaeronea,plutarch-chaeronea-pythia-verse-oracles,On the Pythia Not Giving Oracles in Verse Now,Περὶ τοῦ μὴ χρᾶν ἔμμετρα νῦν τὴν Πυθίαν,Philosophy,grc/plutarch-chaeronea-pythia-verse-oracles-okg-al.grc.md,95236,2282
okg,okg-au,plutarch-of-chaeronea,plutarch-chaeronea-divine-punishment-slow,On Those Punished Slowly by the Divine,Περὶ τῶν ὑπὸ τοῦ θείου βραδέως τιμωρουμένων,Philosophy,grc/plutarch-chaeronea-divine-punishment-slow-okg-au.grc.md,124610,2327
okg,okg-dp,plutarch-of-chaeronea,plutarch-chaeronea-tranquility,On Tranquility,Περὶ εὐθυμίας,Philosophy,grc/plutarch-chaeronea-tranquility-okg-dp.grc.md,80502,1839
okg,okg-bd,plutarch-of-chaeronea,plutarch-chaeronea-reason-irrational,On Using Reason with the Irrational,Περὶ τοῦ τὰ ἄλογα λόγῳ χρῆσθαι,Philosophy,grc/plutarch-chaeronea-reason-irrational-okg-bd.grc.md,46313,1793
okg,okg-cy,plutarch-of-chaeronea,plutarch-chaeronea-virtue-vice,On Virtue and Vice,Περὶ ἀρετῆς καὶ κακιάς,Philosophy,grc/plutarch-chaeronea-virtue-vice-okg-cy.grc.md,11052,1909
okg,okg-ar,plutarch-of-chaeronea,plutarch-chaeronea-water-fire-useful,On Whether Water or Fire Is More Useful,Περὶ τοῦ πότερον ὕδωρ ἢ πῦρ χρησιμώτερον,Philosophy,grc/plutarch-chaeronea-water-fire-useful-okg-ar.grc.md,22132,1827
okg,okg-fq,plutarch-of-chaeronea,plutarch-chaeronea-otho,Otho,Ὄθων,Philosophy,grc/plutarch-chaeronea-otho-okg-fq.grc.md,59462,2355
okg,okg-em,plutarch-of-chaeronea,plutarch-chaeronea-pelopidas,Pelopidas,Πελοπίδας,Philosophy,grc/plutarch-chaeronea-pelopidas-okg-em.grc.md,130156,1476
okg,okg-et,plutarch-of-chaeronea,plutarch-chaeronea-pericles,Pericles,Περικλῆς,Philosophy,grc/plutarch-chaeronea-pericles-okg-et.grc.md,137948,2639
okg,okg-dx,plutarch-of-chaeronea,plutarch-chaeronea-philopoemen,Philopoemen,Φιλοποίμην,Philosophy,grc/plutarch-chaeronea-philopoemen-okg-dx.grc.md,80246,1562
okg,okg-fa,plutarch-of-chaeronea,plutarch-chaeronea-phocion,Phocion,Φωκίων,Philosophy,grc/plutarch-chaeronea-phocion-okg-fa.grc.md,113193,2204
okg,okg-cz,plutarch-of-chaeronea,plutarch-chaeronea-questions,Platonic Questions,Πλατωνικὰ ζητήματα,Philosophy,grc/plutarch-chaeronea-questions-okg-cz.grc.md,80812,1622
okg,okg-da,plutarch-of-chaeronea,plutarch-chaeronea-political-precepts,Political Precepts,Πολιτικὰ παραγγέλματα,Philosophy,grc/plutarch-chaeronea-political-precepts-okg-da.grc.md,167075,2071
okg,okg-eu,plutarch-of-chaeronea,plutarch-chaeronea-pompeius,Pompeius,Πομπήϊος,Philosophy,grc/plutarch-chaeronea-pompeius-okg-eu.grc.md,273118,1836
okg,okg-en,plutarch-of-chaeronea,plutarch-chaeronea-poplicola,Poplicola,Ποπλικόλας,Philosophy,grc/plutarch-chaeronea-poplicola-okg-en.grc.md,81673,2273
okg,okg-bw,plutarch-of-chaeronea,plutarch-chaeronea-alexandrian-proverbs,Proverbs Used by Alexandrians,Παροιμίαι αἷς Ἀλεξανδρεῖς ἐχρῶντο,Philosophy,grc/plutarch-chaeronea-alexandrian-proverbs-okg-bw.grc.md,38881,1805
okg,okg-fb,plutarch-of-chaeronea,plutarch-chaeronea-pyrrhus,Pyrrhus,Πύρρος,Philosophy,grc/plutarch-chaeronea-pyrrhus-okg-fb.grc.md,149684,2234
okg,okg-cm,plutarch-of-chaeronea,plutarch-chaeronea-causes,Roman and Greek Causes,Αἴτια Ἑλληνικά,Philosophy,grc/plutarch-chaeronea-causes-okg-cm.grc.md,258264,2568
okg,okg-fc,plutarch-of-chaeronea,plutarch-chaeronea-romulus,Romulus,Ῥωμύλος,Philosophy,grc/plutarch-chaeronea-romulus-okg-fc.grc.md,125912,2373
okg,okg-ca,plutarch-of-chaeronea,plutarch-chaeronea-impossibilities,SelectiImpossibilities,Ἐκλογὴ περὶ τῶν ἀδυνάτων,Philosophy,grc/plutarch-chaeronea-impossibilities-okg-ca.grc.md,4738,1861
okg,okg-eo,plutarch-of-chaeronea,plutarch-chaeronea-sertorius,Sertorius,Σερτώριος,Philosophy,grc/plutarch-chaeronea-sertorius-okg-eo.grc.md,94522,2354
okg,okg-fn,plutarch-of-chaeronea,plutarch-chaeronea-solon,Solon,Σόλων,Philosophy,grc/plutarch-chaeronea-solon-okg-fn.grc.md,115755,2775
okg,okg-fo,plutarch-of-chaeronea,plutarch-chaeronea-sulla,Sulla,Σύλλας,Philosophy,grc/plutarch-chaeronea-sulla-okg-fo.grc.md,156768,1950
okg,okg-ad,plutarch-of-chaeronea,plutarch-chaeronea-stoics-paradoxes,Summary of Stoics Saying More Paradoxical Things Than Poets,Σύνοψις τοῦ ὅτι παραδοξότερα οἱ Στωικοὶ τῶν,Philosophy,grc/plutarch-chaeronea-stoics-paradoxes-okg-ad.grc.md,9092,2040
okg,okg-am,plutarch-of-chaeronea,plutarch-chaeronea-soul-creation-timaeus,Summary of the Soul's Creation in the Timaeus,Ἐπιτομὴ τοῦ περὶ τῆς ἐν τῷ Τιμαίῳ ψυχογονίας,Philosophy,grc/plutarch-chaeronea-soul-creation-timaeus-okg-am.grc.md,16807,1935
okg,okg-cb,plutarch-of-chaeronea,plutarch-chaeronea-symposium-seven-sages,Symposium of the Seven Sages,Πων επτά σοφών συμπόσιον,Philosophy,grc/plutarch-chaeronea-symposium-seven-sages-okg-cb.grc.md,114837,2036
okg,okg-aa,plutarch-of-chaeronea,plutarch-chaeronea-live-pleasantly-epicurus,That It Is Not Possible to Live Pleasantly According to Epicurus,Ὅτι οὐδ ἡδέως ζῆν ἔστι κατ Ἐπίκουρον,Philosophy,grc/plutarch-chaeronea-live-pleasantly-epicurus-okg-aa.grc.md,120087,2107
okg,okg-du,plutarch-of-chaeronea,plutarch-chaeronea-themistocles,Themistocles,Θεμιστοκλῆς,Philosophy,grc/plutarch-chaeronea-themistocles-okg-du.grc.md,110284,2245
okg,okg-fd,plutarch-of-chaeronea,plutarch-chaeronea-theseus,Theseus,Θησεύς,Philosophy,grc/plutarch-chaeronea-theseus-okg-fd.grc.md,102311,2243
okg,okg-ce,plutarch-of-chaeronea,plutarch-chaeronea-gracchi,Tiberius and Caius Gracchus,Τιβέριος καὶ Γάϊος Γράκχος,Philosophy,grc/plutarch-chaeronea-gracchi-okg-ce.grc.md,126498,2428
okg,okg-ev,plutarch-of-chaeronea,plutarch-chaeronea-timoleon,Timoleon,Τιμολέων,Philosophy,grc/plutarch-chaeronea-timoleon-okg-ev.grc.md,124064,1797
okg,okg-di,plutarch-of-chaeronea,plutarch-chaeronea-titus-flamininus,Titus Flamininus,Τίτος Φλαμινῖνος,Philosophy,grc/plutarch-chaeronea-titus-flamininus-okg-di.grc.md,81008,2487
okg,okg-cj,plutarch-of-chaeronea,plutarch-chaeronea-uneducated-governor,To an Uneducated Governor,Πρὸς ἡγεμόνα ἀπαίδευτον,Philosophy,grc/plutarch-chaeronea-uneducated-governor-okg-cj.grc.md,23446,2437
okg,okg-ed,plutarch-of-chaeronea,plutarch-chaeronea-colotes,To Colotes,Πρὸς Κωλώτην,Philosophy,grc/plutarch-chaeronea-colotes-okg-ed.grc.md,130156,1881
okg,okg-cq,plutarch-of-chaeronea,plutarch-chaeronea-virtues-of-women,Virtues of Women,Γυναικῶν ἀρεταί,Philosophy,grc/plutarch-chaeronea-virtues-of-women-okg-cq.grc.md,128993,2033
okg,okg-ao,plutarch-of-chaeronea,plutarch-chaeronea-elder-politics,Whether An Elder Should Engage In Politics,Εἰ πρεσβυτέρῳ πολιτευτέον,Philosophy,grc/plutarch-chaeronea-elder-politics-okg-ao.grc.md,92045,2348
okg,okg-af,plutarch-of-chaeronea,plutarch-chaeronea-athenians-war-wisdom,Whether Athenians Are More Renowned for War or Wisdom,Πότερον Ἀθηναῖοι κατὰ πόλεμον ἢ κατὰ σοφίαν,Philosophy,grc/plutarch-chaeronea-athenians-war-wisdom-okg-af.grc.md,39106,2207
okg,okg-as,plutarch-of-chaeronea,plutarch-chaeronea-land-water-animals-wiser,Whether Land or Water Animals Are Wiser,Πότερα τῶν ζῴων φρονιμώτερα τὰ χερσαῖα ἢ τὰ ἔνυδρα,Philosophy,grc/plutarch-chaeronea-land-water-animals-wiser-okg-as.grc.md,197348,2109
okg,okg-be,plutarch-of-chaeronea,plutarch-chaeronea-live-unnoticed,Whether Live Unnoticed Is Well Said,Εἰ καλῶς εἴρηται τὸ λάθε βιώτας,Philosophy,grc/plutarch-chaeronea-live-unnoticed-okg-be.grc.md,18782,1782
okg,okg-ap,plutarch-of-chaeronea,plutarch-chaeronea-mind-faculty-passive-life,Whether the Mind's Faculty is Passive Life,Εἰ ἡ τοῦ νοῦ δύναμις παθητικὸς βίος,Philosophy,grc/plutarch-chaeronea-mind-faculty-passive-life-okg-ap.grc.md,14997,2125
okg,okg-aj,plutarch-of-chaeronea,plutarch-chaeronea-soul-body-passions,Whether the Soul's or Body's Passions Are Worse,Ποτερον τὰ τῆς ψυχῆς ἢ τὰ τοῦ σώματος πάθη χείρονα,Philosophy,grc/plutarch-chaeronea-soul-body-passions-okg-aj.grc.md,13340,1935
okg,okg-ay,plutarch-of-chaeronea,plutarch-chaeronea-vice-misfortune,Whether Vice Suffices For Misfortune,Εἰ αὐτάρκης ἡ κακία πρὸς κακοδαιμονίαν,Philosophy,grc/plutarch-chaeronea-vice-misfortune-okg-ay.grc.md,14194,1993
okg,okg-cf,plutarch-of-chaeronea,plutarch-chaeronea-virtue-teachable,Whether Virtue Is Teachable,Εἰ διδακτὸν ἡ ἀρετή,Philosophy,grc/plutarch-chaeronea-virtue-teachable-okg-cf.grc.md,11150,2304
vsg,vsg-aa,poet-anon,anon-poet-history,Ecclesiastical History,Ἐκκλησιαστικὴ Ἱστορία,Poetry,grc/anon-poet-history-vsg-aa.grc.md,2267783,1603
ozg,ozg-ab,polemon-laodicea,polemon-laodicea-declamations,Declamations,Μελέται,Philosophy,grc/polemon-laodicea-declamations-ozg-ab.grc.md,78605,1872
ozg,ozg-aa,polemon-laodicea,polemon-laodicea-physiognomic,Physiognomic Fragment,Φυσιογνωμονικὸν Ἀπόσπασμα,Philosophy,grc/polemon-laodicea-physiognomic-ozg-aa.grc.md,2894,2238
ola,ola-ab,polemon-of-laodicea,polemon-lao-athenian-acropolis,On the Athenian Acropolis,Ἀποσπάσματα,Geography,grc/polemon-lao-athenian-acropolis-ola-ab.grc.md,78980,1856
ola,ola-aa,polemon-of-laodicea,polemon-lao-testimony-fragments,Testimony and Fragments,Μαρτυρία καὶ Ἀποσπάσματα,Geography,grc/polemon-lao-testimony-fragments-ola-aa.grc.md,4906,1881
cfi,cfi-ab,poliochus-the-comic-poet,poliochus-rustic-meals-simple-living,On Rustic Meals and Simple Living,Ἀποσπάσματα,Comedy,grc/poliochus-rustic-meals-simple-living-cfi-ab.grc.md,2731,1713
cfi,cfi-aa,poliochus-the-comic-poet,poliochus-simple-life,Simple Life,Ἀποσπάσματα,Comedy,grc/poliochus-simple-life-cfi-aa.grc.md,3237,2214
qsq,qsq-aa,pollux-of-naucratis,pollux-naucratis-lexicon,Lexicon of Names,Ὀνομαστικόν,Grammar,grc/pollux-naucratis-lexicon-qsq-aa.grc.md,1602071,1784
qok,qok-aa,polyaenus-of-macedonia,polyaenus-macedonia-excerpts,Excerpts from Polyaenus,Ἐκλογαὶ ἐκ Πολυαίνου,Oratory,grc/polyaenus-macedonia-excerpts-qok-aa.grc.md,223024,1982
qok,qok-ac,polyaenus-of-macedonia,polyaenus-macedonia-governance,Fragments on Macedonian Governance,Ἀποσπάσματα περὶ Μακεδονικῆς Πολιτείας,Oratory,grc/polyaenus-macedonia-governance-qok-ac.grc.md,4315,1780
qok,qok-ab,polyaenus-of-macedonia,polyaenus-macedonia-stratagems,Stratagems,Στρατηγήματα,Oratory,grc/polyaenus-macedonia-stratagems-qok-ab.grc.md,851638,2028
ldg,ldg-aa,polybius-of-megalopolis,polybius-megalopolis-uncertain-books,Fragments from Uncertain Books,Ἀποσπάσματα ἐξ Ἀδήλων Βιβλίων,History,grc/polybius-megalopolis-uncertain-books-ldg-aa.grc.md,59214,2412
ldg,ldg-ab,polybius-of-megalopolis,polybius-megalopolis-histories,Histories,Ἱστορίαι,History,grc/polybius-megalopolis-histories-ldg-ab.grc.md,4303391,2866
ldg,ldg-ac,polybius-of-megalopolis,polybius-megalopolis-testimony,Testimony,Μαρτυρία,History,grc/polybius-megalopolis-testimony-ldg-ac.grc.md,6002,3233
nno,nno-ab,polybius-of-sardis,polybius-sardis-fragments-figures,Fragments-Figures,Ἀποσπάσματα περὶ σχημάτων,Oratory,grc/polybius-sardis-fragments-figures-nno-ab.grc.md,11303,1725
nno,nno-aa,polybius-of-sardis,polybius-sardis-barbarism-solecism,On Barbarism and Solecism,Περὶ βαρβαρισμοῦ καὶ σολοικισμοῦ,Oratory,grc/polybius-sardis-barbarism-solecism-nno-aa.grc.md,13692,2344
cfs,cfs-aa,polycharmus-the-historian,polycharmus-lycian-oracle,Lycian Oracle Fragments,Ἀποσπάσματα,History,grc/polycharmus-lycian-oracle-cfs-aa.grc.md,7358,1694
ess,ess-aa,polycrates-of-sparta,polycrates-sparta-festivals,Fragments on Spartan Festivals,Ἀποσπάσματα περὶ Σπαρτιατικῶν Ἑορτῶν,History,grc/polycrates-sparta-festivals-ess-aa.grc.md,4889,1896
cqw,cqw-ab,polykleitos-of-argos,polykleitos-argos-canon-of-polykleitos,Canon of Polykleitos,Ἀποσπάσματα,Philosophy,grc/polykleitos-argos-canon-of-polykleitos-cqw-ab.grc.md,5074,1699
cqw,cqw-aa,polykleitos-of-argos,polykleitos-argos-testimonies,Testimonies,Μαρτυρίαι,Philosophy,grc/polykleitos-argos-testimonies-cqw-aa.grc.md,5703,1651
jss,jss-ab,polystratus-the-epicurean,polystratus-pursuit-good,Fragments on the Pursuit of the Good,Ἀποσπάσματα περὶ Διώξεως τοῦ Ἀγαθοῦ,Philosophy,grc/polystratus-pursuit-good-jss-ab.grc.md,25436,2016
jss,jss-aa,polystratus-the-epicurean,polystratus-contempt-irrational,On the Contempt of the Irrational,Περὶ ἀλόγου καταφρονήσεως,Philosophy,grc/polystratus-contempt-irrational-jss-aa.grc.md,33855,2069
eew,eew-aa,polyzelus-the-comic-poet,polyzelus-comic-dialogues,Fragments of Comic Dialogues,Ἀποσπάσματα Κωμικῶν Διαλόγων,Comedy,grc/polyzelus-comic-dialogues-eew-aa.grc.md,3796,2026
eew,eew-ab,polyzelus-the-comic-poet,polyzelus-theramenes-tyranny,Fragments on Theramenes and Tyranny,Ἀποσπάσματα περὶ Θηραμένους καὶ Τυραννίδος,Comedy,grc/polyzelus-theramenes-tyranny-eew-ab.grc.md,3393,1966
aeq,aeq-aa,popular-songs,popular-songs-swallow-song,Fragments of the Swallow Song,Ἀποσπάσματα τοῦ Χελιδονίου ᾨδοῦ,Poetry,grc/popular-songs-swallow-song-aeq-aa.grc.md,9482,2424
udm,udm-ar,porphyry-of-tyre,porphyry-tyre-against-christians,Against the Christians,Κατὰ Χριστιανῶν,Philosophy,grc/porphyry-tyre-against-christians-udm-ar.grc.md,129157,2245
udm,udm-af,porphyry-of-tyre,porphyry-tyre-homeric-questions-b,Book I of Homeric Questions Version B,Βιβλίον Αʹ Ὁμηρικῶν ζητημάτων ἔκδοσις Β,Philosophy,grc/porphyry-tyre-homeric-questions-b-udm-af.grc.md,3843,2112
udm,udm-ag,porphyry-of-tyre,porphyry-tyre-homeric-questions-1,Book I of Homeric Questions Version T,Βιβλίον Αʹ Ὁμηρικῶν ζητημάτων ἔκδοσις Τ,Philosophy,grc/porphyry-tyre-homeric-questions-1-udm-ag.grc.md,4059,1925
udm,udm-ah,porphyry-of-tyre,porphyry-tyre-homeric-questions-1,Book I of Homeric Questions Version V,Βιβλίον Αʹ Ὁμηρικῶν ζητημάτων,Philosophy,grc/porphyry-tyre-homeric-questions-1-udm-ah.grc.md,149042,2155
udm,udm-ai,porphyry-of-tyre,porphyry-tyre-homeric-questions,Book I of Homeric Questions Version X,Ἰλιακῶν προβλημάτων βιβλίον α (ἔκδοσις Χ),Philosophy,grc/porphyry-tyre-homeric-questions-udm-ai.grc.md,143803,2440
udm,udm-ay,porphyry-of-tyre,porphyry-tyre-chronicles,Chronicles,Χρονικά,Philosophy,grc/porphyry-tyre-chronicles-udm-ay.grc.md,74617,1812
udm,udm-ak,porphyry-of-tyre,porphyry-tyre-commentaries-aristotle,Commentaries-Aristotle in Greek,Ὑπομνήματα εἰς Ἀριστοτέλην Ἑλληνιστί,Philosophy,grc/porphyry-tyre-commentaries-aristotle-udm-ak.grc.md,68365,2343
udm,udm-ao,porphyry-of-tyre,porphyry-tyre-timaeus-commentary,Commentary on Plato's Timaeus (Book I),Ὑπόμνημα εἰς Πλάτωνος Τίμαιον,Philosophy,grc/porphyry-tyre-timaeus-commentary-udm-ao.grc.md,126379,1776
udm,udm-an,porphyry-of-tyre,porphyry-tyre-timaeus-commentary,Commentary on Plato's Timaeus (Fragment),Ὑπόμνημα εἰς τὸν Πλάτωνος Τίμαιον,Philosophy,grc/porphyry-tyre-timaeus-commentary-udm-an.grc.md,5357,1923
udm,udm-am,porphyry-of-tyre,porphyry-tyre-plato-parmenides-commentary,Commentary-Plato's Parmenides,Ὑπόμνημα εἰς τὸν Πλάτωνος Παρμενίδην,Philosophy,grc/porphyry-tyre-plato-parmenides-commentary-udm-am.grc.md,40235,1990
udm,udm-ae,porphyry-of-tyre,porphyry-tyre-history-philosophy,Fragments of the History of Philosophy,Ἀποσπάσματα τῆς ἱστορίας τῆς φιλοσοφίας,Philosophy,grc/porphyry-tyre-history-philosophy-udm-ae.grc.md,24430,2112
udm,udm-ba,porphyry-of-tyre,porphyry-tyre-seven-sages,Fragments on the Seven Sages,Ἀποσπάσματα περὶ τῶν Ἑπτὰ Σοφῶν,Philosophy,grc/porphyry-tyre-seven-sages-udm-ba.grc.md,49018,1572
udm,udm-at,porphyry-of-tyre,porphyry-tyre-letter-anebon,Letter to Anebon,Πρὸς Ἀνεβῶνα ἐπιστολή,Philosophy,grc/porphyry-tyre-letter-anebon-udm-at.grc.md,50291,1800
udm,udm-au,porphyry-of-tyre,porphyry-tyre-life-plotinus,Life of Plotinus,Βίος Πλωτίνου,Philosophy,grc/porphyry-tyre-life-plotinus-udm-au.grc.md,99902,2242
udm,udm-as,porphyry-of-tyre,porphyry-tyre-life-pythagoras,Life of Pythagoras,Βίος Πυθαγόρου,Philosophy,grc/porphyry-tyre-life-pythagoras-udm-as.grc.md,77920,1948
udm,udm-av,porphyry-of-tyre,porphyry-tyre-abstinence,On Abstinence,Περὶ Ἀποχῆς,Philosophy,grc/porphyry-tyre-abstinence-udm-av.grc.md,435084,1870
udm,udm-aa,porphyry-of-tyre,porphyry-tyre-categories-qa,"On Aristotle's Categories, Exposition by Question and Answer",Περὶ Κατηγοριῶν Ἀριστοτέλους,Philosophy,grc/porphyry-tyre-categories-qa-udm-aa.grc.md,363733,1871
udm,udm-ap,porphyry-of-tyre,porphyry-tyre-philosophy-oracles,On Philosophy from Oracles,Περὶ φιλοσοφίας ἐκ χρησμῶν,Philosophy,grc/porphyry-tyre-philosophy-oracles-udm-ap.grc.md,52200,2089
udm,udm-az,porphyry-of-tyre,porphyry-tyre-statues,On Statues,Περὶ ἀγαλμάτων,Philosophy,grc/porphyry-tyre-statues-udm-az.grc.md,39321,2459
udm,udm-aq,porphyry-of-tyre,porphyry-tyre-cave-nymphs,On the Cave of the Nymphs,Περὶ τοῦ Νυμφῶν Ἄντρου,Philosophy,grc/porphyry-tyre-cave-nymphs-udm-aq.grc.md,62949,2407
udm,udm-ad,porphyry-of-tyre,porphyry-tyre-harmonics-commentary,"On the Harmonics of Ptolemy, Commentary",Εἰς τὰ ἁρμονικὰ Πτολεμαίου ὑπόμνημα,Philosophy,grc/porphyry-tyre-harmonics-commentary-udm-ad.grc.md,672197,2179
udm,udm-aj,porphyry-of-tyre,porphyry-tyre-vatican-codex,On the Vatican Codex,Ζητήματα τοῦ Βατικανοῦ κώδικος,Philosophy,grc/porphyry-tyre-vatican-codex-udm-aj.grc.md,142071,1901
udm,udm-ac,porphyry-of-tyre,porphyry-tyre-homeric-questions-iliad,Remains of Homeric Questions Pertaining to the Iliad,Λείψανα Ὁμηρικῶν ζητημάτων περὶ τὴν Ἰλιάδα,Philosophy,grc/porphyry-tyre-homeric-questions-iliad-udm-ac.grc.md,787712,2160
udm,udm-ab,porphyry-of-tyre,porphyry-tyre-homeric-questions-odyssey,Remains of Homeric Questions Pertaining to the Odyssey,Λείψανα Ὁμηρικῶν ζητημάτων περὶ τὴν Ὀδύσσειαν,Philosophy,grc/porphyry-tyre-homeric-questions-odyssey-udm-ab.grc.md,294610,1981
udm,udm-al,porphyry-of-tyre,porphyry-tyre-intelligibles,Sentences Leading to Intelligibles,Ἀποφθέγματα πρὸς Νοητά,Philosophy,grc/porphyry-tyre-intelligibles-udm-al.grc.md,92371,2244
udm,udm-aw,porphyry-of-tyre,porphyry-tyre-testimonies,Testimonies,Μαρτυρίαι,Philosophy,grc/porphyry-tyre-testimonies-udm-aw.grc.md,3471,1529
udm,udm-ax,porphyry-of-tyre,porphyry-tyre-marcella,To Marcella,Πρὸς Μάρκελλαν,Philosophy,grc/porphyry-tyre-marcella-udm-ax.grc.md,58850,1692
ios,ios-ac,posidippus-of-cassandreia,posidippus-cassandreia-apocleiomene,Fragments of Apocleiomene,Ἀποσπάσματα τοῦ Ἀποκλειωμένου,Comedy,grc/posidippus-cassandreia-apocleiomene-ios-ac.grc.md,3026,2050
ios,ios-aa,posidippus-of-cassandreia,posidippus-cassandreia-cooks-courtesans,Fragments on Cooks and Courtesans,Ἀποσπάσματα περὶ Μάγειρων καὶ Ἑταιρῶν,Comedy,grc/posidippus-cassandreia-cooks-courtesans-ios-aa.grc.md,11355,2210
ios,ios-ab,posidippus-of-cassandreia,posidippus-cassandreia-cooks-courtesans,Fragments on Cooks and Courtesans,Ἀποσπάσματα περὶ Μάγειρων καὶ Ἑταιρῶν,Comedy,grc/posidippus-cassandreia-cooks-courtesans-ios-ab.grc.md,10590,2234
hwg,hwg-ab,posidippus-of-pella,posidippus-pella-epigrams,Epigrams,Ἐπιγράμματα,Poetry,grc/posidippus-pella-epigrams-hwg-ab.grc.md,13172,1880
hwg,hwg-aa,posidippus-of-pella,posidippus-pella-fragments,Fragments and Titles,Ἀποσπάσματα καὶ Τίτλοι,Poetry,grc/posidippus-pella-fragments-hwg-aa.grc.md,4980,1904
msa,msa-ac,posidonius-of-apameia-rhodes,posidonius-apameia-rhodes-customs-wars,Fragments on Customs and Wars,Ἀποσπάσματα περὶ Ἐθῶν καὶ Πολέμων,Philosophy,grc/posidonius-apameia-rhodes-customs-wars-msa-ac.grc.md,437212,2525
msa,msa-ab,posidonius-of-apameia-rhodes,posidonius-apameia-rhodes-ocean-tides,Fragments on Ocean Tides,Ἀποσπάσματα περὶ τῆς τῶν Ὠκεανῶν Παλιρροίας,Philosophy,grc/posidonius-apameia-rhodes-ocean-tides-msa-ab.grc.md,1309014,2042
msa,msa-aa,posidonius-of-apameia-rhodes,posidonius-apameia-rhodes-testimonies,Testimonies,Μαρτυρίαι,Philosophy,grc/posidonius-apameia-rhodes-testimonies-msa-aa.grc.md,12261,1880
lzy,lzy-aa,posidonius-of-olbia,posidonius-olbia-historical-account,Historical Account of Perseus,Ἀποσπάσματα,History,grc/posidonius-olbia-historical-account-lzy-aa.grc.md,5658,1871
jkq,jkq-aa,possis-of-magnesia,possis-magnesia-mythology,Fragments on Mythology,Ἀποσπάσματα περὶ Μυθολογίας,History,grc/possis-magnesia-mythology-jkq-aa.grc.md,2842,1406
psm,psm-aa,potamon-of-mytilene,potamon-mytilene-historical-rhetorical,Historical and Rhetorical Fragments,Ἀποσπάσματα,History,grc/potamon-mytilene-historical-rhetorical-psm-aa.grc.md,2712,1863
bmc,bmc-aa,pratinas-of-phlius,pratinas-phlius-against-aulos,Chorus Against the Aulos,Ἀποσπάσματα,Drama,grc/pratinas-phlius-against-aulos-bmc-aa.grc.md,4281,1896
bmc,bmc-ab,pratinas-of-phlius,pratinas-phlius-dithyramb-dance,On the Dithyramb and Choral Dance,Ἀποσπάσματα,Drama,grc/pratinas-phlius-dithyramb-dance-bmc-ab.grc.md,4142,1802
ifc,ifc-aa,praxagoras-of-cos,praxagoras-cos-history-constantine,History of Constantine the Great,Ἀπόσπασμα,History,grc/praxagoras-cos-history-constantine-ifc-aa.grc.md,9022,1821
ccq,ccq-aa,praxilla-of-sicyon,praxilla-sicyon-lyric-fragments,Lyric Fragments on Life and Love,Ἀποσπάσματα περὶ Βίου καὶ Ἔρωτος,Poetry,grc/praxilla-sicyon-lyric-fragments-ccq-aa.grc.md,3164,1943
hna,hna-aa,praxiphanes-of-mytilene,praxiphanes-mytilene-philosophical-fragments,Fragments on Philosophical Discourse,Ἀποσπάσματα περὶ Φιλοσοφικοῦ Λόγου,Philosophy,grc/praxiphanes-mytilene-philosophical-fragments-hna-aa.grc.md,17583,1817
fqo,fqo-aa,praxiteles-of-athens,praxiteles-athens-epigram,Epigram,Ἐπίγραμμα,Poetry,grc/praxiteles-athens-epigram-fqo-aa.grc.md,2178,1573
scu,scu-aa,precepts-for-health,precepts-for-health,Healthy Precepts,Ὑγιειναὶ Παραγγελίαι,Medicine,grc/precepts-for-health-scu-aa.grc.md,9846,1905
uve,uve-aa,priscian-of-caesarea,priscian-caesarea-theophrastus-paraphrase,Paraphrase-Theophrastus,Παράφρασις εἰς Θεόφραστον,Philosophy,grc/priscian-caesarea-theophrastus-paraphrase-uve-aa.grc.md,159698,1798
tba,tba-ab,priscus-of-panium,priscus-panium-attila-huns,Fragments on Attila and the Huns,Ἀποσπάσματα περὶ Ἀττίλα καὶ τῶν Οὔννων,History,grc/priscus-panium-attila-huns-tba-ab.grc.md,236417,2087
tba,tba-aa,priscus-of-panium,priscus-panium-testimonies,Testimonies,Μαρτυρίαι,History,grc/priscus-panium-testimonies-tba-aa.grc.md,5829,1839
uqy,uqy-aq,proclus-the-successor,proclus-chrestomathy,Chrestomathy,Χρηστομάθεια,Philosophy,grc/proclus-chrestomathy-uqy-aq.grc.md,31310,2191
uqy,uqy-au,proclus-the-successor,proclus-hesiod-works-days-commentary,Commentary-Hesiod's Works and Days,Σχόλια εἰς τὰ Ἡσιόδου Ἔργα καὶ Ἡμέρας,Philosophy,grc/proclus-hesiod-works-days-commentary-uqy-au.grc.md,526434,695
uqy,uqy-ag,proclus-the-successor,proclus-cratylus-commentary,Commentary-Plato's Cratylus,Σχόλια εἰς τὸν Πλάτωνος Κρατύλον,Philosophy,grc/proclus-cratylus-commentary-uqy-ag.grc.md,335162,2157
uqy,uqy-ah,proclus-the-successor,proclus-timaeus-commentary,Commentary-Plato's Timaeus,Σχόλια εἰς τὸν Πλάτωνος Τίμαιον,Philosophy,grc/proclus-timaeus-commentary-uqy-ah.grc.md,3728630,2208
uqy,uqy-ab,proclus-the-successor,proclus-euclid-elements-commentary,Commentary-the First Book of Euclid's Elements,Σχόλια εἰς τὸ πρῶτον βιβλίον τῶν Εὐκλείδου,Philosophy,grc/proclus-euclid-elements-commentary-uqy-ab.grc.md,968172,2206
uqy,uqy-at,proclus-the-successor,proclus-epigrams,Epigram,Ἐπίγραμμα,Philosophy,grc/proclus-epigrams-uqy-at.grc.md,2335,1662
uqy,uqy-as,proclus-the-successor,proclus-epigrams,Epigrams,Ἐπιγράμματα,Philosophy,grc/proclus-epigrams-uqy-as.grc.md,2727,1379
uqy,uqy-ac,proclus-the-successor,proclus-platonic-theology,Excerpts from Platonic Theology of Proclus,Ἐκλογαὶ ἐκ τῆς Πλατωνικῆς Θεολογίας τοῦ Πρόκλου,Philosophy,grc/proclus-platonic-theology-uqy-ac.grc.md,42298,2483
uqy,uqy-ar,proclus-the-successor,proclus-hymns,Hymns 1–7,Ὕμνοι Α'-Ζ',Philosophy,grc/proclus-hymns-uqy-ar.grc.md,18539,1862
uqy,uqy-ak,proclus-the-successor,proclus-plato-alcibiades,On Plato's Alcibiades I,Περὶ τοῦ Πλάτωνος Ἀλκιβιάδου Α',Philosophy,grc/proclus-plato-alcibiades-uqy-ak.grc.md,830637,2113
uqy,uqy-an,proclus-the-successor,proclus-plato-parmenides,On Plato's Parmenides,Περὶ τοῦ Πλάτωνος Παρμενίδου,Philosophy,grc/proclus-plato-parmenides-uqy-an.grc.md,2015184,2275
uqy,uqy-aa,proclus-the-successor,proclus-providence-fate-theodorus,"On Providence, Fate, and What is Within Us to Theodorus the Mechanic",Περὶ προνοίας,Philosophy,grc/proclus-providence-fate-theodorus-uqy-aa.grc.md,68099,2092
uqy,uqy-am,proclus-the-successor,proclus-sacrifice-magic,On Sacrifice and Magic,Περὶ θυσίας καὶ μαγείας,Philosophy,grc/proclus-sacrifice-magic-uqy-am.grc.md,15090,2359
uqy,uqy-ad,proclus-the-successor,proclus-ten-doubts-providence,On Ten Doubts Concerning Providence,Περὶ δέκα ἀποριῶν περὶ προνοίας,Philosophy,grc/proclus-ten-doubts-providence-uqy-ad.grc.md,160476,2218
uqy,uqy-aj,proclus-the-successor,proclus-existence-of-evils,On the Existence of Evils,Περὶ τοῦ εἶναι τὰ κακά,Philosophy,grc/proclus-existence-of-evils-uqy-aj.grc.md,106489,2582
uqy,uqy-af,proclus-the-successor,proclus-astronomical-positions,Outline of Astronomical Positions,Σύνοψις τῶν ἀστρονομικῶν θέσεων,Philosophy,grc/proclus-astronomical-positions-uqy-af.grc.md,295604,1831
uqy,uqy-ao,proclus-the-successor,proclus-physical-instruction,Physical Instruction,Φυσικὴ Διδασκαλία,Philosophy,grc/proclus-physical-instruction-uqy-ao.grc.md,79291,1566
uqy,uqy-ai,proclus-the-successor,proclus-theology-books-1-5,Platonic Theology Books 1–5,Πλατωνικὴ Θεολογία Βιβλία Α'-Ε',Philosophy,grc/proclus-theology-books-1-5-uqy-ai.grc.md,1454274,2173
uqy,uqy-ap,proclus-the-successor,proclus-diadochus,Proclus Diadochus,Σχόλια εἰς τὴν Πλάτωνος Πολιτείαν,Philosophy,grc/proclus-diadochus-uqy-ap.grc.md,1978564,1797
uqy,uqy-ae,proclus-the-successor,proclus-chaldaean-philosophy,Selections-Chaldaean Philosophy,Ἐκλογαὶ περὶ Χαλδαϊκῆς φιλοσοφίας,Philosophy,grc/proclus-chaldaean-philosophy-uqy-ae.grc.md,19790,2112
uqy,uqy-al,proclus-the-successor,proclus-theological-instruction,Theological Instruction,Θεολογικὴ Διδασκαλία,Philosophy,grc/proclus-theological-instruction-uqy-al.grc.md,326432,2252
unc,unc-ac,procopius-of-caesarea,procopius-caesarea-buildings,On Buildings,Περὶ κτισμάτων,History,grc/procopius-caesarea-buildings-unc-ac.grc.md,484033,1972
unc,unc-ab,procopius-of-caesarea,procopius-caesarea-secret-history,Secret History,Ἀπόκρυφη Ἱστορία,History,grc/procopius-caesarea-secret-history-unc-ab.grc.md,428796,2042
unc,unc-aa,procopius-of-caesarea,procopius-caesarea-defense-wars,Speeches in Defense of the Wars,Ὑπὲρ τῶν Πολέμων Λόγοι,History,grc/procopius-caesarea-defense-wars-unc-aa.grc.md,2936156,2055
dpw,dpw-ab,prodicus-of-ceos,prodicus-ceos-herakles-crossroads,Heracles at the Crossroads,Ἀποσπάσματα,Oratory,grc/prodicus-ceos-herakles-crossroads-dpw-ab.grc.md,23922,2199
dpw,dpw-aa,prodicus-of-ceos,prodicus-ceos-testimonies,Testimonies,Μαρτυρίαι,Oratory,grc/prodicus-ceos-testimonies-dpw-aa.grc.md,19475,2222
gdq,gdq-aa,promathidas-of-heraclea,promathidas-heraclea-text,On Heraclea,Ἀποσπάσματα,History,grc/promathidas-heraclea-text-gdq-aa.grc.md,6702,1687
jis,jis-aa,promathion-the-historian,promathion-mythical-origins,Fragments on Mythical Origins,Ἀποσπάσματα περὶ Μυθικῶν Ἀρχῶν,History,grc/promathion-mythical-origins-jis-aa.grc.md,4835,1754
coy,coy-ab,protagoras-of-abdera,protagoras-abdera-truth-measure,On Truth and the Measure of Man,Ἀποσπάσματα,Oratory,grc/protagoras-abdera-truth-measure-coy-ab.grc.md,14062,2411
coy,coy-aa,protagoras-of-abdera,protagoras-abdera-testimonies,Testimonies,Μαρτυρίαι,Oratory,grc/protagoras-abdera-testimonies-coy-aa.grc.md,44004,1790
gea,gea-aa,protagorides-the-historian,protagorides-daphne-festivals,On the Daphne Festivals,Ἀποσπάσματα,History,grc/protagorides-daphne-festivals-gea-aa.grc.md,4517,1822
dlg,dlg-aa,proxenus-of-boeotia,proxenus-boeotia-oracles-myths,Epeirotica: Oracles and Myths,Ἀποσπάσματα,History,grc/proxenus-boeotia-oracles-myths-dlg-aa.grc.md,5429,1433
qgs,qgs-aa,ps-apollodorus,pseudo-apollodorus-library,Library,Βιβλιοθήκη,Fiction,grc/pseudo-apollodorus-library-qgs-aa.grc.md,366559,2057
mxk,mxk-aa,ps-archytas-the-pythagorean,pseudo-archytas-ten-categories,On the Ten Universal Categories,Ἀποσπάσματα,Philosophy,grc/pseudo-archytas-ten-categories-mxk-aa.grc.md,148633,1928
urs,urs-ae,ps-dionysius-the-areopagite,pseudo-dionysius-divine-knowledge,Fragments on Divine Knowledge,Ἀποσπάσματα περὶ Θείας Γνώσεως,Theology,grc/pseudo-dionysius-divine-knowledge-urs-ae.grc.md,85929,2330
urs,urs-ad,ps-dionysius-the-areopagite,pseudo-dionysius-divine-names,On Divine Names,Περὶ Θείων Ὀνομάτων,Theology,grc/pseudo-dionysius-divine-names-urs-ad.grc.md,290000,2326
urs,urs-aa,ps-dionysius-the-areopagite,pseudo-dionysius-ecclesiastical-hierarchy,On Ecclesiastical Hierarchy,Περὶ τῆς Ἐκκλησιαστικῆς Ἱεραρχίας,Theology,grc/pseudo-dionysius-ecclesiastical-hierarchy-urs-aa.grc.md,213691,2186
urs,urs-ac,ps-dionysius-the-areopagite,pseudo-dionysius-mystical-theology,On Mystical Theology,Περὶ Μυστικῆς Θεολογίας,Theology,grc/pseudo-dionysius-mystical-theology-urs-ac.grc.md,19212,2437
urs,urs-ab,ps-dionysius-the-areopagite,pseudo-dionysius-celestial-hierarchy,On the Celestial Hierarchy,Περὶ τῆς Οὐρανίας Ἱεραρχίας,Theology,grc/pseudo-dionysius-celestial-hierarchy-urs-ab.grc.md,151912,2345
nys,nys-aa,ps-dioscorides,pseudo-dioscorides-venomous-animals-rabid-dog,"On Animals That Emit Venom, Including the Rabid Dog",Περὶ τῶν ζῴων τῶν δηλητηριωδῶν,Medicine,grc/pseudo-dioscorides-venomous-animals-rabid-dog-nys-aa.grc.md,83824,2229
nys,nys-ab,ps-dioscorides,pseudo-dioscorides-poisons-treatment,On Poisons and Their Precaution and Treatment,Περὶ δηλητηρίων καὶ τῆς προφυλάξεως καὶ,Medicine,grc/pseudo-dioscorides-poisons-treatment-nys-ab.grc.md,67465,1904
nys,nys-ac,ps-dioscorides,pseudo-dioscorides-stones,On Stones,Περὶ λίθων,Medicine,grc/pseudo-dioscorides-stones-nys-ac.grc.md,17253,2384
jyc,jyc-aa,ps-hellenistic-authors,pseudo-hellenistic-divine-nature,Fragments on the Divine Nature,Ἀποσπάσματα περὶ Θείας Φύσεως,Philosophy,grc/pseudo-hellenistic-divine-nature-jyc-aa.grc.md,33383,2012
otw,otw-aa,ps-heraclitus,pseudo-heraclitus-god-piety,Fragments on God and Piety,Ἀποσπάσματα περὶ Θεοῦ καὶ Εὐσεβείας,,grc/pseudo-heraclitus-god-piety-otw-aa.grc.md,17978,2447
oyw,oyw-ad,ps-hippocrates,pseudo-hippocrates-interpretative-stones,InterpretatiActive Stones,Ἑρμηνεία περὶ ἐνεργῶν λίθων,Medicine,grc/pseudo-hippocrates-interpretative-stones-oyw-ad.grc.md,23302,2089
oyw,oyw-ae,ps-hippocrates,pseudo-hippocrates-king-ptolemy,Letter to King Ptolemy,Ἐπιστολὴ πρὸς βασιλέα Πτολεμαῖον,Medicine,grc/pseudo-hippocrates-king-ptolemy-oyw-ae.grc.md,12595,2082
oyw,oyw-aa,ps-hippocrates,pseudo-hippocrates-letter-ptolemy-fabric-man,Letter to King Ptolemy-the Fabric of Man,Ἐπιστολὴ πρὸς βασιλέα Πτολεμαῖον περὶ κατασκευῆς,Medicine,grc/pseudo-hippocrates-letter-ptolemy-fabric-man-oyw-aa.grc.md,20123,2177
oyw,oyw-ac,ps-hippocrates,pseudo-hippocrates-foods,On Foods,Περὶ διαφόρων καὶ παντοίων τροφῶν,Medicine,grc/pseudo-hippocrates-foods-oyw-ac.grc.md,10385,1941
oyw,oyw-af,ps-hippocrates,pseudo-hippocrates-seven-month-birth,On Seven-Month Birth,Περὶ ἑπταμηνιαίου τόκου,Medicine,grc/pseudo-hippocrates-seven-month-birth-oyw-af.grc.md,22504,2010
oyw,oyw-ab,ps-hippocrates,pseudo-hippocrates-foods-difference,On the Difference of Foods to Ptolemy,Περὶ διαφορᾶς τροφῶν πρὸς Πτολεμαῖον,Medicine,grc/pseudo-hippocrates-foods-difference-oyw-ab.grc.md,35596,1959
sji,sji-aa,ps-ignatius-of-antioch,pseudo-ignatius-antioch-jewish-privileges,Letters on Jewish Privileges,Ἐπιστολαὶ περὶ Ἰουδαϊκῶν Προνομιῶν,,grc/pseudo-ignatius-antioch-jewish-privileges-sji-aa.grc.md,8467,2057
nzw,nzw-aa,ps-longinus,pseudo-longinus-sublime,On the Sublime,Περὶ ὕψους,Oratory,grc/pseudo-longinus-sublime-nzw-aa.grc.md,165565,1975
qeu,qeu-ah,ps-lucian,pseudo-lucian-alcyon,Alcyon,Ἀλκυών,Oratory,grc/pseudo-lucian-alcyon-qeu-ah.grc.md,13790,2030
qeu,qeu-ab,ps-lucian,pseudo-lucian-charidemos-beauty,Charidemos or-Beauty,Χαρίδημος ἢ Περὶ Κάλλους,Oratory,grc/pseudo-lucian-charidemos-beauty-qeu-ab.grc.md,45578,1667
qeu,qeu-ai,ps-lucian,pseudo-lucian-cynic,Cynic,Κυνικός,Oratory,grc/pseudo-lucian-cynic-qeu-ai.grc.md,32009,2016
qeu,qeu-ac,ps-lucian,pseudo-lucian-encomium,encom of Demosthenes,Δημοσθένους Ἐγκώμιον,Oratory,grc/pseudo-lucian-encomium-qeu-ac.grc.md,67213,1951
qeu,qeu-ag,ps-lucian,pseudo-lucian-epigrams,Epigram,Ἐπίγραμμα,Oratory,grc/pseudo-lucian-epigrams-qeu-ag.grc.md,2276,1604
qeu,qeu-af,ps-lucian,pseudo-lucian-epigrams,Epigrams,Ἐπιγράμματα,Oratory,grc/pseudo-lucian-epigrams-qeu-af.grc.md,16984,1792
qeu,qeu-aj,ps-lucian,pseudo-lucian-loves,Loves,Ἔρωτες,Oratory,grc/pseudo-lucian-loves-qeu-aj.grc.md,101175,1875
qeu,qeu-ad,ps-lucian,pseudo-lucian-ass,Lucius or the Ass,Λούκιος ἢ Ὄνος,Oratory,grc/pseudo-lucian-ass-qeu-ad.grc.md,119948,2434
qeu,qeu-aa,ps-lucian,pseudo-lucian-philopatris,Philopatris or The Student,Φιλόπατρις ἢ Διδασκόμενος,Oratory,grc/pseudo-lucian-philopatris-qeu-aa.grc.md,44643,2134
qeu,qeu-ae,ps-lucian,pseudo-lucian-swift-footed,Swift-Footed,Ὠκύπους,Oratory,grc/pseudo-lucian-swift-footed-qeu-ae.grc.md,16036,1693
vvi,vvi-aa,ps-maurice-the-tactician,pseudo-maurice-strategicon,Strategicon,Στρατηγικόν,Science,grc/pseudo-maurice-strategicon-vvi-aa.grc.md,610269,1965
oss,oss-aa,ps-phocylides,pseudo-phocylides-sentences,Sentences,Γνῶμαι,Philosophy,grc/pseudo-phocylides-sentences-oss-aa.grc.md,23234,1859
pyq,pyq-ac,ps-plutarch,pseudo-plutarch-music,On Music,περὶ Μουσικῆς,Philosophy,grc/pseudo-plutarch-music-pyq-ac.grc.md,102309,1980
pyq,pyq-aa,ps-plutarch,pseudo-plutarch-natural-doctrines,On Natural Doctrines Pleasing Philosophers,Περὶ τῶν ἀρεσκόντων τοῖς φιλοσόφοις φυσικῶν,Philosophy,grc/pseudo-plutarch-natural-doctrines-pyq-aa.grc.md,218607,3264
pyq,pyq-ab,ps-plutarch,pseudo-plutarch-rivers,On Rivers,Περὶ ποταμῶν,Philosophy,grc/pseudo-plutarch-rivers-pyq-ab.grc.md,92256,1890
pwi,pwi-ab,ps-polemon,pseudo-polemon-physiognomics,Physiognomics,Φυσιογνωμονικά,Philosophy,grc/pseudo-polemon-physiognomics-pwi-ab.grc.md,14055,1982
pwi,pwi-aa,ps-polemon,pseudo-polemon-physiognomics,"Physiognomics, Adamantian Epitome",Φυσιογνωμονικά,Philosophy,grc/pseudo-polemon-physiognomics-pwi-aa.grc.md,99688,2263
tss,tss-aa,ps-sphrantzes,pseudo-sphrantzes-chronicle-additions,"Chronicle or Greater, Additions by Macarius Melissenus",Χρονικὸν ἢ Μέγα,History,grc/pseudo-sphrantzes-chronicle-additions-tss-aa.grc.md,43022,2169
tss,tss-ab,ps-sphrantzes,pseudo-sphrantzes-chronicle-greater,"Chronicle or Greater, Partly by Macarius Melissenus",Χρονικὸν ἢ Μέγα,History,grc/pseudo-sphrantzes-chronicle-greater-tss-ab.grc.md,1090161,2507
tqu,tqu-aq,pseudo-galen,pseudo-galen-compendium-urine,A Compendium-Urine,Σύνοψις Περὶ Οὖρων,Medicine,grc/pseudo-galen-compendium-urine-tqu-aq.grc.md,13600,1934
tqu,tqu-af,pseudo-galen,pseudo-galen-true-prediction,Entirely True and Experienced Prediction,Παντελῶς Ἀληθὴς καὶ Ἐμπειρικὴ Προγνώσις,Medicine,grc/pseudo-galen-true-prediction-tqu-af.grc.md,13195,1865
tqu,tqu-al,pseudo-galen,pseudo-galen-introduction,Introduction or Physician,Εἰσαγωγὴ ἢ Ἰατρός,Medicine,grc/pseudo-galen-introduction-tqu-al.grc.md,238866,1805
tqu,tqu-ar,pseudo-galen,pseudo-galen-definitions,Medical Definitions,Ἰατρικαὶ Ὁρισμοί,Medicine,grc/pseudo-galen-definitions-tqu-ar.grc.md,193961,1776
tqu,tqu-aw,pseudo-galen,pseudo-galen-bandages,On Bandages,Περὶ Ἐπιδέσμων,Medicine,grc/pseudo-galen-bandages-tqu-aw.grc.md,105841,1855
tqu,tqu-ae,pseudo-galen,pseudo-galen-acute-diseases-diet,On Diet in Acute Diseases According to Hippocrates,Περὶ Διαιτῆς ἐν Ὀξέσι Κατὰ Ἱπποκράτην,Medicine,grc/pseudo-galen-acute-diseases-diet-tqu-ae.grc.md,73026,2012
tqu,tqu-ax,pseudo-galen,pseudo-galen-humors,On Humors,Περὶ Χυμῶν,Medicine,grc/pseudo-galen-humors-tqu-ax.grc.md,22351,1788
tqu,tqu-ao,pseudo-galen,pseudo-galen-remedies,On Obtainable Remedies,Περὶ Παρασκευαστῶν Θεραπευμάτων,Medicine,grc/pseudo-galen-remedies-tqu-ao.grc.md,459973,2069
tqu,tqu-ap,pseudo-galen,pseudo-galen-parts-philosophy,On Parts of Philosophy,Περὶ Μερῶν Φιλοσοφίας,Medicine,grc/pseudo-galen-parts-philosophy-tqu-ap.grc.md,28054,1852
tqu,tqu-am,pseudo-galen,pseudo-galen-philosophical-history,On Philosophical History,Περὶ Φιλοσοφικῆς Ἱστορίας,Medicine,grc/pseudo-galen-philosophical-history-tqu-am.grc.md,147780,1645
tqu,tqu-ac,pseudo-galen,pseudo-galen-pulses-antonius,"On Pulses to Antonius, Student of Discipline and Philosopher",Περὶ Σφυγμῶν πρὸς Ἀντώνιον Μαθητὴν καὶ Φιλόσοφον,Medicine,grc/pseudo-galen-pulses-antonius-tqu-ac.grc.md,27291,2077
tqu,tqu-as,pseudo-galen,pseudo-galen-urine-signs,On Signs from Urine,Περὶ Σημείων ἐξ Οὖρων,Medicine,grc/pseudo-galen-urine-signs-tqu-as.grc.md,25797,1680
tqu,tqu-au,pseudo-galen,pseudo-galen-substitutes,On Substitutes,Περὶ Ἀντικαταστάσεων,Medicine,grc/pseudo-galen-substitutes-tqu-au.grc.md,33277,1979
tqu,tqu-ah,pseudo-galen,pseudo-galen-best-sect,On the Best Sect to Thrasybulus,Περὶ τῆς Ἀρίστης Αἱρέσεως πρὸς Θρασύβουλον,Medicine,grc/pseudo-galen-best-sect-tqu-ah.grc.md,223375,2305
tqu,tqu-aj,pseudo-galen,pseudo-galen-cause-affections,On the Cause of Affections,Περὶ Αἰτίας Παθῶν,Medicine,grc/pseudo-galen-cause-affections-tqu-aj.grc.md,42095,1646
tqu,tqu-ab,pseudo-galen,pseudo-galen-kidney-affections,On the Diagnosis and Treatment of Affections Residing in the Kidneys,Περὶ Διαγνώσεως καὶ Θεραπείας Παθῶν ἐν Νεφροῖς,Medicine,grc/pseudo-galen-kidney-affections-tqu-ab.grc.md,101928,1874
tqu,tqu-ak,pseudo-galen,pseudo-galen-theriac-pamphilianus,On Theriac to Pamphilianus,Περὶ Θηριακῆς πρὸς Παμφιλιανόν,Medicine,grc/pseudo-galen-theriac-pamphilianus-tqu-ak.grc.md,30145,1778
tqu,tqu-aa,pseudo-galen,pseudo-galen-urine,On Urines (Hippocratic-Galenic Compilation),Περὶ Οὖρων ἐκ Ἱπποκράτους,Medicine,grc/pseudo-galen-urine-tqu-aa.grc.md,38373,1888
tqu,tqu-ay,pseudo-galen,pseudo-galen-urine,On Urines (Pseudo-Galenic Treatise),Περὶ Οὖρων,Medicine,grc/pseudo-galen-urine-tqu-ay.grc.md,47909,1860
tqu,tqu-av,pseudo-galen,pseudo-galen-venesection,On Venesection,Περὶ Φλεβοτομίας,Medicine,grc/pseudo-galen-venesection-tqu-av.grc.md,18295,1888
tqu,tqu-an,pseudo-galen,pseudo-galen-weights-measures,On Weights and Measures,Περὶ Βαρῶν καὶ Μέτρων,Medicine,grc/pseudo-galen-weights-measures-tqu-an.grc.md,43860,1906
tqu,tqu-ad,pseudo-galen,pseudo-galen-prognostics-lying-down,Prognostics-Lying Down from Mathematical Science,Προγνωστικὰ ἐκ τῆς Μαθηματικῆς Ἐπιστήμης,Medicine,grc/pseudo-galen-prognostics-lying-down-tqu-ad.grc.md,81723,2346
tqu,tqu-ag,pseudo-galen,pseudo-galen-fetus-animated,To Gaurus-How the Fetus is Animated,Πρὸς Γαῦρον Περὶ τοῦ Πῶς Ἔμβρυον Ἐμψυχοῦται,Medicine,grc/pseudo-galen-fetus-animated-tqu-ag.grc.md,119504,2365
tqu,tqu-ai,pseudo-galen,pseudo-galen-fetus-animal,Whether The Fetus Is An Animal,Εἰ Ἔμβρυον Ζῷον,Medicine,grc/pseudo-galen-fetus-animal-tqu-ai.grc.md,47374,1866
tqu,tqu-at,pseudo-galen,pseudo-galen-plants,Words of Plants,Λέξεις βοτανῶν,Medicine,grc/pseudo-galen-plants-tqu-at.grc.md,21215,1960
uau,uau-aj,pseudo-justin,pseudo-justin-resurrection,On the Resurrection,Περὶ Ἀναστάσεως,Theology,grc/pseudo-justin-resurrection-uau-aj.grc.md,42530,558
mna,mna-aa,pseudo-scymnus,pseudo-scymnus-periegesis,Periegesis,Περιήγησις Σκύμνου Χίου,Geography,grc/pseudo-scymnus-periegesis-mna-aa.grc.md,75193,1858
mna,mna-ab,pseudo-scymnus,pseudo-scymnus-to-king-nicomedes,To King Nicomedes,Πρὸς Νικομήδην Βασιλέα,Geography,grc/pseudo-scymnus-to-king-nicomedes-mna-ab.grc.md,24718,1994
yem,yem-aa,pseudo-zonaras,pseudo-zonaras-lexicon,Lexicon,Λεξικόν,Grammar,grc/pseudo-zonaras-lexicon-yem-aa.grc.md,2980139,448
jla,jla-aa,ptolemais-of-cyrene,ptolemais-cyrene-music,Fragments-Music,Ἀποσπάσματα περὶ Μουσικῆς,Philosophy,grc/ptolemais-cyrene-music-jla-aa.grc.md,7866,1884
ipm,ipm-aa,ptolemy-ii-philadelphusletters,ptolemy-ii-letters-eleazar,Ptolemy's Letter to Eleazar,Ἐπιστολαί,History,grc/ptolemy-ii-letters-eleazar-ipm-aa.grc.md,8115,2327
kka,kka-aa,ptolemy-iii-euergetes,ptolemy-iii-epigram,Epigram,Ἐπίγραμμα,Poetry,grc/ptolemy-iii-epigram-kka-aa.grc.md,2278,1584
phs,phs-ah,ptolemy-of-alexandria,ptolemy-alexandria-appearances,Appearances,Φαινόμενα,Mathematics,grc/ptolemy-alexandria-appearances-phs-ah.grc.md,120252,1719
phs,phs-ab,ptolemy-of-alexandria,ptolemy-alexandria-handy-rules,Arrangement and Voting of Handy Rules,Προχείρων κανόνων διάταξις καὶ ψηφοφορία,Mathematics,grc/ptolemy-alexandria-handy-rules-phs-ab.grc.md,67504,2699
phs,phs-ae,ptolemy-of-alexandria,ptolemy-alexandria-geography-1-3,Geography Books 1–3,Γεωγραφία Βιβλία Α΄-Γ΄,Mathematics,grc/ptolemy-alexandria-geography-1-3-phs-ae.grc.md,405463,2274
phs,phs-af,ptolemy-of-alexandria,ptolemy-alexandria-geography-4-8,Geography Books 4–8,Γεωγραφία Βιβλία Δ΄-Η΄,Mathematics,grc/ptolemy-alexandria-geography-4-8-phs-af.grc.md,599599,2503
phs,phs-al,ptolemy-of-alexandria,ptolemy-alexandria-harmonics,Harmonics,Ἁρμονικά,Mathematics,grc/ptolemy-alexandria-harmonics-phs-al.grc.md,343644,2240
phs,phs-aj,ptolemy-of-alexandria,ptolemy-alexandria-hypotheses,Hypotheses,Ὑποθέσεις,Mathematics,grc/ptolemy-alexandria-hypotheses-phs-aj.grc.md,54930,2151
phs,phs-ad,ptolemy-of-alexandria,ptolemy-alexandria-canopus-inscription,Inscription of Canopus,Ἐπιγραφή τοῦ Κανώπου,Mathematics,grc/ptolemy-alexandria-canopus-inscription-phs-ad.grc.md,9657,2031
phs,phs-ac,ptolemy-of-alexandria,ptolemy-alexandria-mathematical-composition,Mathematical Composition,Μαθηματικὴ Σύνταξις,Mathematics,grc/ptolemy-alexandria-mathematical-composition-phs-ac.grc.md,2082559,2120
phs,phs-am,ptolemy-of-alexandria,ptolemy-alexandria-music,Music,Μουσική,Mathematics,grc/ptolemy-alexandria-music-phs-am.grc.md,15892,2161
phs,phs-ak,ptolemy-of-alexandria,ptolemy-alexandria-inclinations,On Inclinations,Ἀποσπάσματα,Mathematics,grc/ptolemy-alexandria-inclinations-phs-ak.grc.md,18648,1495
phs,phs-ag,ptolemy-of-alexandria,ptolemy-alexandria-analemma,On the Analemma,Περὶ τοῦ Ἀναλήμματος,Mathematics,grc/ptolemy-alexandria-analemma-phs-ag.grc.md,27217,1641
phs,phs-aa,ptolemy-of-alexandria,ptolemy-alexandria-judgment-sovereignty,On the Faculty of Judgment and Sovereignty of the Soul,Περὶ τῆς κριτικῆς δυνάμεως καὶ τῆς ψυχῆς ἡγεμονίας,Mathematics,grc/ptolemy-alexandria-judgment-sovereignty-phs-aa.grc.md,52178,1911
phs,phs-ai,ptolemy-of-alexandria,ptolemy-alexandria-tetrabiblos,Tetrabiblos,Τετράβιβλος,Mathematics,grc/ptolemy-alexandria-tetrabiblos-phs-ai.grc.md,488078,2216
oyc,oyc-ab,ptolemy-of-ascalon,ptolemy-ascalon-difference-words,On the Difference of Words,Περὶ διαφορᾶς,Grammar,grc/ptolemy-ascalon-difference-words-oyc-ab.grc.md,65659,1897
oyc,oyc-aa,ptolemy-of-ascalon,ptolemy-ascalon-difference-words-element,On the Difference of Words by Element,Περὶ διαφορᾶς λέξεων,Grammar,grc/ptolemy-ascalon-difference-words-element-oyc-aa.grc.md,52900,1921
kri,kri-aa,ptolemy-of-megalopolis,ptolemy-megalopolis-histories-philopator,Histories Concerning Philopator,Ἀποσπάσματα,History,grc/ptolemy-megalopolis-histories-philopator-kri-aa.grc.md,4339,1905
ppa,ppa-aa,ptolemy-the-gnostic,ptolemy-gnostic-flora,Letter to Flora,Πρὸς Φλώραν Ἐπιστολή,Theology,grc/ptolemy-gnostic-flora-ppa-aa.grc.md,27541,2147
luo,luo-aa,ptolemy-viii-euergetes-ii,ptolemy-viii-historical-fragments,Historical Memoirs Fragments,Ἀποσπάσματα,History,grc/ptolemy-viii-historical-fragments-luo-aa.grc.md,14276,1893
aim,aim-aa,pyrander-the-historian,pyrander-peloponnesian-histories,Peloponnesian Histories Fragments,Ἀποσπάσματα,History,grc/pyrander-peloponnesian-histories-aim-aa.grc.md,3091,1758
gbs,gbs-aa,pyrgion-the-historian,pyrgion-cretan-customs,On Cretan Customs,Ἀπόσπασμα,History,grc/pyrgion-cretan-customs-gbs-aa.grc.md,3217,1661
ikw,ikw-aa,pyrrhus-of-epirus,pyrrhus-epirus-royal-memoirs,Pyrrhus's Royal Memoirs,Ἀποσπάσματα,History,grc/pyrrhus-epirus-royal-memoirs-ikw-aa.grc.md,4575,1826
awi,awi-aa,pythaenetus-the-historian,pythaenetus-aegina-fragments,Aeginetica: Fragments on Aegina,Ἀποσπάσματα περὶ Αἰγίνης,History,grc/pythaenetus-aegina-fragments-awi-aa.grc.md,4797,1874
bgs,bgs-ab,pythagoras-of-samos,pythagoras-samos-astrological-fragments,Astrological Fragments,Ἀστρολογικὰ Ἀποσπάσματα,Philosophy,grc/pythagoras-samos-astrological-fragments-bgs-ab.grc.md,2709,1996
bgs,bgs-aa,pythagoras-of-samos,pythagoras-samos-astrology,Astrological Fragments,Ἀστρολογικὰ Ἀποσπάσματα,Philosophy,grc/pythagoras-samos-astrology-bgs-aa.grc.md,29978,1760
bgs,bgs-ae,pythagoras-of-samos,pythagoras-samos-sacred-doctrine,Fragments on Sacred Doctrine,Ἀποσπάσματα περὶ Ἱερᾶς Διδασκαλίας,Philosophy,grc/pythagoras-samos-sacred-doctrine-bgs-ae.grc.md,23043,2046
bgs,bgs-ac,pythagoras-of-samos,pythagoras-samos-golden-poem,Golden Poem,Χρυσοῦν Ποίημα,Philosophy,grc/pythagoras-samos-golden-poem-bgs-ac.grc.md,8581,1693
bgs,bgs-ad,pythagoras-of-samos,pythagoras-samos-testimonies,Testimonies,Μαρτυρίαι,Philosophy,grc/pythagoras-samos-testimonies-bgs-ad.grc.md,47159,1997
pza,pza-aa,pythagoreans-sayings,pythagoreans-sentences,Pythagorean Sentences (Recension A),Γνῶμαι Πυθαγορείων,Philosophy,grc/pythagoreans-sentences-pza-aa.grc.md,43937,1773
pza,pza-ab,pythagoreans-sayings,pythagoreans-sentences,Pythagorean Sentences (Recension B),Γνῶμαι Πυθαγορείων,Philosophy,grc/pythagoreans-sentences-pza-ab.grc.md,25915,1799
mwg,mwg-aa,pythagorist-philosophers,pythagorists-testimonies-fragments,Testimonies and Fragments,Μαρτυρίαι καὶ Ἀποσπάσματα,Philosophy,grc/pythagorists-testimonies-fragments-mwg-aa.grc.md,169648,2185
hqc,hqc-aa,pytheas-of-massalia,pytheas-massalia-astronomy-tides,Fragments on Astronomy and Tides,Ἀποσπάσματα περὶ Ἀστρονομίας καὶ Παλίρροιας,Geography,grc/pytheas-massalia-astronomy-tides-hqc-aa.grc.md,45566,2118
age,age-aa,pythermus-of-ephesus,pythermus-ephesus-historical-fragments,Historical Fragments,Ἀποσπάσματα,History,grc/pythermus-ephesus-historical-fragments-age-aa.grc.md,3377,1783
jjc,jjc-aa,pythocles,pythocles-italy-fragments,Fragments on Italy,Ἀποσπάσματα περὶ Ἰταλίας,History,grc/pythocles-italy-fragments-jjc-aa.grc.md,4345,1783
lja,lja-aa,python-of-catana,python-catana-harpalus-athens,Fragments on Harpalus and Athens,Ἀποσπάσματα περὶ Ἁρπάλου καὶ Ἀθηνῶν,Drama,grc/python-catana-harpalus-athens-lja-aa.grc.md,3665,1849
ujg,ujg-aa,quintus-of-smyrna,quintus-smyrna-post-homeric-poem,Post-Homeric Poem,τὰ μεθ᾿ Ὅμηρον,Epic,grc/quintus-smyrna-post-homeric-poem-ujg-aa.grc.md,934588,1913
rzi,rzi-aa,rhetorical-lexicon-anon,anon-rhet-lex-cambridge,Cambridge Rhetorical Lexicon,Κέμπριτζ Λεξικὸν Ῥητορικόν,Lexicography,grc/anon-rhet-lex-cambridge-rzi-aa.grc.md,45100,1760
rhg,rhg-aa,rhetorical-treatise-anon,anon-rhet-treatise-paris-trojan-senate,Declamation of Paris to the Trojan Senate,Διατριβὴ Πάριδος πρὸς τὴν Τρωικὴν βουλήν,Oratory,grc/anon-rhet-treatise-paris-trojan-senate-rhg-aa.grc.md,23391,2611
rhg,rhg-ah,rhetorical-treatise-anon,anon-rhet-treatise-excerpts,Excerpts-the Art of Rhetoric,Ἐκλογαὶ περὶ τῆς ῥητορικῆς τέχνης,Oratory,grc/anon-rhet-treatise-excerpts-rhg-ah.grc.md,6407,1944
rhg,rhg-ag,rhetorical-treatise-anon,anon-rhet-treatise-exposit,Expositithe Art of Rhetoric,Ἔκθεσις τῆς ῥητορικῆς τέχνης,Oratory,grc/anon-rhet-treatise-exposit-rhg-ag.grc.md,65562,1943
rhg,rhg-al,rhetorical-treatise-anon,anon-rhet-treatise-introduction,Introduction to Invention,Εἰσαγωγὴ εἰς τὴν εὕρεσιν,Oratory,grc/anon-rhet-treatise-introduction-rhg-al.grc.md,8009,1528
rhg,rhg-ac,rhetorical-treatise-anon,anon-rhet-treatise-introduction-art,Introduction to Rhetoric (Treatise A),Εἰσαγωγὴ εἰς τὴν ῥητορικὴν τέχνην,Oratory,grc/anon-rhet-treatise-introduction-art-rhg-ac.grc.md,51272,1930
rhg,rhg-ad,rhetorical-treatise-anon,anon-rhet-treatise-introduction-art,Introduction to Rhetoric (Treatise B),Εἰσαγωγὴ εἰς τὴν ῥητορικὴν τέχνην,Oratory,grc/anon-rhet-treatise-introduction-art-rhg-ad.grc.md,26466,1976
rhg,rhg-ae,rhetorical-treatise-anon,anon-rhet-treatise-introduction-art,Introduction to Rhetoric (Treatise C),Εἰσαγωγὴ εἰς τὴν ῥητορικὴν τέχνην,Oratory,grc/anon-rhet-treatise-introduction-art-rhg-ae.grc.md,7618,2650
rhg,rhg-ap,rhetorical-treatise-anon,anon-rhet-treatise-notes-discoveries,Notes-Discoveries,Σημειῶδες εἰς τὰς εὑρέσεις,Oratory,grc/anon-rhet-treatise-notes-discoveries-rhg-ap.grc.md,9377,1912
rhg,rhg-au,rhetorical-treatise-anon,anon-rhet-treatise-figures,On Figures,Περὶ σχημάτων,Oratory,grc/anon-rhet-treatise-figures-rhg-au.grc.md,10702,1877
rhg,rhg-am,rhetorical-treatise-anon,anon-rhet-treatise-figures-speech,On Figures of Speech (Treatise A),Περὶ τῶν τοῦ λόγου σχημάτων,Oratory,grc/anon-rhet-treatise-figures-speech-rhg-am.grc.md,131300,2314
rhg,rhg-an,rhetorical-treatise-anon,anon-rhet-treatise-figures-speech,On Figures of Speech (Treatise B),Περὶ τῶν σχημάτων τοῦ λόγου,Oratory,grc/anon-rhet-treatise-figures-speech-rhg-an.grc.md,37440,1685
rhg,rhg-ar,rhetorical-treatise-anon,anon-rhet-treatise-magnificence,On Magnificence,Περὶ μεγαλοπρεπείας,Oratory,grc/anon-rhet-treatise-magnificence-rhg-ar.grc.md,6772,2265
rhg,rhg-av,rhetorical-treatise-anon,anon-rhet-treatise-modes,On Modes,Περὶ τρόπων,Oratory,grc/anon-rhet-treatise-modes-rhg-av.grc.md,6872,1570
rhg,rhg-as,rhetorical-treatise-anon,anon-rhet-treatise-poetic-modes,On Poetic Modes,Περὶ ποιητικῶν τρόπων,Oratory,grc/anon-rhet-treatise-poetic-modes-rhg-as.grc.md,20047,1983
rhg,rhg-at,rhetorical-treatise-anon,anon-rhet-treatise-synecdoche,On Synecdoche,Περὶ συνεκδοχῆς,Oratory,grc/anon-rhet-treatise-synecdoche-rhg-at.grc.md,4969,1848
rhg,rhg-aq,rhetorical-treatise-anon,anon-rhet-treatise-book-ideas,On the Book-Ideas,περὶ ἰδεῶν,Oratory,grc/anon-rhet-treatise-book-ideas-rhg-aq.grc.md,34572,1862
rhg,rhg-ab,rhetorical-treatise-anon,anon-rhet-treatise-eight-parts-speech,On the Eight Parts of Rhetorical Speech,Περὶ τῶν ὀκτὼ μερῶν τοῦ ῥητορικοῦ λόγου,Oratory,grc/anon-rhet-treatise-eight-parts-speech-rhg-ab.grc.md,63368,1828
rhg,rhg-af,rhetorical-treatise-anon,anon-rhet-treatise-four-parts-speech,On the Four Parts of Perfect Speech,Περὶ τῶν τεσσάρων μερῶν τοῦ τελείου λόγου,Oratory,grc/anon-rhet-treatise-four-parts-speech-rhg-af.grc.md,54677,1646
rhg,rhg-ao,rhetorical-treatise-anon,anon-rhet-treatise-preliminary-exercises,Preliminary Exercises,Προγυμνάσματα,Oratory,grc/anon-rhet-treatise-preliminary-exercises-rhg-ao.grc.md,156431,2127
rhg,rhg-ak,rhetorical-treatise-anon,anon-rhet-treatise-problems-status,Rhetorical Problems in Status,Προβλήματα ῥητορικὰ ἐν στάσει,Oratory,grc/anon-rhet-treatise-problems-status-rhg-ak.grc.md,31152,1857
rhg,rhg-aj,rhetorical-treatise-anon,anon-rhet-treatise-summary-art,Summary of Rhetoric (Extended),Σύνοψις τῆς ῥητορικῆς τέχνης,Oratory,grc/anon-rhet-treatise-summary-art-rhg-aj.grc.md,138853,1675
rhg,rhg-ai,rhetorical-treatise-anon,anon-rhet-treatise-summary-art,Summary of Rhetoric (Short),Σύνοψις τῆς ῥητορικῆς τέχνης,Oratory,grc/anon-rhet-treatise-summary-art-rhg-ai.grc.md,9074,1639
izm,izm-ae,rhianus-of-crete,rhianus-crete-epigrams,Epigrams,Ἐπιγράμματα,Epic,grc/rhianus-crete-epigrams-izm-ae.grc.md,7328,1362
izm,izm-ac,rhianus-of-crete,rhianus-crete-achaean-history,Fragments of the Achaean History,Ἀποσπάσματα τῆς Ἀχαϊκῆς Ἱστορίας,Epic,grc/rhianus-crete-achaean-history-izm-ac.grc.md,30634,2139
izm,izm-ad,rhianus-of-crete,rhianus-crete-messeniaca,Fragments of the Messeniaca,Ἀποσπάσματα τῶν Μεσσηνιακῶν,Epic,grc/rhianus-crete-messeniaca-izm-ad.grc.md,6383,1676
izm,izm-ab,rhianus-of-crete,rhianus-crete-human-folly-divine-gifts,On Human Folly and Divine Gifts,Ἀποσπάσματα,Epic,grc/rhianus-crete-human-folly-divine-gifts-izm-ab.grc.md,12661,1781
izm,izm-aa,rhianus-of-crete,rhianus-crete-testimonies,Testimonies,Μαρτυρίαι,Epic,grc/rhianus-crete-testimonies-izm-aa.grc.md,3211,1480
hpi,hpi-aa,rhinthon-of-tarentum,rhinthon-tarentum-dionysus-fragments,Comic Fragments on Dionysus,Ἀποσπάσματα περὶ Διονύσου Κωμικά,Comedy,grc/rhinthon-tarentum-dionysus-fragments-hpi-aa.grc.md,2719,1791
uyq,uyq-aa,romanos-the-melodist,romanos-melodist-akathist,Akathist Hymn,Ἀκάθιστος ὕμνος,Poetry,grc/romanos-melodist-akathist-uyq-aa.grc.md,27708,2531
uyq,uyq-ab,romanos-the-melodist,romanos-melodist-dubious-songs,Dubious Songs,Ἀμφίβολοι ᾨδαί,Poetry,grc/romanos-melodist-dubious-songs-uyq-ab.grc.md,438017,2010
uyq,uyq-ac,romanos-the-melodist,romanos-melodist-genuine-songs,Genuine Songs,Γνήσιαι ᾨδαί,Poetry,grc/romanos-melodist-genuine-songs-uyq-ac.grc.md,125131,2482
uyq,uyq-ad,romanos-the-melodist,romanos-melodist-hymns,Songs,ᾨδαί,Poetry,grc/romanos-melodist-hymns-uyq-ad.grc.md,1049031,2410
ojc,ojc-ae,rufus-of-ephesus,rufus-ephesus-medical-questions,Medical Questions,Ἰατρικαὶ Ζητήσεις,Medicine,grc/rufus-ephesus-medical-questions-ojc-ae.grc.md,43714,2076
ojc,ojc-ag,rufus-of-ephesus,rufus-ephesus-bones,On Bones,Περὶ Ὀστέων,Medicine,grc/rufus-ephesus-bones-ojc-ag.grc.md,15381,1524
ojc,ojc-aa,rufus-of-ephesus,rufus-ephesus-kidneys-bladder,On Diseases of the Kidneys and Bladder,Περὶ Νεφρῶν καὶ Κύστεως Παθῶν,Medicine,grc/rufus-ephesus-kidneys-bladder-ojc-aa.grc.md,87868,2138
ojc,ojc-ad,rufus-of-ephesus,rufus-ephesus-human-body,On Parts of the Human Body,Περὶ Μερῶν τοῦ Ἀνθρωπίνου Σώματος,Medicine,grc/rufus-ephesus-human-body-ojc-ad.grc.md,31472,1786
ojc,ojc-ac,rufus-of-ephesus,rufus-ephesus-satyriasis-gonorrhea,On Satyriasis and Gonorrhea,Περὶ Σατυριάσεως καὶ Γονορροίας,Medicine,grc/rufus-ephesus-satyriasis-gonorrhea-ojc-ac.grc.md,31459,1938
ojc,ojc-ab,rufus-of-ephesus,rufus-ephesus-human-body-terms,On the Terms of the Human Body,Περὶ Ὅρων τοῦ Ἀνθρωπίνου Σώματος,Medicine,grc/rufus-ephesus-human-body-terms-ojc-ab.grc.md,60947,2013
ojc,ojc-af,rufus-of-ephesus,rufus-ephesus-pulses,Summary-Pulses,Σύνοψις περὶ Σφυγμῶν,Medicine,grc/rufus-ephesus-pulses-ojc-af.grc.md,25314,2160
pws,pws-aa,rufus-of-perinthus,rufus-perinthus-rhetoric,Rhetorical Art,Ῥητορικὴ Τέχνη,Oratory,grc/rufus-perinthus-rhetoric-pws-aa.grc.md,20383,1573
moo,moo-aa,rutilius-rufus-the-historian,rutilius-rufus-historical-fragments,Historical Fragments,Ἀποσπάσματα,History,grc/rutilius-rufus-historical-fragments-moo-aa.grc.md,5586,2449
afk,afk-aa,sack-of-ilium,sack-ili-fragments,Sack of Ilium Fragments,Ἰλίου Πέρσις Ἀποσπάσματα,Epic,grc/sack-ili-fragments-afk-aa.grc.md,3765,2136
sny,sny-aa,sallustius-the-philosopher,sallustius-gods-world,On the Gods and the World,Περὶ Θεῶν καὶ Κόσμου,Philosophy,grc/sallustius-gods-world-sny-aa.grc.md,65428,2399
tow,tow-aa,salmanas-the-alchemist,salmanas-spherical-hail-method,Method by Which Spherical Hail is Made by the Renowned Craftsman Arabus Salmanas,Μέθοδος δι’ ἧς ἀποτελεῖται ἡ σφαιροειδὴς χάλαζα,Science,grc/salmanas-spherical-hail-method-tow-aa.grc.md,14174,2178
fly,fly-aa,sannyrion-the-comic-poet,sannyrion-comic-fragments,Comic Fragments on Gods and Mortals,Ἀποσπάσματα περὶ Θεῶν καὶ Βροτῶν,Comedy,grc/sannyrion-comic-fragments-fly-aa.grc.md,3298,2011
fly,fly-ab,sannyrion-the-comic-poet,sannyrion-comic-fragments,Comic Fragments on Gods and Mortals,Ἀποσπάσματα περὶ Θεῶν καὶ Βροτῶν,Comedy,grc/sannyrion-comic-fragments-fly-ab.grc.md,2939,1802
anc,anc-ab,sappho-and-alcaeus-fragments,sappho-alcaeus-fragments-virtue,Fragments on Virtue,Ἀποσπάσματα περὶ Ἀρετῆς,Poetry,grc/sappho-alcaeus-fragments-virtue-anc-ab.grc.md,5123,2363
anc,anc-aa,sappho-and-alcaeus-fragments,sappho-alcaeus-fragments-love-myth,Lyric Fragments of Love and Myth,Ἀποσπάσματα περὶ Ἔρωτος καὶ Μύθων,Poetry,grc/sappho-alcaeus-fragments-love-myth-anc-aa.grc.md,5152,2468
aqe,aqe-aa,sappho-and-alcaeus-of-lesbos,sappho-alcaeus-lesbos-fragments,Fragments of Sappho and Alcaeus,Ἀποσπάσματα Σαπφοῦς καὶ Ἀλκαίου,Poetry,grc/sappho-alcaeus-lesbos-fragments-aqe-aa.grc.md,10780,2669
apu,apu-aa,sappho-of-lesbos,sappho-lesbos-addenda,Addenda to Fragments,Προσθήκαι εἰς τὰ Ἀποσπάσματα,Poetry,grc/sappho-lesbos-addenda-apu-aa.grc.md,3636,2494
apu,apu-ad,sappho-of-lesbos,sappho-lesbos-epigrams,Epigrams,Ἐπιγράμματα,Poetry,grc/sappho-lesbos-epigrams-apu-ad.grc.md,3729,2324
apu,apu-ac,sappho-of-lesbos,sappho-lesbos-school-fragments,Fragments on Sappho's School,Ἀποσπάσματα περὶ τῆς Σαπφοῦς Σχολῆς,Poetry,grc/sappho-lesbos-school-fragments-apu-ac.grc.md,4540,2194
apu,apu-ab,sappho-of-lesbos,sappho-lesbos-hymn-aphrodite,Hymn to Aphrodite,Ἀποσπάσματα,Poetry,grc/sappho-lesbos-hymn-aphrodite-apu-ab.grc.md,60111,2000
jhy,jhy-aa,satyrus-of-callatis,satyrus-callatis-dionysian-genealogy,Fragments on Dionysian Genealogy,Ἀποσπάσματα περὶ Διονυσιακῆς Γενεαλογίας,History,grc/satyrus-callatis-dionysian-genealogy-jhy-aa.grc.md,10320,2078
jii,jii-ab,satyrus-of-oxyrhynchus,satyrus-oxyrhynchus-alcibiades-life,Fragments on Alcibiades' Life,Ἀποσπάσματα περὶ τοῦ Ἀλκιβιάδου Βίου,Biography,grc/satyrus-oxyrhynchus-alcibiades-life-jii-ab.grc.md,28604,2015
jii,jii-aa,satyrus-of-oxyrhynchus,satyrus-oxyrhynchus-life-of-euripides,Life of Euripides,Βίος Εὐριπίδου,Biography,grc/satyrus-oxyrhynchus-life-of-euripides-jii-aa.grc.md,40729,1891
gek,gek-aa,scamon-of-mytilene,scamon-mytilene-inventions-discoveries,On Inventions and Discoveries,Ἀποσπάσματα,History,grc/scamon-mytilene-inventions-discoveries-gek-aa.grc.md,10907,2265
jmo,jmo-aa,scholia-on-homer,scholia-homer-bosporus-navigation,Scholia-Dionysius of Byzantium's Bosporus Navigation,Σχόλια εἰς Διονύσιον Βυζάντιον περὶ Βοσπόρου,Lexicography,grc/scholia-homer-bosporus-navigation-jmo-aa.grc.md,12920,2361
ngg,ngg-aa,scholia-on-theocritus,scholia-theocritus-text,Scholia-Theocritus,Σχόλια εἰς Θεόκριτον,Scholia,grc/scholia-theocritus-text-ngg-aa.grc.md,649917,1949
geu,geu-aa,sclerias-the-tragedian,sclerias-human-nature,Fragments on Human Nature,Ἀποσπάσματα περὶ τῆς Ἀνθρωπίνης Φύσεως,Drama,grc/sclerias-human-nature-geu-aa.grc.md,2546,1790
bhw,bhw-ac,scylax-of-caryanda,scylax-caryanda-geographical-botanical,Geographical and Botanical Fragments,Ἀποσπάσματα,Geography,grc/scylax-caryanda-geographical-botanical-bhw-ac.grc.md,12144,1836
bhw,bhw-aa,scylax-of-caryanda,scylax-caryanda-periplus,Periplus of Scylax,Περίπλους Σκύλακος,Geography,grc/scylax-caryanda-periplus-bhw-aa.grc.md,110445,2125
bhw,bhw-ab,scylax-of-caryanda,scylax-caryanda-testimonies,Testimonies,Μαρτυρίαι,Geography,grc/scylax-caryanda-testimonies-bhw-ab.grc.md,10012,1747
fby,fby-ab,scythinus-of-teos,scythinus-teos-cosmic-fragments,Cosmic Fragments on Apollo,Ἀποσπάσματα περὶ Ἀπόλλωνος,Poetry,grc/scythinus-teos-cosmic-fragments-fby-ab.grc.md,2742,1663
fby,fby-ac,scythinus-of-teos,scythinus-teos-heraclea-trachis,On the Heraclea of Trachis,Ἀπόσπασμα,Poetry,grc/scythinus-teos-heraclea-trachis-fby-ac.grc.md,3905,1563
fby,fby-aa,scythinus-of-teos,scythinus-teos-testimonies,Testimonies,Μαρτυρίαι,Poetry,grc/scythinus-teos-testimonies-fby-aa.grc.md,2355,1582
has,has-aa,scythinus-of-teos,scythinus-teos-epigrams,Epigrams,Ἐπιγράμματα,Philosophy,grc/scythinus-teos-epigrams-has-aa.grc.md,3343,1667
pzk,pzk-aa,secundus-the-silent,secundus-life,Life of Secundus,Βίος Σεκούνδου,Philosophy,grc/secundus-life-pzk-aa.grc.md,17762,2648
pzk,pzk-ab,secundus-the-silent,secundus-sentences,Sentences,Γνῶμαι,Philosophy,grc/secundus-sentences-pzk-ab.grc.md,11410,1604
vtu,vtu-ac,seguerian-lexicons,seguerian-lexicons-anti-atticist,Anonymous Anti-Atticist,Ἀνώνυμος Ἀντιαττικιστής,Lexicography,grc/seguerian-lexicons-anti-atticist-vtu-ac.grc.md,88245,2066
vtu,vtu-aa,seguerian-lexicons,seguerian-lexicons-rhetorical-philosophical-terms,Lexicon of Rhetorical and Philosophical Terms,Συλλογὴ χρησίμων λέξεων ἐκ διαφόρων ῥητόρων καὶ,Lexicography,grc/seguerian-lexicons-rhetorical-philosophical-terms-vtu-aa.grc.md,53604,2249
vtu,vtu-ab,seguerian-lexicons,seguerian-lexicons-rhetorical-terms,Lexicon of Rhetorical Terms,Συλλογὴ χρησίμων λέξεων ἐκ διαφόρων ῥητόρων καὶ,Lexicography,grc/seguerian-lexicons-rhetorical-terms-vtu-ab.grc.md,805554,2043
vtu,vtu-ae,seguerian-lexicons,seguerian-lexicons-names-of-lawsuits,Names of Lawsuits,Δικῶν ὀνόματα,Lexicography,grc/seguerian-lexicons-names-of-lawsuits-vtu-ae.grc.md,25249,1842
vtu,vtu-af,seguerian-lexicons,seguerian-lexicons-on-syntax,On Syntax,Περὶ Συντάξεως,Lexicography,grc/seguerian-lexicons-on-syntax-vtu-af.grc.md,167148,1779
vtu,vtu-ad,seguerian-lexicons,seguerian-lexicons-rhetorical-glosses,Rhetorical Glosses,Γλωσσῶν Ῥητορικῶν,Lexicography,grc/seguerian-lexicons-rhetorical-glosses-vtu-ad.grc.md,312709,1689
ore,ore-aa,seguerianus-anon,seguerianus-anon-rhetoric,Rhetorical Art,Τέχνη ῥητορική,Oratory,grc/seguerianus-anon-rhetoric-ore-aa.grc.md,113246,1992
agy,agy-ab,semonides-of-amorgos,semonides-amorgos-uncertainty-life,On the Uncertainty of Human Life,Ἀποσπάσματα,Poetry,grc/semonides-amorgos-uncertainty-life-agy-ab.grc.md,17482,1815
agy,agy-aa,semonides-of-amorgos,semonides-amorgos-testimonies,Testimonies,Μαρτυρίαι,Poetry,grc/semonides-amorgos-testimonies-agy-aa.grc.md,3492,2109
jlk,jlk-aa,semus-of-delos,semus-delos-antiquities-customs,Delian Antiquities and Customs,Ἀποσπάσματα,Grammar,grc/semus-delos-antiquities-customs-jlk-aa.grc.md,15461,1739
rnu,rnu-aa,seniores-alexandrini,seniores-alexandrini-exegetical-psalms,Exegetical Fragments on Psalms,Ἀποσπάσματα περὶ τῶν Ψαλμῶν,Theology,grc/seniores-alexandrini-exegetical-psalms-rnu-aa.grc.md,22346,1716
pxc,pxc-aa,sententiae-sexti,sextus-sentences,Sentences of Sextus,Γνῶμαι Σέξτου,Philosophy,grc/sextus-sentences-pxc-aa.grc.md,63758,2043
sam,sam-ab,serenus-of-antinoöpolis,serenus-antinoopolis-section-cone,On the Section of a Cone,Περὶ Κώνου Τομῆς,Mathematics,grc/serenus-antinoopolis-section-cone-sam-ab.grc.md,187424,1737
sam,sam-aa,serenus-of-antinoöpolis,serenus-antinoopolis-section-cylinder,On the Section of a Cylinder,Περὶ Κυλίνδρου Τομῆς,Mathematics,grc/serenus-antinoopolis-section-cylinder-sam-aa.grc.md,132260,2370
ayq,ayq-ae,seven-sages-of-greece,seven-sages-precepts,Precepts,Παραγγέλματα,Philosophy,grc/seven-sages-precepts-ayq-ae.grc.md,8250,2517
ayq,ayq-ab,seven-sages-of-greece,seven-sages-sayings,Sayings of the Seven Sages,Γνῶμαι Πλειόνων Συγγραφέων,Philosophy,grc/seven-sages-sayings-ayq-ab.grc.md,54393,1866
ayq,ayq-aa,seven-sages-of-greece,seven-sages-demetrius-phalereus,"Sayings, from the Collection of Demetrius Phalereus",Γνῶμαι ἐκ τῆς Συλλογῆς Δημητρίου Φαληρέως,Philosophy,grc/seven-sages-demetrius-phalereus-ayq-aa.grc.md,12829,2285
ayq,ayq-ad,seven-sages-of-greece,seven-sages-sentences,Sentences,Γνῶμαι,Philosophy,grc/seven-sages-sentences-ayq-ad.grc.md,9028,1730
ayq,ayq-ac,seven-sages-of-greece,seven-sages-testimonies,Testimonies,Τῶν ἑπτὰ σοφῶν,Philosophy,grc/seven-sages-testimonies-ayq-ac.grc.md,8898,2179
uxm,uxm-aa,severus-of-antioch,severus-antioch-narratives-ethopoeiae,Narratives and Ethopoeiae,Διηγήσεις καὶ Ἠθοποιΐαι,Oratory,grc/severus-antioch-narratives-ethopoeiae-uxm-aa.grc.md,27957,1849
tmy,tmy-aa,severus-the-iatrosophist,severus-iatrosophist-infusion-instruments,On Infusion Instruments or Clysters to Timothy,Περὶ ὀργάνων ἐγχύσεων πρὸς Τιμόθεον,Medicine,grc/severus-iatrosophist-infusion-instruments-tmy-aa.grc.md,115831,2176
unm,unm-aa,severus-the-platonist,severus-platonist-soul,On the Soul,Περὶ ψυχῆς,Philosophy,grc/severus-platonist-soul-unm-aa.grc.md,6557,1693
rjy,rjy-ab,sextus-julius-africanus,sextus-julius-africanus-cesti,"Cesti, Fragments",Κέστοι,History,grc/sextus-julius-africanus-cesti-rjy-ab.grc.md,187473,1781
rjy,rjy-aa,sextus-julius-africanus,sextus-julius-africanus-letter-aristides,Letter to Aristides,Ἐπιστολὴ πρὸς Ἀριστείδην,History,grc/sextus-julius-africanus-letter-aristides-rjy-aa.grc.md,18877,2221
rjy,rjy-ac,sextus-julius-africanus,sextus-julius-africanus-letter-to-origen,Letter to Origen,Ἐπιστολὴ πρὸς Ὠριγένην,History,grc/sextus-julius-africanus-letter-to-origen-rjy-ac.grc.md,7456,2351
qou,qou-aa,sextus-the-empiricist,sextus-empiricus-against-mathematicians,Against the Mathematicians,Κατὰ Μαθηματικῶν,Philosophy,grc/sextus-empiricus-against-mathematicians-qou-aa.grc.md,1900958,2332
qou,qou-ab,sextus-the-empiricist,sextus-empiricus-outlines-pyrrhonism,Outlines of Pyrrhonism,Πυρρώνειαι Ὑποτυπώσεις,Philosophy,grc/sextus-empiricus-outlines-pyrrhonism-qou-ab.grc.md,644567,2168
ktq,ktq-aa,silenus-of-caleacte,silenus-caleacte-historical-fragments-hannibal,Historical Fragments on Hannibal,Ἀποσπάσματα περὶ Ἀννίβα,History,grc/silenus-caleacte-historical-fragments-hannibal-ktq-aa.grc.md,6818,1906
igq,igq-ab,simmias-of-rhodes,simmias-rhodes-epigrams,Epigrams,Ἐπιγράμματα,Grammar,grc/simmias-rhodes-epigrams-igq-ab.grc.md,9382,1689
igq,igq-aa,simmias-of-rhodes,simmias-rhodes-distant-lands,Fragments on Distant Lands,Ἀποσπάσματα περὶ Μακρῶν Χωρῶν,Grammar,grc/simmias-rhodes-distant-lands-igq-aa.grc.md,10988,1889
bxq,bxq-ab,simon-of-athens,simon-athens-hippiatric-fragments,Fragments on Hippiatric Medicine,Ἀποσπάσματα περὶ Ἱππιατρικῆς,Philosophy,grc/simon-athens-hippiatric-fragments-bxq-ab.grc.md,3900,1657
bxq,bxq-aa,simon-of-athens,simon-athens-horses-form-selection,On the Form and Selection of Horses,Περὶ Μορφῆς καὶ Ἐκλογῆς Ἵππων,Philosophy,grc/simon-athens-horses-form-selection-bxq-aa.grc.md,8455,1914
big,big-ae,simonides-of-ceos,simonides-ceos-epigrams,Epigrams,Ἐπιγράμματα,Poetry,grc/simonides-ceos-epigrams-big-ae.grc.md,27704,1829
big,big-ab,simonides-of-ceos,simonides-ceos-athletic-victory,Fragments on Athletic Victory,Ἀποσπάσματα περὶ Νίκης Γυμνικῆς,Poetry,grc/simonides-ceos-athletic-victory-big-ab.grc.md,38148,2123
big,big-ac,simonides-of-ceos,simonides-ceos-genealogy,Fragments on Genealogy,Ἀποσπάσματα περὶ Γενεαλογίας,Poetry,grc/simonides-ceos-genealogy-big-ac.grc.md,4802,2171
big,big-aa,simonides-of-ceos,simonides-ceos-life-hope,Fragments on Life and Hope,Ἀποσπάσματα περὶ Βίου καὶ Ἐλπίδος,Poetry,grc/simonides-ceos-life-hope-big-aa.grc.md,6072,1926
big,big-ad,simonides-of-ceos,simonides-ceos-testimony,Testimony,Μαρτυρία,Poetry,grc/simonides-ceos-testimony-big-ad.grc.md,2220,1563
uzu,uzu-ae,simplicius-of-cilicia,simplicius-cilicia-commentary-aristotle,Commentary on On the Soul,Σχόλια εἰς τὰ περὶ ψυχῆς Ἀριστοτέλους,Philosophy,grc/simplicius-cilicia-commentary-aristotle-uzu-ae.grc.md,1591166,2172
uzu,uzu-ad,simplicius-of-cilicia,simplicius-cilicia-commentary-aristotle,Commentary on the Physics,Σχόλια εἰς τὰ φυσικὰ Ἀριστοτέλους,Philosophy,grc/simplicius-cilicia-commentary-aristotle-uzu-ad.grc.md,6031667,2332
uzu,uzu-ac,simplicius-of-cilicia,simplicius-cilicia-handbook-commentary,Commentary-Epictetus' Handbook,Σχόλια εἰς τὸ Ἐπικτήτου Ἐγχειρίδιον,Philosophy,grc/simplicius-cilicia-handbook-commentary-uzu-ac.grc.md,728913,2309
uzu,uzu-ab,simplicius-of-cilicia,simplicius-cilicia-categories-commentary,"On Aristotle's Categories, Commentary",Σχόλια εἰς τὰς κατηγορίας Ἀριστοτέλους,Philosophy,grc/simplicius-cilicia-categories-commentary-uzu-ab.grc.md,1975349,2350
uzu,uzu-aa,simplicius-of-cilicia,simplicius-cilicia-on-heavens-commentary,"On Aristotle's Four Books-the Heavens, Commentary",Περὶ τῶν Τεσσάρων Βιβλίων τοῦ Ἀριστοτέλους Περὶ,Philosophy,grc/simplicius-cilicia-on-heavens-commentary-uzu-aa.grc.md,3084035,2157
uzu,uzu-af,simplicius-of-cilicia,simplicius-cilicia-heavens-book-1,"On the Heavens, Book I","Περὶ οὐρανοῦ, Βιβλίον Αʹ",Philosophy,grc/simplicius-cilicia-heavens-book-1-uzu-af.grc.md,8226,2391
gcc,gcc-aa,simus-the-philosopher,simus-testimonies,Testimonies,Μαρτυρίαι,Philosophy,grc/simus-testimonies-gcc-aa.grc.md,2765,1204
idy,idy-aa,simylus-the-comic-poet,simylus-tarpeia-fragments,Tarpeia Fragments,Ἀποσπάσματα,Poetry,grc/simylus-tarpeia-fragments-idy-aa.grc.md,2664,1570
gfe,gfe-aa,simylus-the-elegiac-poet,simylus-nature-art-wisdom,On the Nature of Art and Wisdom,Ἀποσπάσματα,Poetry,grc/simylus-nature-art-wisdom-gfe-aa.grc.md,4321,1612
gfe,gfe-ab,simylus-the-elegiac-poet,simylus-senses-excellence,On the Senses and Human Excellence,Ἀποσπάσματα,Poetry,grc/simylus-senses-excellence-gfe-ab.grc.md,4078,1585
mda,mda-aa,socrates-letters,socrates-letters-philosophy,Socratic Letters on Philosophy,Ἐπιστολαὶ περὶ Φιλοσοφίας Σωκρατικαί,Philosophy,grc/socrates-letters-philosophy-mda-aa.grc.md,40661,2026
aws,aws-aa,socrates-of-argos,socrates-argos-histories-genealogies,Argolic Histories and Genealogies,Ἀποσπάσματα,History,grc/socrates-argos-histories-genealogies-aws-aa.grc.md,12353,2552
dpm,dpm-aa,socrates-of-athens,socrates-athens-gods-wisdom,Fragments on Gods and Wisdom,Ἀποσπάσματα περὶ Θεῶν καὶ Σοφίας,Philosophy,grc/socrates-athens-gods-wisdom-dpm-aa.grc.md,2659,2007
tga,tga-aa,socrates-of-constantinople,socrates-constantinople-ecclesiastical-history,Ecclesiastical History,Ἐκκλησιαστικὴ Ἱστορία,History,grc/socrates-constantinople-ecclesiastical-history-tga-aa.grc.md,1349240,2650
nbg,nbg-aa,socrates-of-rhodes,socrates-rhodes-cleopatra-banquet,On Cleopatra's Banquet,Ἀποσπάσματα,History,grc/socrates-rhodes-cleopatra-banquet-nbg-aa.grc.md,7029,1846
ciu,ciu-aa,socratics-letters,socratics-letters-philosophy,Socratic Letters on Philosophy,Ἐπιστολαὶ περὶ Φιλοσοφίας Σωκρατικαί,Philosophy,grc/socratics-letters-philosophy-ciu-aa.grc.md,76860,2545
anm,anm-aa,solon-letters,solon-tyranny-fragments,Fragments on Tyranny,Ἀποσπάσματα περὶ Τυραννίδος,History,grc/solon-tyranny-fragments-anm-aa.grc.md,7642,1904
ari,ari-aa,solon-of-athens,solon-athens-salamis-elegy,Solon's Salamis Elegy,Ἀποσπάσματα,Poetry,grc/solon-athens-salamis-elegy-ari-aa.grc.md,29524,2479
puk,puk-ab,song-of-the-sailors,song-sailors-sea-nile,Fragments on Sea and Nile,Ἀποσπάσματα περὶ Θαλάσσης καὶ Νείλου,Poetry,grc/song-sailors-sea-nile-puk-ab.grc.md,2071,1479
puk,puk-aa,song-of-the-sailors,song-sailors-winds-rhodes,To the Winds of Rhodes,Πρὸς τοὺς Ἀνέμους τῆς Ῥόδου,Poetry,grc/song-sailors-winds-rhodes-puk-aa.grc.md,2197,1387
spc,spc-ac,sopater-of-athens,sopater-athens-division-questions,Division of Questions,Διαίρεσις ζητημάτων,Oratory,grc/sopater-athens-division-questions-spc-ac.grc.md,1124984,1685
spc,spc-ab,sopater-of-athens,sopater-athens-introduction,Introduction to Aristides,Εἰσαγωγὴ εἰς Ἀριστείδην,Oratory,grc/sopater-athens-introduction-spc-ab.grc.md,66086,1724
spc,spc-aa,sopater-of-athens,sopater-athens-scholia-hermogenes,Scholia-Hermogenes's Status or Rhetorical Art,Σχόλια εἰς Ἑρμογένους Κατάστασιν ἢ Ῥητορικὴν,Oratory,grc/sopater-athens-scholia-hermogenes-spc-aa.grc.md,662856,2154
lhw,lhw-aa,sopater-of-paphos,sopater-paphos-satirical-fragments,Satirical Philosophical Fragments,Ἀποσπάσματα,Comedy,grc/sopater-paphos-satirical-fragments-lhw-aa.grc.md,7304,2092
eva,eva-aa,sophaenetus-of-stymphalus,sophaenetus-stymphalus-cyrus-expedition,Fragments of Cyrus's Expedition,Ἀποσπάσματα τῆς Κύρου Στρατείας,History,grc/sophaenetus-stymphalus-cyrus-expedition-eva-aa.grc.md,3722,2221
gfo,gfo-aa,sophilus-the-comic-poet,sophilus-symposium-gluttony,Symposium and Gluttony Fragments,Ἀποσπάσματα,Comedy,grc/sophilus-symposium-gluttony-gfo-aa.grc.md,3385,1836
gfo,gfo-ab,sophilus-the-comic-poet,sophilus-symposium-revelry,Symposium and Revelry Fragments,Ἀποσπάσματα,Comedy,grc/sophilus-symposium-revelry-gfo-ab.grc.md,3195,1664
vls,vls-af,sophistical-refutations-anon,anon-soph-ref-commentary-aristotle,Commentary-Aristotle in Greek,Ὑπόμνημα εἰς τὸν Ἀριστοτέλη Ἑλληνιστί,Philosophy,grc/anon-soph-ref-commentary-aristotle-vls-af.grc.md,344256,2130
vls,vls-ab,sophistical-refutations-anon,anon-soph-ref-commentary,Commentary-Sophistical Refutations,Ὑπόμνημα εἰς τὰ Σοφιστικὰ Ἐλέγχη,Philosophy,grc/anon-soph-ref-commentary-vls-ab.grc.md,15817,1942
vls,vls-aa,sophistical-refutations-anon,anon-soph-ref-modes-importunities,Concise Tradition of Modes of Sophistic Importunities,Σύντομος Παράδοσις τῶν τρόπων τῶν σοφιστικῶν,Philosophy,grc/anon-soph-ref-modes-importunities-vls-aa.grc.md,13473,1882
vls,vls-ac,sophistical-refutations-anon,anon-soph-ref-scholia,Scholia-Sophistical Refutations,Σχόλια εἰς τὰ Σοφιστικὰ Ἐλέγχη,Philosophy,grc/anon-soph-ref-scholia-vls-ac.grc.md,85805,2001
vls,vls-ae,sophistical-refutations-anon,anon-soph-ref-scholia,Scholia-Sophistical Refutations,Σχόλια εἰς τὰ Σοφιστικὰ Ἐλέγχη,Philosophy,grc/anon-soph-ref-scholia-vls-ae.grc.md,174080,1900
vls,vls-ad,sophistical-refutations-anon,anon-soph-ref-scholia,Scholia-Sophistical Refutations,Σχόλια εἰς τὰ Σοφιστικὰ Ἐλέγχη,Philosophy,grc/anon-soph-ref-scholia-vls-ad.grc.md,52050,1954
buo,buo-aa,sophocles,sophocles-ajax-whip-bearer,Ajax The Whip-Bearer,Αἴας,Drama,grc/sophocles-ajax-whip-bearer-buo-aa.grc.md,117547,2419
buo,buo-ah,sophocles,sophocles-antigone,Antigone,Ἀντιγόνη,Drama,grc/sophocles-antigone-buo-ah.grc.md,109867,1539
buo,buo-aj,sophocles,sophocles-electra,Electra,Ἠλέκτρα,Drama,grc/sophocles-electra-buo-aj.grc.md,126107,1808
buo,buo-ag,sophocles,sophocles-hymn-dionysus,Hymn to Dionysus Fragments,Ἀποσπάσματα,Drama,grc/sophocles-hymn-dionysus-buo-ag.grc.md,2846,1891
buo,buo-ac,sophocles,sophocles-oedipus-colonus,Oedipus at Colonus,Οἰδίπους ἐπὶ Κολωνῷ,Drama,grc/sophocles-oedipus-colonus-buo-ac.grc.md,150232,1955
buo,buo-ad,sophocles,sophocles-oedipus-king,Oedipus the King,Οἰδίπους Τύραννος,Drama,grc/sophocles-oedipus-king-buo-ad.grc.md,131782,2001
buo,buo-ae,sophocles,sophocles-philoctetes,Philoctetes,Φιλοκτήτης,Drama,grc/sophocles-philoctetes-buo-ae.grc.md,126156,2757
buo,buo-af,sophocles,sophocles-euripides-love,Sophocles on Euripides and Love,Ἀποσπάσματα,Drama,grc/sophocles-euripides-love-buo-af.grc.md,2942,2006
buo,buo-ai,sophocles,sophocles-ichneutae,Trackers,Ἰχνευταί,Drama,grc/sophocles-ichneutae-buo-ai.grc.md,208021,1861
buo,buo-ab,sophocles,sophocles-women-of-trachis,Women of Trachis,Τραχίνιαι,Drama,grc/sophocles-women-of-trachis-buo-ab.grc.md,107588,1996
eom,eom-aa,sophocles-life,sophocles-life,Life of Sophocles,Βίος Σοφοκλέους,Biography,grc/sophocles-life-eom-aa.grc.md,13818,1668
xwk,xwk-aa,sophonias,sophonias-aristotle-soul-paraphrase,Paraphrase of Aristotle's On the Soul,Περὶ τῶν Ἀριστοτέλους περὶ ψυχῆς βιβλίων,Philosophy,grc/sophonias-aristotle-soul-paraphrase-xwk-aa.grc.md,802404,713
dru,dru-ab,sophron-of-syracuse,sophron-syracuse-purification-rituals,Fragments on Purification Rituals,Ἀποσπάσματα περὶ Καθαρσίων,Drama,grc/sophron-syracuse-purification-rituals-dru-ab.grc.md,2755,2015
dru,dru-aa,sophron-of-syracuse,sophron-syracuse-mime-daily-life,Mime Fragments of Daily Life,Ἀποσπάσματα περὶ Βίου Καθημερινοῦ,Drama,grc/sophron-syracuse-mime-daily-life-dru-aa.grc.md,12120,2117
omy,omy-ac,soranus-of-ephesus,soranus-ephesus-four-books-women,Four Books-Women,Γυναικείων Βιβλία Δ',Medicine,grc/soranus-ephesus-four-books-women-omy-ac.grc.md,538203,1890
omy,omy-aa,soranus-of-ephesus,soranus-ephesus-life-of-hippocrates,Life of Hippocrates According to Soranus,Βίος Ἱπποκράτους κατὰ Σωρανόν,Medicine,grc/soranus-ephesus-life-of-hippocrates-omy-aa.grc.md,11844,2417
omy,omy-ad,soranus-of-ephesus,soranus-ephesus-bandages,On Bandages,Περὶ Ἐπιδέσμων,Medicine,grc/soranus-ephesus-bandages-omy-ad.grc.md,37686,1503
omy,omy-ab,soranus-of-ephesus,soranus-ephesus-fractures,On Signs of Fractures,Περὶ Σημείων Καταγμάτων,Medicine,grc/soranus-ephesus-fractures-omy-ab.grc.md,16942,1880
kqy,kqy-aa,sosibius-of-sparta,sosibius-sparta-chronology,Fragments on Chronology,Ἀποσπάσματα περὶ Χρονολογίας,Grammar,grc/sosibius-sparta-chronology-kqy-aa.grc.md,17470,1944
kqy,kqy-ab,sosibius-of-sparta,sosibius-sparta-iberian-people,On the Iberian People,Ἀπόσπασμα,Grammar,grc/sosibius-sparta-iberian-people-kqy-ab.grc.md,2301,1659
kuk,kuk-aa,sosicrates-of-rhodes,sosicrates-rhodes-cretan-customs,Fragments on Cretan Customs,Ἀποσπάσματα περὶ Κρητικῶν Ἐθῶν,History,grc/sosicrates-rhodes-cretan-customs-kuk-aa.grc.md,14090,1743
kyq,kyq-ab,sosicrates-the-comic-poet,sosicrates-comic-fragments,Comic Fragments on Human Folly,Ἀποσπάσματα περὶ Ἀνθρωπίνης Μωρίας,Comedy,grc/sosicrates-comic-fragments-kyq-ab.grc.md,3188,2010
kyq,kyq-aa,sosicrates-the-comic-poet,sosicrates-human-follies,Fragments on Human Follies,Ἀποσπάσματα περὶ Ἀνθρωπίνων Μωριῶν,Comedy,grc/sosicrates-human-follies-kyq-aa.grc.md,2953,1591
mto,mto-aa,sosigenes-of-alexandria,sosigenes-alexandria-testimony,Testimony,Μαρτυρία,Philosophy,grc/sosigenes-alexandria-testimony-mto-aa.grc.md,2496,1469
ilg,ilg-aa,sosipater-the-comic-poet,sosipater-cooks-profession,Cook's Profession,Ἀποσπάσματα,Comedy,grc/sosipater-cooks-profession-ilg-aa.grc.md,7191,1688
ilg,ilg-ab,sosipater-the-comic-poet,sosipater-cooking,On the Art of Cooking,Ἀποσπάσματα,Comedy,grc/sosipater-cooking-ilg-ab.grc.md,7390,1934
heo,heo-aa,sosiphanes-of-syracuse,sosiphanes-syracuse-theban-trojan-myths,Fragments on Theban and Trojan Myths,Ἀποσπάσματα περὶ Θηβαϊκῶν καὶ Τρωϊκῶν Μύθων,Drama,grc/sosiphanes-syracuse-theban-trojan-myths-heo-aa.grc.md,3550,2050
iqg,iqg-aa,sositheus-of-alexandria-troas,sositheus-alexandria-troas-glutton-celaenae,Fragments on the Glutton of Celaenae,Ἀποσπάσματα περὶ τοῦ Γάστρονος τῆς Κελαινῶν,Drama,grc/sositheus-alexandria-troas-glutton-celaenae-iqg-aa.grc.md,4496,2012
gfy,gfy-aa,sosthenes-of-cnidus,sosthenes-cnidus-iberian-myths,Fragments on Iberian Myths,Ἀποσπάσματα περὶ τῶν Ἰβηρικῶν Μύθων,History,grc/sosthenes-cnidus-iberian-myths-gfy-aa.grc.md,4024,1921
nkm,nkm-aa,sostratus-of-nyssa,sostratus-nyssa-mythical-histories,Mythical Histories and Legends,Ἀποσπάσματα,Grammar,grc/sostratus-nyssa-mythical-histories-nkm-aa.grc.md,11553,1647
iti,iti-aa,sotades-of-maroneia-elder,sotades-maroneia-cooking,Fragments on Cooking,Ἀποσπάσματα περὶ Ὀψοποιίας,Comedy,grc/sotades-maroneia-cooking-iti-aa.grc.md,5471,1888
iti,iti-ab,sotades-of-maroneia-elder,sotades-maroneia-fish-feasting,Fragments on Fish and Feasting,Ἀποσπάσματα περὶ Ἰχθύων καὶ Εὐωχίας,Comedy,grc/sotades-maroneia-fish-feasting-iti-ab.grc.md,5633,2087
iti,iti-ac,sotades-of-maroneia-elder,sotades-maroneia-learning-suffering,On Learning and Suffering,Ἀπόσπασμα,Comedy,grc/sotades-maroneia-learning-suffering-iti-ac.grc.md,2022,1395
its,its-aa,sotades-of-maroneia-grammarian,sotades-maroneia-myth-exile,Fragments of Myth and Exile,Ἀποσπάσματα Μύθου καὶ Φυγῆς,Poetry,grc/sotades-maroneia-myth-exile-its-aa.grc.md,3269,1852
irk,irk-aa,sotades-of-maroneia-ps,sotades-maroneia-ethical-maxims,Fragments of Ethical Maxims,Ἀποσπάσματα περὶ Ἠθικῶν Γνωμῶν,Poetry,grc/sotades-maroneia-ethical-maxims-irk-aa.grc.md,9617,1843
kvy,kvy-aa,sotion-of-alexandria,sotion-alexandria-rivers-springs-lakes,"On Rivers, Springs, and Lakes",Ἀποσπάσματα,History,grc/sotion-alexandria-rivers-springs-lakes-kvy-aa.grc.md,18233,1930
ega,ega-ab,speusippus-of-athens,speusippus-athens-philosophers,Fragments on Philosophers,Ἀποσπάσματα περὶ Φιλοσόφων,Philosophy,grc/speusippus-athens-philosophers-ega-ab.grc.md,121503,1698
ega,ega-aa,speusippus-of-athens,speusippus-athens-king-philip,Letter to King Philip,Πρὸς Φίλιππον βασιλέα,Philosophy,grc/speusippus-athens-king-philip-ega-aa.grc.md,18925,2655
ega,ega-ac,speusippus-of-athens,speusippus-athens-letters-philip,Letters to Philip,Ἐπιστολαὶ πρὸς Φίλιππον,Philosophy,grc/speusippus-athens-letters-philip-ega-ac.grc.md,8152,2035
ipw,ipw-aa,sphaerus-of-borysthenes,sphaerus-borysthenes-stoic-fragments,Stoic Philosophical Fragments,Ἀποσπάσματα,Philosophy,grc/sphaerus-borysthenes-stoic-fragments-ipw-aa.grc.md,11045,2410
roy,roy-aa,stadiasmus-of-the-great-sea,stadiasmus-great-sea-periplous,Stadiasmus of the Great Sea,Σταδιασμὸς τοῦ Μεγάλου Πελάγους,Geography,grc/stadiasmus-great-sea-periplous-roy-aa.grc.md,72953,1796
rik,rik-aa,staphylus-of-naucratis,staphylus-naucratis-histories-myths,Thessalian Histories and Myths,Ἀποσπάσματα,History,grc/staphylus-naucratis-histories-myths-rik-aa.grc.md,8021,1970
vvs,vvs-aa,stephanus-of-alexandria,stephanus-alexandria-commentary-aristotle,Commentary-Aristotle in Greek,Σχόλια εἰς τὸν Ἀριστοτέλην Ἐλληνιστί,Philosophy,grc/stephanus-alexandria-commentary-aristotle-vvs-aa.grc.md,318680,2020
jzq,jzq-ab,stephanus-the-comic-poet,stephanus-comic-kings-gift-at-thuria,King's Gift at Thuria,Ἀπόσπασμα,Comedy,grc/stephanus-comic-kings-gift-at-thuria-jzq-ab.grc.md,1926,1182
jzq,jzq-aa,stephanus-the-comic-poet,stephanus-comic-kings-gift-of-a-village,King's Gift of a Village,Ἀπόσπασμα,Comedy,grc/stephanus-comic-kings-gift-of-a-village-jzq-aa.grc.md,2325,1576
uua,uua-ab,stephen-of-byzantium,stephanus-byzantium-epigram,Epigram,Ἐπίγραμμα,Grammar,grc/stephanus-byzantium-epigram-uua-ab.grc.md,4565,1936
uua,uua-aa,stephen-of-byzantium,stephanus-byzantium-ethnica-summary,Summary of Ethnica,Σύνοψις τῶν Ἐθνικῶν,Grammar,grc/stephanus-byzantium-ethnica-summary-uua-aa.grc.md,1298467,1883
ams,ams-aa,stesichorus-of-metauros,stesichorus-metauros-geryoneis,Fragments of the Geryoneis,Ἀποσπάσματα τῆς Γηρυονηΐδος,Poetry,grc/stesichorus-metauros-geryoneis-ams-aa.grc.md,12550,2235
ams,ams-ab,stesichorus-of-metauros,stesichorus-metauros-hesperides,Fragments on the Hesperides,Ἀποσπάσματα περὶ Ἑσπερίδων,Poetry,grc/stesichorus-metauros-hesperides-ams-ab.grc.md,28760,2635
bya,bya-aa,stesiclides,stesiclides-athens-chronicles,Chronicles of Athens,Ἀποσπάσματα,History,grc/stesiclides-athens-chronicles-bya-aa.grc.md,2887,1578
dti,dti-aa,stesimbrotus-of-thasos,stesimbrotus-thasos-athenian-statesmen,On Athenian Statesmen,Ἀποσπάσματα,History,grc/stesimbrotus-thasos-athenian-statesmen-dti-aa.grc.md,20680,1757
ggi,ggi-aa,sthenidas,sthenidas-kingship-divine-imitation,On Kingship and Divine Imitation,Ἀπόσπασμα,Philosophy,grc/sthenidas-kingship-divine-imitation-ggi-aa.grc.md,5337,2793
oym,oym-aa,stoic-fragment-anon,stoic-frag-anon-criterion,On the Criterion,Ἀπόσπασμα,Philosophy,grc/stoic-frag-anon-criterion-oym-aa.grc.md,2453,1887
nck,nck-aa,strabo-of-amasia,strabo-amasia-chrestomathies-geography,Chrestomathies from Strabo's Geographical Books,Χρηστομάθειαι ἐκ τῶν Γεωγραφικῶν Στράβωνος,Geography,grc/strabo-amasia-chrestomathies-geography-nck-aa.grc.md,923102,1897
nck,nck-ac,strabo-of-amasia,strabo-amasia-parthian-customs,Fragments on Parthian Customs,Ἀποσπάσματα περὶ τῶν Παρθικῶν Ἐθῶν,Geography,grc/strabo-amasia-parthian-customs-nck-ac.grc.md,23503,2282
nck,nck-ad,strabo-of-amasia,strabo-amasia-geography,Geography,Γεωγραφικά,Geography,grc/strabo-amasia-geography-nck-ad.grc.md,3537990,1813
nck,nck-ab,strabo-of-amasia,strabo-amasia-testimonies,Testimonies,Μαρτυρίαι,Geography,grc/strabo-amasia-testimonies-nck-ab.grc.md,2878,2071
ipc,ipc-aa,strato-of-lampsacus,strato-lampsacus-philosophy-nature,Fragments on Philosophy and Nature,Ἀποσπάσματα περὶ Φιλοσοφίας καὶ Φύσεως,Philosophy,grc/strato-lampsacus-philosophy-nature-ipc-aa.grc.md,91167,2761
evu,evu-ab,straton-comicus,straton-comicus-confused-dinner-guest,Confused Dinner Guest,Ἀπόσπασμα,Comedy,grc/straton-comicus-confused-dinner-guest-evu-ab.grc.md,6401,1988
evu,evu-aa,straton-comicus,straton-comicus-pretentious-dinner-guest,Pretentious Dinner Guest,Ἀπόσπασμα,Comedy,grc/straton-comicus-pretentious-dinner-guest-evu-aa.grc.md,6357,1915
evu,evu-ac,straton-comicus,straton-comicus-uninvited-guest,Uninvited Guest,Ἀπόσπασμα,Comedy,grc/straton-comicus-uninvited-guest-evu-ac.grc.md,6770,1931
eco,eco-ab,strattis-the-comic-poet,strattis-comic-food-theater,Comic Fragments on Food and Theater,Ἀποσπάσματα περὶ Τροφῆς καὶ Θεάτρου Κωμικά,Comedy,grc/strattis-comic-food-theater-eco-ab.grc.md,10421,1956
eco,eco-aa,strattis-the-comic-poet,strattis-athenian-life,Fragments on Athenian Life,Ἀποσπάσματα περὶ τοῦ Ἀθηναϊκοῦ Βίου,Comedy,grc/strattis-athenian-life-eco-aa.grc.md,11714,2115
eco,eco-ad,strattis-the-comic-poet,strattis-chios-cos,Fragments on Chios and Cos,Ἀποσπάσματα περὶ Χίου καὶ Κῶ,Comedy,grc/strattis-chios-cos-eco-ad.grc.md,9987,2405
eco,eco-ac,strattis-the-comic-poet,strattis-virtue-fragments,Fragments on Virtue,Ἀποσπάσματα περὶ Ἀρετῆς,Comedy,grc/strattis-virtue-fragments-eco-ac.grc.md,3230,2274
wus,wus-aa,suda,suda-alpha,"Lexicon, Letter Α","Σοῦδα, Στοιχεῖον Α",Lexicography,grc/suda-alpha-wus-aa.grc.md,1510003,1519
wus,wus-ab,suda,suda-beta,"Lexicon, Letter Β","Σοῦδα, Στοιχεῖον Β",Lexicography,grc/suda-beta-wus-ab.grc.md,183790,1578
wus,wus-ac,suda,suda-gamma,"Lexicon, Letter Γ","Σοῦδα, Στοιχεῖον Γ",Lexicography,grc/suda-gamma-wus-ac.grc.md,155611,1572
wus,wus-ad,suda,suda-delta,"Lexicon, Letter Δ","Σοῦδα, Στοιχεῖον Δ",Lexicography,grc/suda-delta-wus-ad.grc.md,486039,1578
wus,wus-ae,suda,suda-epsilon,"Lexicon, Letter Ε","Σοῦδα, Στοιχεῖον Ε",Lexicography,grc/suda-epsilon-wus-ae.grc.md,1000228,1709
wus,wus-af,suda,suda-zeta,"Lexicon, Letter Ζ","Σοῦδα, Στοιχεῖον Ζ",Lexicography,grc/suda-zeta-wus-af.grc.md,58291,1511
wus,wus-ag,suda,suda-eta,"Lexicon, Letter Η","Σοῦδα, Στοιχεῖον Η",Lexicography,grc/suda-eta-wus-ag.grc.md,158657,1739
wus,wus-ah,suda,suda-theta,"Lexicon, Letter Θ","Σοῦδα, Στοιχεῖον Θ",Lexicography,grc/suda-theta-wus-ah.grc.md,195504,1554
wus,wus-ai,suda,suda-iota,"Lexicon, Letter Ι","Σοῦδα, Στοιχεῖον Ι",Lexicography,grc/suda-iota-wus-ai.grc.md,264689,1860
wus,wus-aj,suda,suda-kappa,"Lexicon, Letter Κ","Σοῦδα, Στοιχεῖον Κ",Lexicography,grc/suda-kappa-wus-aj.grc.md,672734,1820
wus,wus-ak,suda,suda-lambda,"Lexicon, Letter Λ","Σοῦδα, Στοιχεῖον Λ",Lexicography,grc/suda-lambda-wus-ak.grc.md,242164,1672
wus,wus-al,suda,suda-mu,"Lexicon, Letter Μ","Σοῦδα, Στοιχεῖον Μ",Lexicography,grc/suda-mu-wus-al.grc.md,405369,1661
wus,wus-am,suda,suda-nu,"Lexicon, Letter Ν","Σοῦδα, Στοιχεῖον Ν",Lexicography,grc/suda-nu-wus-am.grc.md,187272,1645
wus,wus-an,suda,suda-xi,"Lexicon, Letter Ξ","Σοῦδα, Στοιχεῖον Ξ",Lexicography,grc/suda-xi-wus-an.grc.md,43608,1639
wus,wus-ao,suda,suda-omicron,"Lexicon, Letter Ο","Σοῦδα, Στοιχεῖον Ο",Lexicography,grc/suda-omicron-wus-ao.grc.md,348810,1662
wus,wus-ap,suda,suda-pi,"Lexicon, Letter Π","Σοῦδα, Στοιχεῖον Π",Lexicography,grc/suda-pi-wus-ap.grc.md,854665,1710
wus,wus-aq,suda,suda-rho,"Lexicon, Letter Ρ","Σοῦδα, Στοιχεῖον Ρ",Lexicography,grc/suda-rho-wus-aq.grc.md,83575,1730
wus,wus-ar,suda,suda-sigma,"Lexicon, Letter Σ","Σοῦδα, Στοιχεῖον Σ",Lexicography,grc/suda-sigma-wus-ar.grc.md,563809,1678
wus,wus-as,suda,suda-tau,"Lexicon, Letter Τ","Σοῦδα, Στοιχεῖον Τ",Lexicography,grc/suda-tau-wus-as.grc.md,365877,1709
wus,wus-at,suda,suda-upsilon,"Lexicon, Letter Υ","Σοῦδα, Στοιχεῖον Υ",Lexicography,grc/suda-upsilon-wus-at.grc.md,169162,1491
wus,wus-au,suda,suda-phi,"Lexicon, Letter Φ","Σοῦδα, Στοιχεῖον Φ",Lexicography,grc/suda-phi-wus-au.grc.md,273139,1697
wus,wus-av,suda,suda-chi,"Lexicon, Letter Χ","Σοῦδα, Στοιχεῖον Χ",Lexicography,grc/suda-chi-wus-av.grc.md,182760,1555
wus,wus-aw,suda,suda-psi,"Lexicon, Letter Ψ","Σοῦδα, Στοιχεῖον Ψ",Lexicography,grc/suda-psi-wus-aw.grc.md,51013,1559
wus,wus-ax,suda,suda-omega,"Lexicon, Letter Ω","Σοῦδα, Στοιχεῖον Ω",Lexicography,grc/suda-omega-wus-ax.grc.md,90788,1468
oem,oem-aa,suetonius,suetonius-blasphemies-origins,On Blasphemies and Their Origins,Περὶ βλασφημιῶν καὶ πόθεν ἑκάστη,Grammar,grc/suetonius-blasphemies-origins-oem-aa.grc.md,43267,1628
oem,oem-ab,suetonius,suetonius-games-greeks,On the Games Among the Greeks,Περὶ τῶν παρ Ἕλλησι παιδιῶν,Grammar,grc/suetonius-games-greeks-oem-ab.grc.md,30498,1700
atg,atg-ac,susarion-of-megara,susarion-megara-evils-marriage,On the Evils of Marriage,Ἀπόσπασμα,Comedy,grc/susarion-megara-evils-marriage-atg-ac.grc.md,2335,1648
atg,atg-ab,susarion-of-megara,susarion-megara-evils-marriage,On the Evils of Marriage,Ἀπόσπασμα,Comedy,grc/susarion-megara-evils-marriage-atg-ab.grc.md,2415,1767
atg,atg-aa,susarion-of-megara,susarion-megara-nature-women,On the Nature of Women,Ἀπόσπασμα,Comedy,grc/susarion-megara-nature-women-atg-aa.grc.md,2428,1777
xic,xic-aa,symeon,etymologicum-symeonis,Etymological Work of Symeon,Ἐτυμολογικὸν τοῦ Συμεών,Lexicography,grc/etymologicum-symeonis-xic-aa.grc.md,628383,547
sys,sys-ae,synesius-of-cyrene,synesius-cyrene-catastases,Catastases,Καταστάσεις,Philosophy,grc/synesius-cyrene-catastases-sys-ae.grc.md,26089,1674
sys,sys-aj,synesius-of-cyrene,synesius-cyrene-dion,Dion,Δίων,Philosophy,grc/synesius-cyrene-dion-sys-aj.grc.md,102185,1703
sys,sys-ab,synesius-of-cyrene,synesius-cyrene-egyptians-providence,Egyptians or-Providence,Αἰγύπτιοι ἢ Περὶ Προνοίας,Philosophy,grc/synesius-cyrene-egyptians-providence-sys-ab.grc.md,150252,2126
sys,sys-ag,synesius-of-cyrene,synesius-cyrene-homilies,Homilies,Ὁμιλίαι,Philosophy,grc/synesius-cyrene-homilies-sys-ag.grc.md,9862,1628
sys,sys-ai,synesius-of-cyrene,synesius-cyrene-hymns,Hymns,Ὕμνοι,Philosophy,grc/synesius-cyrene-hymns-sys-ai.grc.md,54926,2046
sys,sys-ah,synesius-of-cyrene,synesius-cyrene-letters-nicander,Letters to Nicander,Ἐπιστολαὶ πρὸς Νίκανδρον,Philosophy,grc/synesius-cyrene-letters-nicander-sys-ah.grc.md,488754,1853
sys,sys-af,synesius-of-cyrene,synesius-cyrene-on-dreams,On Dreams,Περὶ Ἐνυπνίων,Philosophy,grc/synesius-cyrene-on-dreams-sys-af.grc.md,94403,1870
sys,sys-ac,synesius-of-cyrene,synesius-cyrene-kingdom,Oratithe Kingdom,Λόγος περὶ Βασιλείας,Philosophy,grc/synesius-cyrene-kingdom-sys-ac.grc.md,117005,1785
sys,sys-ad,synesius-of-cyrene,synesius-cyrene-praise-baldness,Praise of Baldness,Ἐγκώμιον τῆς Φαλάκρας,Philosophy,grc/synesius-cyrene-praise-baldness-sys-ad.grc.md,92086,1783
sys,sys-aa,synesius-of-cyrene,synesius-cyrene-gift-astrolabe,To Paeonius-the Gift of the Astrolabe,Πρὸς Παίωνιον περὶ Δώρου τοῦ Ἀστρολάβου,Philosophy,grc/synesius-cyrene-gift-astrolabe-sys-aa.grc.md,25077,2261
sse,sse-aa,synesius-the-alchemist,synesius-democritus-notes,"Synesius the Philosopher to Dioscorus-the Book of Democritus, as in Notes",Συνεσίου φιλοσόφου πρὸς Διόσκορον εἰς τὴν βίβλον,Science,grc/synesius-democritus-notes-sse-aa.grc.md,35735,2182
tfq,tfq-ad,syrianus-of-athens,syrianus-athens-commentary-aristotle,Commentary-Aristotle in Greek,Σχόλια εἰς τὰ μεταφυσικὰ Ἀριστοτέλους,Philosophy,grc/syrianus-athens-commentary-aristotle-tfq-ad.grc.md,905802,2200
tfq,tfq-ab,syrianus-of-athens,syrianus-athens-hermogenes-ideas,Commentary-Hermogenes' Book-Ideas,Ὑπόμνημα εἰς τὸ περὶ ἰδεῶν Ἑρμογένους,Philosophy,grc/syrianus-athens-hermogenes-ideas-tfq-ab.grc.md,203757,2296
tfq,tfq-aa,syrianus-of-athens,syrianus-athens-hermogenes-issues,Commentary-Hermogenes' Book-Issues,Ὑπόμνημα εἰς τὸ Ἑρμογένους περὶ στάσεων,Philosophy,grc/syrianus-athens-hermogenes-issues-tfq-aa.grc.md,490885,2274
tfq,tfq-ac,syrianus-of-athens,syrianus-athens-preface-hermogenes,Preface to Hermogenes' Book-Ideas,Περὶ ἰδεῶν,Philosophy,grc/syrianus-athens-preface-hermogenes-tfq-ac.grc.md,41208,2200
tem,tem-aa,syrianus-sopater-marcellinus,syrianus-sopater-marcellinus-scholia-hermogenes,Scholia-Hermogenes's Book-Issues,Σχόλια εἰς τὸ Ἑρμογένους περὶ στάσεων,Grammar,grc/syrianus-sopater-marcellinus-scholia-hermogenes-tem-aa.grc.md,2283020,2048
pci,pci-aa,tatian-the-assyrian,tatian-assyrian-oration-greeks,Oration to the Greeks,Λόγος πρὸς τοὺς Ἕλληνας,Theology,grc/tatian-assyrian-oration-greeks-pci-aa.grc.md,136206,2101
edi,edi-ab,telecleides-comicus,telecleides-golden-age-of-plenty,Golden Age of Plenty,Ἀποσπάσματα,Comedy,grc/telecleides-golden-age-of-plenty-edi-ab.grc.md,7917,2170
edi,edi-aa,telecleides-comicus,telecleides-golden-age-of-plenty,Golden Age of Plenty,Ἀποσπάσματα,Comedy,grc/telecleides-golden-age-of-plenty-edi-aa.grc.md,8699,1992
pxm,pxm-aa,telephus-the-grammarian,telephus-athenian-institutions,Fragments on Athenian Institutions,Ἀποσπάσματα περὶ τῶν Ἀθηναίων Πολιτευμάτων,Grammar,grc/telephus-athenian-institutions-pxm-aa.grc.md,4271,2154
kkk,kkk-af,teles-of-megara,teles-megara-circumstances,On Circumstances,Περὶ περιστάσεων,Philosophy,grc/teles-megara-circumstances-kkk-af.grc.md,4787,1913
kkk,kkk-ah,teles-of-megara,teles-megara-flight,On Flight,Περὶ φυγῆς,Philosophy,grc/teles-megara-flight-kkk-ah.grc.md,16851,1672
kkk,kkk-ag,teles-of-megara,teles-megara-impassibility,On Impassibility,Περὶ ἀπαθείας,Philosophy,grc/teles-megara-impassibility-kkk-ag.grc.md,13576,1538
kkk,kkk-ac,teles-of-megara,teles-megara-pleasure-not-end,On Pleasure Not Being the End,Περὶ τοῦ μὴ εἶναι τέλος ἡδονήν,Philosophy,grc/teles-megara-pleasure-not-end-kkk-ac.grc.md,5273,2037
kkk,kkk-ad,teles-of-megara,teles-megara-seeming-being,On Seeming and Being,Περὶ τοῦ δοκεῖν καὶ τοῦ εἶναι,Philosophy,grc/teles-megara-seeming-being-kkk-ad.grc.md,6214,2177
kkk,kkk-ae,teles-of-megara,teles-megara-self-sufficiency,On Self-Sufficiency,Περὶ αὐταρκείας,Philosophy,grc/teles-megara-self-sufficiency-kkk-ae.grc.md,19790,1868
kkk,kkk-aa,teles-of-megara,teles-megara-poverty-wealth,On the Comparison of Poverty and Wealth,Περὶ συγκρίσεως πενίας καὶ πλούτου,Philosophy,grc/teles-megara-poverty-wealth-kkk-aa.grc.md,7761,2011
kkk,kkk-ab,teles-of-megara,teles-megara-poverty-wealth,On the Comparison of Poverty and Wealth,Περὶ συγκρίσεως πενίας καὶ πλούτου,Philosophy,grc/teles-megara-poverty-wealth-kkk-ab.grc.md,7844,2094
crg,crg-aa,telestes-of-selinus,telestes-selinus-flute-rivalry,On the Flute and Musical Rivalry,Ἀποσπάσματα,Poetry,grc/telestes-selinus-flute-rivalry-crg-aa.grc.md,4190,1692
tpq,tpq-aa,teliambic-fragment-anon,teliambic-anon-fragment,Teliambic Fragment,Τηλιαμβικὸν Ἀπόσπασμα,Poetry,grc/teliambic-anon-fragment-tpq-aa.grc.md,2452,1284
leu,leu-aa,teucer-of-babylon,teucer-babylon-rising-stars,On the Rising Stars,Περὶ τῶν ἀνατελλόντων ἀστέρων,Science,grc/teucer-babylon-rising-stars-leu-aa.grc.md,12999,1882
leu,leu-ab,teucer-of-babylon,teucer-babylon-twelve-signs,On the Twelve Signs,Περὶ τῶν δώδεκα σημείων,Science,grc/teucer-babylon-twelve-signs-leu-ab.grc.md,66220,2232
myo,myo-aa,teucer-of-cyzicus,teucer-cyzicus-greek-toponymy,Fragments on Greek Toponymy,Ἀποσπάσματα περὶ Ἑλληνικῆς Τοπωνυμίας,History,grc/teucer-cyzicus-greek-toponymy-myo-aa.grc.md,4822,2191
apa,apa-ac,thales-of-miletus,thales-miletus-letters,Letters to Philosophers,Ἐπιστολαὶ πρὸς Φιλοσόφους,Philosophy,grc/thales-miletus-letters-apa-ac.grc.md,5083,2429
apa,apa-aa,thales-of-miletus,thales-miletus-testimonies,Testimonies,Μαρτυρίαι,Philosophy,grc/thales-miletus-testimonies-apa-aa.grc.md,52233,2035
apa,apa-ab,thales-of-miletus,thales-miletus-nautical-astronomy,Thales' Nautical Astronomy,Ἀποσπάσματα,Philosophy,grc/thales-miletus-nautical-astronomy-apa-ab.grc.md,4804,1520
nqq,nqq-aa,thallus-the-historian,thallus-historical-fragments,Historical Fragments on Saturn,Ἀποσπάσματα περὶ Κρόνου,History,grc/thallus-historical-fragments-nqq-aa.grc.md,7373,1955
bsq,bsq-aa,the-alcmaeonis,the-alcmaeonis-fragments,Alcmaeonis Fragments,Ἀλκμαίωνος Ἀποσπάσματα,Epic,grc/the-alcmaeonis-fragments-bsq-aa.grc.md,2619,1604
adm,adm-aa,the-cypria,the-cypria-fragments,Cypria,Κύπρια,Epic,grc/the-cypria-fragments-adm-aa.grc.md,7864,2221
ugy,ugy-aa,the-naturalist,the-naturalist-physiologus-first,"Physiologus, First Redaction",Φυσιολόγος,Science,grc/the-naturalist-physiologus-first-ugy-aa.grc.md,128662,2297
cyy,cyy-aa,the-naupactia,the-naupactia-fragments,"Poem of Naupactus, Fragments",Ναυπάκτια Ἀποσπάσματα,Epic,grc/the-naupactia-fragments-cyy-aa.grc.md,3061,1847
jjm,jjm-aa,theagenes-of-macedon,theagenes-macedon-historical-geography,Macedonian Historical Geography,Ἀποσπάσματα,History,grc/theagenes-macedon-historical-geography-jjm-aa.grc.md,8120,1711
eow,eow-aa,theagenes-of-rhegium,theagenes-rhegium-testimonies,Testimonies,Μαρτυρίαι,Philosophy,grc/theagenes-rhegium-testimonies-eow-aa.grc.md,6615,2194
crq,crq-aa,theages,theages-virtue-soul,On Virtue and the Soul,Ἀποσπάσματα,Philosophy,grc/theages-virtue-soul-crq-aa.grc.md,14463,1491
bhc,bhc-aa,theano-of-croton,theano-croton-teachings-letters,Pythagorean Teachings and Letters,Ἀποσπάσματα,Philosophy,grc/theano-croton-teachings-letters-bhc-aa.grc.md,25267,2157
aka,aka-aa,thearidas-early-philosopher,thearidas-nature-being,On the Nature of Being,Ἀπόσπασμα,Philosophy,grc/thearidas-nature-being-aka-aa.grc.md,1844,1252
lko,lko-aa,thebaÿs,thebais-fragments,Thebaid Fragments,Θηβαΐδος Ἀποσπάσματα,Epic,grc/thebais-fragments-lko-aa.grc.md,3956,1669
nra,nra-aa,themison-the-historian,themison-pallenian-festival,On the Pallenian Festival,Ἀπόσπασμα,History,grc/themison-pallenian-festival-nra-aa.grc.md,2454,1748
rye,rye-bb,themistius-the-philosopher,themistius-consular-jovian,Consular to Emperor Jovian,Ὑπατικὸς εἰς τὸν αὐτοκράτορα Ἰοβιανόν,Philosophy,grc/themistius-consular-jovian-rye-bb.grc.md,30117,2460
rye,rye-af,themistius-the-philosopher,themistius-deeteric-king-speeches,Deceteric or-Appropriate Speeches to the King,Δεκετηρικὸς ἢ περὶ τῶν πρεπόντων λόγων τῷ βασιλεῖ,Philosophy,grc/themistius-deeteric-king-speeches-rye-af.grc.md,46440,2392
rye,rye-bd,themistius-the-philosopher,themistius-discourse-the-word,Discourse-the Word,Ἡ ἐπὶ τῷ λόγῳ διάλεξις,Philosophy,grc/themistius-discourse-the-word-rye-bd.grc.md,10630,2071
rye,rye-ay,themistius-the-philosopher,themistius-embassy-theodosius,Embassy to Emperor Theodosius,Πρεσβευτικὸς εἰς Θεοδόσιον αὐτοκράτορα,Philosophy,grc/themistius-embassy-theodosius-rye-ay.grc.md,14831,2013
rye,rye-ac,themistius-the-philosopher,themistius-embassy-constantinople-rome,Embassy-Behalf of Constantinople Delivered in Rome,Πρεσβευτικὸς ὑπὲρ Κωνσταντινουπόλεως ῥηθεὶς ἐν,Philosophy,grc/themistius-embassy-constantinople-rome-rye-ac.grc.md,31231,2225
rye,rye-bi,themistius-the-philosopher,themistius-epitaph-father,Epitaph-the Father,Ἐπιτάφιος ἐπὶ τῷ πατρί,Philosophy,grc/themistius-epitaph-father-rye-bi.grc.md,30388,1892
rye,rye-bc,themistius-the-philosopher,themistius-erotic-beauty,Erotic or-Royal Beauty,Ἐρωτικὸς ἢ περὶ κάλλους βασιλικοῦ,Philosophy,grc/themistius-erotic-beauty-rye-bc.grc.md,69478,2003
rye,rye-al,themistius-the-philosopher,themistius-exhortation-nicomedians,Exhortation to Nicomedians-Philosophy,Προτρεπτικὸς Νικομηδεῦσιν εἰς φιλοσοφίαν,Philosophy,grc/themistius-exhortation-nicomedians-rye-al.grc.md,32307,1841
rye,rye-at,themistius-the-philosopher,themistius-exhortation-valentinian,Exhortation to Young Valentinian,Προτρεπτικὸς Οὐαλεντινιανῷ νέῳ,Philosophy,grc/themistius-exhortation-valentinian-rye-at.grc.md,31171,2052
rye,rye-az,themistius-the-philosopher,themistius-moderate-children,Moderate or Fond of Children,Μετριοπαθὴς ἢ φιλότεκνος,Philosophy,grc/themistius-moderate-children-rye-az.grc.md,32086,1910
rye,rye-ao,themistius-the-philosopher,themistius-physics-paraphrase,"On Aristotle's Physics, Paraphrase",Περὶ τῆς Ἀριστοτέλους Φυσικῆς,Philosophy,grc/themistius-physics-paraphrase-rye-ao.grc.md,943145,1887
rye,rye-bj,themistius-the-philosopher,themistius-friendship,On Friendship,Περὶ φιλίας,Philosophy,grc/themistius-friendship-rye-bj.grc.md,64372,2447
rye,rye-ai,themistius-the-philosopher,themistius-attention-men,On Not Paying Attention to Places but to Men,Περὶ τοῦ μὴ δεῖν τοῖς τόποις ἀλλὰ τοῖς ἀνδράσι,Philosophy,grc/themistius-attention-men-rye-ai.grc.md,36431,3084
rye,rye-ax,themistius-the-philosopher,themistius-philanthropy-constantius,On Philanthropy or Constantius,Περὶ φιλανθρωπίας ἢ Κωνστάντιος,Philosophy,grc/themistius-philanthropy-constantius-rye-ax.grc.md,61671,2438
rye,rye-bk,themistius-the-philosopher,themistius-prudence,On Prudence,Περὶ φρονήσεως,Philosophy,grc/themistius-prudence-rye-bk.grc.md,5522,1968
rye,rye-ag,themistius-the-philosopher,themistius-speaking-philosopher,On Speaking or How the Philosopher Should Speak,〈Ὑπὲρ τοῦ λέγειν ἢ πῶς τῷ φιλοσόφῳ λεκτέον〉,Philosophy,grc/themistius-speaking-philosopher-rye-ag.grc.md,72603,2301
rye,rye-ba,themistius-the-philosopher,themistius-kings-praise,On the King's Love of Praise,Περὶ τῆς τοῦ βασιλέως φιληκοΐας,Philosophy,grc/themistius-kings-praise-rye-ba.grc.md,32803,1978
rye,rye-an,themistius-the-philosopher,themistius-names-king-consul,On the Names of the King and the Consul,〈Περὶ τῶν ὀνομάτων τοῦ βασιλέως καὶ τοῦ ὑπάτου〉,Philosophy,grc/themistius-names-king-consul-rye-an.grc.md,14632,1871
rye,rye-av,themistius-the-philosopher,themistius-ordination-polity,On the Ordination of the Polity,Ἐπὶ τῇ χειροτονίᾳ τῆς πολιαρχίας,Philosophy,grc/themistius-ordination-polity-rye-av.grc.md,13046,1818
rye,rye-bg,themistius-the-philosopher,themistius-peace-valens,On the Peace of Valens,Ἐπὶ τῆς εἰρήνης Οὐάλεντι,Philosophy,grc/themistius-peace-valens-rye-bg.grc.md,46450,1717
rye,rye-aj,themistius-the-philosopher,themistius-philanthropy-theodosius,On the Philanthropy of Emperor Theodosius,Ἐπὶ τῇ φιλανθρωπίᾳ τοῦ αὐτοκράτορος Θεοδοσίου,Philosophy,grc/themistius-philanthropy-theodosius-rye-aj.grc.md,30377,2630
rye,rye-aw,themistius-the-philosopher,themistius-presidency-senate,On the Presidency in the Senate,Περὶ προεδρίας εἰς τὴν σύγκλητον,Philosophy,grc/themistius-presidency-senate-rye-aw.grc.md,14694,1855
rye,rye-bl,themistius-the-philosopher,themistius-soul,On the Soul,Περὶ ψυχῆς,Philosophy,grc/themistius-soul-rye-bl.grc.md,4972,1809
rye,rye-au,themistius-the-philosopher,themistius-failed-valens,On Those Who Failed Under Valens,Περὶ τῶν ἠτυχηκότων ἐπὶ Οὐάλεντος,Philosophy,grc/themistius-failed-valens-rye-au.grc.md,60103,1895
rye,rye-aa,themistius-the-philosopher,themistius-oration-constantius-philosopher-king,Oration to Emperor Constantius on the Philosopher King,"Εἰς Κωνστάντιον τὸν αὐτοκράτορα, ὅτι μάλιστα",Philosophy,grc/themistius-oration-constantius-philosopher-king-rye-aa.grc.md,58760,2174
rye,rye-as,themistius-the-philosopher,themistius-paraphrase-memory-recollection,Paraphrase of On Memory and Recollection,Παράφρασις εἰς τὸ Περὶ Μνήμης καὶ Ἀναμνήσεως,Philosophy,grc/themistius-paraphrase-memory-recollection-rye-as.grc.md,180289,2112
rye,rye-ar,themistius-the-philosopher,themistius-paraphrase-on-the-soul,Paraphrase of On the Soul,Παράφρασις εἰς τὸ Περὶ Ψυχῆς,Philosophy,grc/themistius-paraphrase-on-the-soul-rye-ar.grc.md,624385,2400
rye,rye-ap,themistius-the-philosopher,themistius-posterior-analytics,Paraphrase Of Posterior Analytics,Παράφρασις τῶν Ἀναλυτικῶν Ὑστέρων,Philosophy,grc/themistius-posterior-analytics-rye-ap.grc.md,278721,2036
rye,rye-bm,themistius-the-philosopher,themistius-penteteric,Penteteric,Πενταετηρικός,Philosophy,grc/themistius-penteteric-rye-bm.grc.md,70683,1966
rye,rye-aq,themistius-the-philosopher,themistius-philanthropy,Philadelphians or-Philanthropy,Φιλάδελφοι ἢ περὶ φιλανθρωπίας,Philosophy,grc/themistius-philanthropy-rye-aq.grc.md,47400,2204
rye,rye-bn,themistius-the-philosopher,themistius-philopolis,Philopolis,〈Φ〉ιλόπολις,Philosophy,grc/themistius-philopolis-rye-bn.grc.md,3833,1856
rye,rye-bo,themistius-the-philosopher,themistius-sophist,Sophist,Σοφιστής,Philosophy,grc/themistius-sophist-rye-bo.grc.md,60797,1875
rye,rye-ab,themistius-the-philosopher,themistius-peace-consulship-saturninus,Thanksgiving to the Emperor for the Peace and Consulship of General Saturninus,Χαριστήριος τῷ αὐτοκράτορι ὑπὲρ τῆς εἰρήνης καὶ,Philosophy,grc/themistius-peace-consulship-saturninus-rye-ab.grc.md,50521,2247
rye,rye-ae,themistius-the-philosopher,themistius-commentary-prior-analytics-1,"Themistius's Commentary on Aristotle's Prior Analytics, Book I",Ἡ φερομένη εἰς τὸν Ἀριστοτέλους Ἀναλυτικῶν,Philosophy,grc/themistius-commentary-prior-analytics-1-rye-ae.grc.md,877243,2144
rye,rye-be,themistius-the-philosopher,themistius-whether-to-farm,Thesis-Whether to Farm,Θέσις εἰ γεωργητέον,Philosophy,grc/themistius-whether-to-farm-rye-be.grc.md,14511,1850
rye,rye-bh,themistius-the-philosopher,themistius-constantius,To Emperor Constantius,Εἰς τὸν αὐτοκράτορα Κωνστάντιον,Philosophy,grc/themistius-constantius-rye-bh.grc.md,50045,2035
rye,rye-am,themistius-the-philosopher,themistius-immediate-speech,To the One Who Demanded Immediate Speech,Πρὸς τὸν ἀξιώσαντα λέγειν ἐκ τοῦ παραχρῆμα,Philosophy,grc/themistius-immediate-speech-rye-am.grc.md,7390,2858
rye,rye-ad,themistius-the-philosopher,themistius-to-theodosius-virtues,"To Theodosius, Which is the Most Royal of Virtues",Εἰς Θεοδόσιον· τίς ἡ βασιλικωτάτη τῶν ἀρετῶν,Philosophy,grc/themistius-to-theodosius-virtues-rye-ad.grc.md,54506,2202
rye,rye-ak,themistius-the-philosopher,themistius-accusing-office,To Those Accusing-Accepting the Office,Πρὸς τοὺς αἰτιασαμένους ἐπὶ τῷ δέξασθαι τὴν ἀρχήν,Philosophy,grc/themistius-accusing-office-rye-ak.grc.md,55790,2425
rye,rye-ah,themistius-the-philosopher,themistius-interpreting-sophist,To Those Not Correctly Interpreting the Sophist,Πρὸς τοὺς οὐκ ὀρθῶς ἐξηγουμένους τὸν σοφιστήν,Philosophy,grc/themistius-interpreting-sophist-rye-ah.grc.md,17709,1894
rye,rye-bf,themistius-the-philosopher,themistius-tormentor-philosopher,Tormentor or Philosopher,Βασανιστὴς ἢ φιλόσοφος,Philosophy,grc/themistius-tormentor-philosopher-rye-bf.grc.md,79982,2736
elk,elk-ab,theocritus-of-chios,theocritus-chios-against-aristotle,Epigram Against Aristotle,Ἀπόσπασμα,Oratory,grc/theocritus-chios-against-aristotle-elk-ab.grc.md,2354,1710
elk,elk-aa,theocritus-of-chios,theocritus-chios-epitaph-aristotele,Epitaph for Aristotele,Ἀπόσπασμα,Oratory,grc/theocritus-chios-epitaph-aristotele-elk-aa.grc.md,2447,1820
izc,izc-aa,theocritus-of-syracuse,theocritus-syracuse-epigrams,Epigrams (Major Selection),Ἐπιγράμματα,Poetry,grc/theocritus-syracuse-epigrams-izc-aa.grc.md,14492,2035
izc,izc-ab,theocritus-of-syracuse,theocritus-syracuse-epigrams,Epigrams (Minor Selection),Ἐπιγράμματα,Poetry,grc/theocritus-syracuse-epigrams-izc-ab.grc.md,13374,1683
izc,izc-ac,theocritus-of-syracuse,theocritus-syracuse-fisherman-rite,Fisherman's Sacrificial Rite,Ἀπόσπασμα,Poetry,grc/theocritus-syracuse-fisherman-rite-izc-ac.grc.md,2474,1670
izc,izc-ad,theocritus-of-syracuse,theocritus-syracuse-idylls,Idylls,Εἰδύλλια,Poetry,grc/theocritus-syracuse-idylls-izc-ad.grc.md,259147,2160
izc,izc-ae,theocritus-of-syracuse,theocritus-syracuse-syrinx,Syrinx,Σῦριγξ,Poetry,grc/theocritus-syracuse-syrinx-izc-ae.grc.md,3292,1776
fjg,fjg-aa,theodectes-of-phaselis,theodectes-phaselis-women-justice,Fragments on Women and Justice,Ἀποσπάσματα περὶ Γυναικῶν καὶ Δικαιοσύνης,Drama,grc/theodectes-phaselis-women-justice-fjg-aa.grc.md,8950,2054
tds,tds-ai,theodoret-of-cyrus,theodoret-cyrus-heretical-fables,Compendium of Heretical Fables,Σύνοψις Αἱρετικῶν Μύθων,Theology,grc/theodoret-cyrus-heretical-fables-tds-ai.grc.md,510877,1785
tds,tds-ae,theodoret-of-cyrus,theodoret-cyrus-nestorius-sporacius,Little Book-Nestorius to Sporacius,Βιβλίον Κατὰ Νεστορίου πρὸς Σποράκιον,Theology,grc/theodoret-cyrus-nestorius-sporacius-tds-ae.grc.md,28041,1773
tds,tds-ao,theodoret-of-cyrus,theodoret-cyrus-providence-orations,"On Providence, Ten Orations",Περὶ Προνοίας,Theology,grc/theodoret-cyrus-providence-orations-tds-ao.grc.md,539534,1964
tds,tds-av,theodoret-of-cyrus,theodoret-cyrus-holy-trinity,On the Holy Trinity,Περὶ τῆς Ἁγίας Τριάδος,Theology,grc/theodoret-cyrus-holy-trinity-tds-av.grc.md,102455,1657
tds,tds-ag,theodoret-of-cyrus,theodoret-cyrus-questions-answers,Questions and Answers to the Orthodox,Ἐρωταποκρίσεις πρὸς Ὀρθοδόξους,Theology,grc/theodoret-cyrus-questions-answers-tds-ag.grc.md,439777,2345
tds,tds-aa,theodoret-of-cyrus,theodoret-cyrus-only-son-lord-jesus-christ,That Our Only Son is Our Lord Jesus Christ from Letter 151,Ὅτι ὁ Μονογενὴς Υἱὸς ἡμῶν Κύριος Ἰησοῦς Χριστός,Theology,grc/theodoret-cyrus-only-son-lord-jesus-christ-tds-aa.grc.md,21809,2393
tds,tds-al,theodoret-of-cyrus,theodoret-cyrus-greek-afflictions,Treatment of Greek Afflictions,Θεραπεία Ἑλληνικῶν Παθῶν,Theology,grc/theodoret-cyrus-greek-afflictions-tds-al.grc.md,856766,2098
kmi,kmi-ab,theodoridas-of-syracuse,theodoridas-syracuse-epigrams,Epigrams,Ἐπιγράμματα,Poetry,grc/theodoridas-syracuse-epigrams-kmi-ab.grc.md,10190,1938
kmi,kmi-aa,theodoridas-of-syracuse,theodoridas-syracuse-fragments,Fragments and Titles,Ἀποσπάσματα καὶ Τίτλοι,Poetry,grc/theodoridas-syracuse-fragments-kmi-aa.grc.md,2764,1859
cpi,cpi-aa,theodorus-of-cyrene,theodorus-cyrene-testimonies,Testimonies,Μαρτυρίαι,Mathematics,grc/theodorus-cyrene-testimonies-cpi-aa.grc.md,4563,2111
tis,tis-aa,theodorus-of-cyzicus,theodorus-cyzicus-imperial-ecclesiastical-letters,Imperial and Ecclesiastical Letters,Ἐπιστολαί,,grc/theodorus-cyzicus-imperial-ecclesiastical-letters-tis-aa.grc.md,83001,2202
vdq,vdq-ac,theodosius-of-alexandria,theodosius-alexandria-canons-noun-inflection,Introductory Canons-Noun Inflection,Εἰσαγωγικοὶ Κανόνες περὶ Κλίσεως Ὀνομάτων,Grammar,grc/theodosius-alexandria-canons-noun-inflection-vdq-ac.grc.md,83195,2191
vdq,vdq-ad,theodosius-of-alexandria,theodosius-alexandria-canons-verb-inflection,Introductory Canons-Verb Inflection,Εἰσαγωγικοὶ Κανόνες περὶ Κλίσεως Ῥημάτων,Grammar,grc/theodosius-alexandria-canons-verb-inflection-vdq-ad.grc.md,139172,2161
vdq,vdq-af,theodosius-of-alexandria,theodosius-alexandria-dialects,On Dialects,Περὶ Διαλέκτων,Grammar,grc/theodosius-alexandria-dialects-vdq-af.grc.md,33632,1962
vdq,vdq-ag,theodosius-of-alexandria,theodosius-alexandria-grammar,On Grammar,Περὶ γραμματικῆς,Grammar,grc/theodosius-alexandria-grammar-vdq-ag.grc.md,575660,1702
vdq,vdq-aa,theodosius-of-alexandria,theodosius-alexandria-declension-acute-words,On the Declension of Acute Words Ending in -on,Περὶ κλίσεως τῶν εἰς ων ὀξυτόνων,Grammar,grc/theodosius-alexandria-declension-acute-words-vdq-aa.grc.md,13386,2043
vdq,vdq-ab,theodosius-of-alexandria,theodosius-alexandria-declension-on-words,On the Declension of Words Ending in -on,Περὶ κλίσεως τῶν εἰς ων βαρυτόνων,Grammar,grc/theodosius-alexandria-declension-on-words-vdq-ab.grc.md,33975,2168
vdq,vdq-ah,theodosius-of-alexandria,theodosius-alexandria-tone,On Tone,Περὶ τόνου,Grammar,grc/theodosius-alexandria-tone-vdq-ah.grc.md,11280,1506
vdq,vdq-ae,theodosius-of-alexandria,theodosius-alexandria-herodian-summary,Summary of Herodian's Catholic Work,Σύνοψις τοῦ Καθολικοῦ Ἔργου Ἡρωδιανῶν,Grammar,grc/theodosius-alexandria-herodian-summary-vdq-ae.grc.md,13409,2598
lww,lww-aa,theodosius-of-bithynia,theodosius-bithynia-days-nights,On Days and Nights,Περὶ ἡμερῶν καὶ νυκτῶν,Science,grc/theodosius-bithynia-days-nights-lww-aa.grc.md,193417,1904
lww,lww-ab,theodosius-of-bithynia,theodosius-bithynia-dwellings,On Dwellings,Περὶ οἰκήσεων,Science,grc/theodosius-bithynia-dwellings-lww-ab.grc.md,47132,1850
lww,lww-ac,theodosius-of-bithynia,theodosius-bithynia-spherical,Spherical,Σφαιρικά,Science,grc/theodosius-bithynia-spherical-lww-ac.grc.md,274177,1953
jjw,jjw-ab,theognetus-the-comic-poet,theognetus-philosophical-satire,Fragments of Philosophical Satire,Ἀποσπάσματα περὶ Σάτιρας Φιλοσόφου,Comedy,grc/theognetus-philosophical-satire-jjw-ab.grc.md,3696,2195
jjw,jjw-aa,theognetus-the-comic-poet,theognetus-philosophy-folly,Fragments on Philosophy and Folly,Ἀποσπάσματα περὶ Φιλοσοφίας καὶ Μωρίας,Comedy,grc/theognetus-philosophy-folly-jjw-aa.grc.md,3571,2052
bbs,bbs-ab,theognis-of-megara,theognis-megara-dubious,Dubious Fragments,Ἀποσπάσματα ἀμφίβολα,History,grc/theognis-megara-dubious-bbs-ab.grc.md,4175,1465
bbs,bbs-ad,theognis-of-megara,theognis-megara-elegies,Elegies,Ἐλεγείαι,History,grc/theognis-megara-elegies-bbs-ad.grc.md,128311,2036
bbs,bbs-ac,theognis-of-megara,theognis-megara-epigrams,Epigrams,Ἐπιγράμματα,History,grc/theognis-megara-epigrams-bbs-ac.grc.md,2449,1790
bbs,bbs-aa,theognis-of-megara,theognis-megara-uncertain-fragments,Fragments of Uncertain Placement,Ἀποσπάσματα ἀδήλου θέσεως,History,grc/theognis-megara-uncertain-fragments-bbs-aa.grc.md,2621,1673
fxm,fxm-aa,theognis-of-rhodes,theognis-rhodes-swallow-festival,On the Rhodian Swallow Festival,Ἀπόσπασμα,Poetry,grc/theognis-rhodes-swallow-festival-fxm-aa.grc.md,3667,1382
spw,spw-ab,theon-of-alexandria,theon-alexandria-commentary-ptolemy-syntax,Commentary-Ptolemy's Mathematical Syntax I–IV,Ὑπόμνημα εἰς Πτολεμαίου Μαθηματικὴν Σύνταξιν Α'-Δ',Mathematics,grc/theon-alexandria-commentary-ptolemy-syntax-spw-ab.grc.md,1656152,2228
spw,spw-aa,theon-of-alexandria,theon-alexandria-handy-tables-commentary,"Commentary-the Handy Tables of Ptolemy, Books 1–3",Ὑπόμνημα εἰς τοὺς προχείρους Πτολεμαίου κανόνας,Mathematics,grc/theon-alexandria-handy-tables-commentary-spw-aa.grc.md,419207,2249
spw,spw-ae,theon-of-alexandria,theon-alexandria-epigrams,Epigrams,Ἐπιγράμματα,Mathematics,grc/theon-alexandria-epigrams-spw-ae.grc.md,3263,2103
spw,spw-ac,theon-of-alexandria,theon-alexandria-ready-rules,On the Ready Rules,Εἰς τοὺς προχείρους κανόνας,Mathematics,grc/theon-alexandria-ready-rules-spw-ac.grc.md,206051,2076
spw,spw-ad,theon-of-alexandria,theon-alexandria-testimonies,Testimonies,Μαρτυρίαι,Mathematics,grc/theon-alexandria-testimonies-spw-ad.grc.md,3004,1822
pic,pic-aa,theon-of-smyrna,theon-smyrna-mathematics-usefulness,On the Usefulness of Mathematics,Περὶ χρησιμότητος μαθηματικῶν,Grammar,grc/theon-smyrna-mathematics-usefulness-pic-aa.grc.md,439577,2043
pim,pim-aa,theon-of-smyrna,theon-smyrna-pindar-pythian-12,Commentary-the Twelfth Pythian of Pindar,Ὑπόμνημα εἰς τὸν Πίνδαρον Πυθιονίκην ΙΒ',Mathematics,grc/theon-smyrna-pindar-pythian-12-pim-aa.grc.md,5956,2142
pim,pim-ab,theon-of-smyrna,theon-smyrna-testimonies,Testimonies,Μαρτυρίαι,Mathematics,grc/theon-smyrna-testimonies-pim-ab.grc.md,4790,1635
pim,pim-ac,theon-of-smyrna,theon-smyrna-homeric-commentary,Theon's Homeric Commentary Fragments,Ἀποσπάσματα,Mathematics,grc/theon-smyrna-homeric-commentary-pim-ac.grc.md,14113,2000
qrc,qrc-aa,theophilus-of-antioch,theophilus-antioch-autolycus,To Autolycus,Πρὸς Αὐτόλυκον,Theology,grc/theophilus-antioch-autolycus-qrc-aa.grc.md,266424,2337
ggs,ggs-aa,theophilus-the-comic-poet,theophilus-comic-dining-excess,Comic Fragments on Dining and Excess,Ἀποσπάσματα περὶ Δείπνων καὶ Ἀκολασίας,Comedy,grc/theophilus-comic-dining-excess-ggs-aa.grc.md,6730,2251
ggs,ggs-ab,theophilus-the-comic-poet,theophilus-comic-dining-excess,Comic Fragments on Dining and Excess,Ἀποσπάσματα περὶ Δείπνων καὶ Ἀκολασίας,Comedy,grc/theophilus-comic-dining-excess-ggs-ab.grc.md,6608,2174
cgc,cgc-aa,theophilus-the-historian,theophilus-italian-history,Fragments on Italian History,Ἀποσπάσματα περὶ τῆς Ἰταλικῆς Ἱστορίας,History,grc/theophilus-italian-history-cgc-aa.grc.md,8832,1694
lmw,lmw-aa,theophrastus-eresus-botanist,theophrastus-eresus-divine-art-iambic,Theophrastus the Philosopher-the Divine Art in Iambic Verses,Χαρακτῆρες,Poetry,grc/theophrastus-eresus-divine-art-iambic-lmw-aa.grc.md,21407,1847
ljk,ljk-am,theophrastus-of-eresus,theophrastus-eresus-characters,Characters,Χαρακτῆρες,Philosophy,grc/theophrastus-eresus-characters-ljk-am.grc.md,90684,1947
ljk,ljk-ag,theophrastus-of-eresus,theophrastus-eresus-enquiry-plants,Enquiry into Plants,Περὶ φυτῶν ἱστορία,Philosophy,grc/theophrastus-eresus-enquiry-plants-ljk-ag.grc.md,843482,2368
ljk,ljk-ab,theophrastus-of-eresus,theophrastus-eresus-fragments,Fragments 13-190,Ἀποσπάσματα διάφορα,Philosophy,grc/theophrastus-eresus-fragments-ljk-ab.grc.md,171217,1795
ljk,ljk-af,theophrastus-of-eresus,theophrastus-eresus-metaphysics,From the Metaphysics,Ἐκ τῶν μετὰ τὰ φυσικά,Philosophy,grc/theophrastus-eresus-metaphysics-ljk-af.grc.md,39944,1824
ljk,ljk-ah,theophrastus-of-eresus,theophrastus-eresus-causes-plants,On Causes of Plants,Περὶ φυτῶν αἰτιῶν,Philosophy,grc/theophrastus-eresus-causes-plants-ljk-ah.grc.md,144963,1780
ljk,ljk-ak,theophrastus-of-eresus,theophrastus-eresus-dizziness,On Dizziness,Περὶ τῆς Ἰλιγγιάδος,Philosophy,grc/theophrastus-eresus-dizziness-ljk-ak.grc.md,13086,1947
ljk,ljk-ac,theophrastus-of-eresus,theophrastus-eresus-electing-magistrates,On Electing Magistrates,Περὶ τῆς ἐκλογῆς ἀρχόντων,Philosophy,grc/theophrastus-eresus-electing-magistrates-ljk-ac.grc.md,13250,2409
ljk,ljk-ai,theophrastus-of-eresus,theophrastus-eresus-faintheartedness,On Faintheartedness,Περὶ Δειλίας,Philosophy,grc/theophrastus-eresus-faintheartedness-ljk-ai.grc.md,5599,1704
ljk,ljk-au,theophrastus-of-eresus,theophrastus-eresus-on-fire,On Fire,Περὶ πυρός,Philosophy,grc/theophrastus-eresus-on-fire-ljk-au.grc.md,75080,2000
ljk,ljk-al,theophrastus-of-eresus,theophrastus-eresus-paralysis,On Paralysis,Περὶ Παραλύσεως,Philosophy,grc/theophrastus-eresus-paralysis-ljk-al.grc.md,3189,1774
ljk,ljk-ar,theophrastus-of-eresus,theophrastus-eresus-piety,On Piety,Περὶ εὐσεβείας,Philosophy,grc/theophrastus-eresus-piety-ljk-ar.grc.md,55604,1871
ljk,ljk-ae,theophrastus-of-eresus,theophrastus-eresus-sense-sensibles,On Sense and Sensibles,Περὶ αἰσθήσεως καὶ τῶν αἰσθητῶν,Philosophy,grc/theophrastus-eresus-sense-sensibles-ljk-ae.grc.md,108214,2157
ljk,ljk-aa,theophrastus-of-eresus,theophrastus-eresus-weather-signs,"On Signs of Waters, Winds, Storms, and Fair Weather","Περὶ τῶν Σημείων τῶν Ὑδάτων, Ἀνέμων, Θυελλῶν, καὶ Εὐδίας",Philosophy,grc/theophrastus-eresus-weather-signs-ljk-aa.grc.md,94248,2008
ljk,ljk-ao,theophrastus-of-eresus,theophrastus-eresus-smells,On Smells,Περὶ Ὀσμῶν,Philosophy,grc/theophrastus-eresus-smells-ljk-ao.grc.md,131576,1985
ljk,ljk-ap,theophrastus-of-eresus,theophrastus-eresus-stones,On Stones,Περὶ λίθων,Philosophy,grc/theophrastus-eresus-stones-ljk-ap.grc.md,53732,2276
ljk,ljk-aq,theophrastus-of-eresus,theophrastus-eresus-on-sweats,On Sweats,Περὶ Ἰδρώτων,Philosophy,grc/theophrastus-eresus-on-sweats-ljk-aq.grc.md,30368,1863
ljk,ljk-ad,theophrastus-of-eresus,theophrastus-eresus-causes-plants,On the Causes of Plants,Περὶ τῶν αἰτιῶν τῶν φυτῶν,Philosophy,grc/theophrastus-eresus-causes-plants-ljk-ad.grc.md,681045,2258
ljk,ljk-as,theophrastus-of-eresus,theophrastus-eresus-toils,On Toils,Περὶ Πόνων,Philosophy,grc/theophrastus-eresus-toils-ljk-as.grc.md,34766,1942
ljk,ljk-at,theophrastus-of-eresus,theophrastus-eresus-winds,On Winds,Περὶ Ἀνέμων,Philosophy,grc/theophrastus-eresus-winds-ljk-at.grc.md,132502,1628
ljk,ljk-aj,theophrastus-of-eresus,theophrastus-eresus-physics,Opinions-Physics,Γνώμαι περὶ φυσικῶν,Philosophy,grc/theophrastus-eresus-physics-ljk-aj.grc.md,61064,1842
fjq,fjq-ac,theopompus-of-chios,theopompus-chios-naval-preparations,Fragments on Naval Preparations,Ἀποσπάσματα περὶ Παρασκευῆς Ναυτικῆς,Epic,grc/theopompus-chios-naval-preparations-fjq-ac.grc.md,2917,1889
fjq,fjq-ab,theopompus-of-chios,theopompus-chios-historical-epitome,Historical Epitome Fragments,Ἀποσπάσματα,Epic,grc/theopompus-chios-historical-epitome-fjq-ab.grc.md,287532,2228
fjq,fjq-aa,theopompus-of-chios,theopompus-chios-testimonies,Testimonies,Μαρτυρίαι,Epic,grc/theopompus-chios-testimonies-fjq-aa.grc.md,37924,1490
efg,efg-ab,theopompus-the-comic-poet,theopompus-comic-domestic-life,Comic Fragments of Domestic Life,Ἀποσπάσματα περὶ Βίου Οἰκιακοῦ Κωμικά,Comedy,grc/theopompus-comic-domestic-life-efg-ab.grc.md,11817,2232
efg,efg-aa,theopompus-the-comic-poet,theopompus-comic-food-feasting,Comic Fragments on Food and Feasting,Ἀποσπάσματα περὶ Τροφῆς καὶ Εὐωχίας,Comedy,grc/theopompus-comic-food-feasting-efg-aa.grc.md,13565,2776
efg,efg-ac,theopompus-the-comic-poet,theopompus-comic-delphi-agriculture,Fragments on Delphi and Agriculture,Ἀποσπάσματα περὶ Δελφῶν καὶ Γεωργίας,Comedy,grc/theopompus-comic-delphi-agriculture-efg-ac.grc.md,2519,1857
sxy,sxy-aa,theotimus-of-tomi,theotimus-tomi-cyrene-heesperides,On Cyrene and the Hesperides,Ἀποσπάσματα,History,grc/theotimus-tomi-cyrene-heesperides-sxy-aa.grc.md,5278,1759
jmy,jmy-aa,theseus-the-historian,theseus-corinthian-history,Fragments on Corinthian History,Ἀποσπάσματα περὶ τῆς Κορινθίων Ἱστορίας,History,grc/theseus-corinthian-history-jmy-aa.grc.md,5298,1922
bfe,bfe-aa,thespis-of-icaria,thespis-icaria-dionysian-hymn,Fragments of a Dionysian Hymn,Ἀποσπάσματα Διονυσιακοῦ Ὕμνου,Drama,grc/thespis-icaria-dionysian-hymn-bfe-aa.grc.md,3306,2100
ece,ece-aa,thessalus-of-cos,thessalus-cos-virtues-herbs,On the Virtues of Herbs,Περὶ τῶν ἀρετῶν τῶν βοτάνων,Science,grc/thessalus-cos-virtues-herbs-ece-aa.grc.md,34827,2147
ece,ece-ad,thessalus-of-cos,thessalus-cos-virtues-herbs,On the Virtues of Herbs,Περὶ τῶν ἀρετῶν τῶν βοτάνων,Science,grc/thessalus-cos-virtues-herbs-ece-ad.grc.md,8183,1680
ece,ece-ac,thessalus-of-cos,thessalus-cos-virtues-herbs,On the Virtues of Herbs,Περὶ τῶν ἀρετῶν τῶν βοτάνων,Science,grc/thessalus-cos-virtues-herbs-ece-ac.grc.md,29542,1855
ece,ece-ae,thessalus-of-cos,thessalus-cos-virtues-herbs,On the Virtues of Herbs,Περὶ τῶν ἀρετῶν τῶν βοτάνων,Science,grc/thessalus-cos-virtues-herbs-ece-ae.grc.md,7015,1634
ece,ece-ab,thessalus-of-cos,thessalus-cos-virtues-herbs,On the Virtues of Herbs,Περὶ τῶν ἀρετῶν τῶν βοτάνων,Science,grc/thessalus-cos-virtues-herbs-ece-ab.grc.md,25278,1690
etc,etc-aa,thrasyalces-the-sophist,thrasyalces-testimonies,Testimonies,Μαρτυρίαι,Philosophy,grc/thrasyalces-testimonies-etc-aa.grc.md,3099,1423
egu,egu-aa,thrasybulus,thrasybulus-tyranny-fragments,Fragments on Tyranny,Ἀπόσπασμα περὶ Τυραννίδος,,grc/thrasybulus-tyranny-fragments-egu-aa.grc.md,2709,1661
egk,egk-aa,thrasyllus-the-historian,thrasyllus-stones-rivers,On Stones and Rivers,Ἀποσπάσματα,History,grc/thrasyllus-stones-rivers-egk-aa.grc.md,12143,1810
dvq,dvq-ab,thrasymachus-of-chalcedon,thrasymachus-chalcedon-rhetorical-style-governance,On Rhetorical Style and Governance,Ἀποσπάσματα,Oratory,grc/thrasymachus-chalcedon-rhetorical-style-governance-dvq-ab.grc.md,12413,1885
dvq,dvq-aa,thrasymachus-of-chalcedon,thrasymachus-chalcedon-testimonies,Testimonies,Μαρτυρίαι,Oratory,grc/thrasymachus-chalcedon-testimonies-dvq-aa.grc.md,8924,1797
uku,uku-aa,thucydides-commentary,thucydides-comm-scholia,Scholia-Thucydides,Σχόλια εἰς Θουκυδίδην,Scholia,grc/thucydides-comm-scholia-uku-aa.grc.md,1298336,2103
dny,dny-ab,thucydides,thucydides-epigram,Epigram,Ἐπίγραμμα,History,grc/thucydides-epigram-dny-ab.grc.md,2138,1452
dny,dny-aa,thucydides,thucydides-histories,Histories,Ἱστορίαι,History,grc/thucydides-histories-dny-aa.grc.md,1912595,2473
tii,tii-ab,thucydides-scholia,thuc-scholia-euclid-catoptrics,Scholia-Euclid's Catoptrics,Σχόλια εἰς Εὐκλείδου Κατοπτρικά,Scholia,grc/thuc-scholia-euclid-catoptrics-tii-ab.grc.md,32328,2042
tii,tii-ag,thucydides-scholia,thuc-scholia-euclid-data,Scholia-Euclid's Data,Σχόλια εἰς Εὐκλείδου Δεδομένα,Scholia,grc/thuc-scholia-euclid-data-tii-ag.grc.md,120827,1841
tii,tii-aa,thucydides-scholia,thuc-scholia-euclid-data-catoptrics,Scholia-Euclid's Data and Catoptrics,Σχόλια εἰς Εὐκλείδου Δεδομένα καὶ Κατοπτρικά,Scholia,grc/thuc-scholia-euclid-data-catoptrics-tii-aa.grc.md,8494,2090
tii,tii-ad,thucydides-scholia,thuc-scholia-euclid-elements,Scholia-Euclid's Elements,Σχόλια εἰς Εὐκλείδου Στοιχεῖα,Scholia,grc/thuc-scholia-euclid-elements-tii-ad.grc.md,1668786,1834
tii,tii-ae,thucydides-scholia,thuc-scholia-optics,Scholia-Euclid's Optics,Σχόλια εἰς Εὐκλείδου Ὀπτικά,Scholia,grc/thuc-scholia-optics-tii-ae.grc.md,39098,1973
tii,tii-ac,thucydides-scholia,thuc-scholia-euclid-phenomena,Scholia-Euclid's Phenomena,Σχόλια εἰς Εὐκλείδου Φαινόμενα,Scholia,grc/thuc-scholia-euclid-phenomena-tii-ac.grc.md,50037,2040
tii,tii-af,thucydides-scholia,thuc-scholia-optics,Scholia-Theon's Optics,Σχόλια εἰς Θεῶνος Ὀπτικά,Scholia,grc/thuc-scholia-optics-tii-af.grc.md,65524,1575
nny,nny-aa,tiberius-the-rhetorician,tiberius-rhetor-demosthenes-figures,On Figures in Demosthenes,Περὶ τῶν παρὰ Δημοσθένει σχημάτων,Oratory,grc/tiberius-rhetor-demosthenes-figures-nny-aa.grc.md,63192,1599
eag,eag-aa,timaeus-of-locri,timaeus-locri-fragments,Fragments and Title,Ἀποσπάσματα καὶ Τίτλος,Philosophy,grc/timaeus-locri-fragments-eag-aa.grc.md,54454,1852
eag,eag-ab,timaeus-of-locri,timaeus-locri-testimonies,Testimonies,Μαρτυρίαι,Philosophy,grc/timaeus-locri-testimonies-eag-ab.grc.md,3765,2039
hxk,hxk-ac,timaeus-of-tauromenium,timaeus-tauromenium-heracles-fragments,Fragments on Heracles,Ἀποσπάσματα περὶ Ἡρακλέους,History,grc/timaeus-tauromenium-heracles-fragments-hxk-ac.grc.md,3994,1922
hxk,hxk-ab,timaeus-of-tauromenium,timaeus-tauromenium-historical-fragments,Historical Fragments of Timaeus,Ἀποσπάσματα Τιμαίου,History,grc/timaeus-tauromenium-historical-fragments-hxk-ab.grc.md,289782,2066
hxk,hxk-aa,timaeus-of-tauromenium,timaeus-tauromenium-testimonies,Testimonies,Μαρτυρίαι,History,grc/timaeus-tauromenium-testimonies-hxk-aa.grc.md,45519,2027
lky,lky-aa,timaeus-the-astronomer,timaeus-fugitives-thieves,Fragments on Fugitives and Thieves,Ἀποσπάσματα περὶ Δραπέτων καὶ Κλεπτῶν,Science,grc/timaeus-fugitives-thieves-lky-aa.grc.md,11490,1733
slq,slq-aa,timaeus-the-sophist,timaeus-sophist-lexicon,Platonic Lexicon,Πλατωνικὸν Λεξικόν,Grammar,grc/timaeus-sophist-lexicon-slq-aa.grc.md,185668,1810
nes,nes-aa,timagenes-of-alexandria,timagenes-alexandria-historical-fragments,Historical Fragments,Ἀποσπάσματα,History,grc/timagenes-alexandria-historical-fragments-nes-aa.grc.md,10214,1762
ldq,ldq-aa,timagetus-historian,timagetus-harbors-rivers,On Harbors and Rivers,Ἀποσπάσματα,History,grc/timagetus-harbors-rivers-ldq-aa.grc.md,5818,1980
csa,csa-aa,timagoras-of-athens,timagoras-athens-theban-myths,Theban Mythological Fragments,Ἀποσπάσματα,History,grc/timagoras-athens-theban-myths-csa-aa.grc.md,3859,1889
hcq,hcq-ab,timocles-b-comic-poet,timocles-comic-demagogues,Comic Fragments on Demagogues,Ἀποσπάσματα περὶ Δημαγωγῶν,Comedy,grc/timocles-comic-demagogues-hcq-ab.grc.md,18238,1931
hcq,hcq-ac,timocles-b-comic-poet,timocles-comedy-fragments,Fragments on Comedy,Ἀποσπάσματα περὶ Κωμῳδίας,Comedy,grc/timocles-comedy-fragments-hcq-ac.grc.md,3407,2060
hcq,hcq-ad,timocles-b-comic-poet,timocles-comedy-fragments,Fragments on Comedy,Ἀποσπάσματα περὶ Κωμῳδίας,Comedy,grc/timocles-comedy-fragments-hcq-ad.grc.md,3907,2234
hcq,hcq-aa,timocles-b-comic-poet,timocles-rhetoric-corruption,Fragments on Rhetoric and Corruption,Ἀποσπάσματα περὶ Ῥητορικῆς καὶ Διαφθορᾶς,Comedy,grc/timocles-rhetoric-corruption-hcq-aa.grc.md,18344,2164
bpy,bpy-aa,timocreon-of-rhodes,timocreon-rhodes-invective,Invective Against Themistocles,Ἀποσπάσματα,Poetry,grc/timocreon-rhodes-invective-bpy-aa.grc.md,4452,1822
ewo,ewo-aa,timolaus-of-cyzicus,timolaus-cyzicus-river-maeander,On the River Maeander,Ἀπόσπασμα,History,grc/timolaus-cyzicus-river-maeander-ewo-aa.grc.md,3505,1559
ghc,ghc-aa,timolaus-of-larissa,timolaus-larissa-trojan-war,Fragments on the Trojan War,Ἀποσπάσματα περὶ τοῦ Τρωικοῦ Πολέμου,Oratory,grc/timolaus-larissa-trojan-war-ghc-aa.grc.md,2236,1446
hnu,hnu-aa,timon-of-phlius,timon-phlius-fragments,Fragments and Titles,Ἀποσπάσματα καὶ Τίτλοι,Philosophy,grc/timon-phlius-fragments-hnu-aa.grc.md,15635,1674
hus,hus-aa,timonax,timonax-scythian-geography,Fragments on Scythian Geography,Ἀποσπάσματα περὶ τῆς Σκυθικῆς Γεωγραφίας,History,grc/timonax-scythian-geography-hus-aa.grc.md,3795,1861
ghm,ghm-aa,timonides-of-leucas,timonides-leucas-historical-fragments-dion,Historical Fragments on Dion,Ἀποσπάσματα περὶ Δίωνος,History,grc/timonides-leucas-historical-fragments-dion-ghm-aa.grc.md,4056,1654
lxg,lxg-aa,timostratus-the-comic-poet,timostratus-generational-conflict,Generational Conflict Fragments,Ἀποσπάσματα,Comedy,grc/timostratus-generational-conflict-lxg-aa.grc.md,2654,1843
usw,usw-aa,timotheus-of-gaza,timotheus-gaza-excerpts-animals,Excerpts from Books-Animals,Ἐκλογαὶ ἐκ Βιβλίων περὶ Ζῴων,Grammar,grc/timotheus-gaza-excerpts-animals-usw-aa.grc.md,67000,1909
usw,usw-ab,timotheus-of-gaza,timotheus-gaza-universal-syntax,Universal Rules-Syntax,Κανόνες καθολικοὶ περὶ συντάξεως,Grammar,grc/timotheus-gaza-universal-syntax-usw-ab.grc.md,24628,1755
dhk,dhk-aa,timotheus-of-miletus,timotheus-miletus-dionysian-mythology,Dionysian and Mythological Fragments,Ἀποσπάσματα,History,grc/timotheus-miletus-dionysian-mythology-dhk-aa.grc.md,17193,2187
fxw,fxw-aa,timotheus-ps-historian,timotheus-pseudo-argolic-river-lore,Argolic and River Lore Fragments,Ἀποσπάσματα,History,grc/timotheus-pseudo-argolic-river-lore-fxw-aa.grc.md,4017,1602
cgm,cgm-aa,timotheus-the-comic-poet,timotheus-athens-banquet-fragments,Fragments on a Banquet,Ἀποσπάσματα περὶ Συμποσίου,Comedy,grc/timotheus-athens-banquet-fragments-cgm-aa.grc.md,2324,1554
cgm,cgm-ab,timotheus-the-comic-poet,timotheus-athens-love-feasting,Fragments on Love and Feasting,Ἀποσπάσματα περὶ Ἔρωτος καὶ Εὐωχίας,Comedy,grc/timotheus-athens-love-feasting-cgm-ab.grc.md,2297,1540
apk,apk-aa,titanomachia-anon,epic-titanomachia-fragments,Titanomachy Fragments,Τιτανομαχίας Ἀποσπάσματα,Epic,grc/epic-titanomachia-fragments-apk-aa.grc.md,3802,1844
gyu,gyu-ab,tragica-adespota,tragica-adespota-justice-fragments,Fragments of Tragic Justice,Ἀποσπάσματα περὶ Τραγικῆς Δίκης,Drama,grc/tragica-adespota-justice-fragments-gyu-ab.grc.md,14214,2551
gyu,gyu-aa,tragica-adespota,tragica-adespota-lament,Fragments of Tragic Lament,Ἀποσπάσματα Θρήνων Τραγικῶν,Drama,grc/tragica-adespota-lament-gyu-aa.grc.md,72649,1880
gyu,gyu-ac,tragica-adespota,tragica-adespota-divine-justice,Fragments on Divine Justice,Ἀποσπάσματα περὶ Δικαιοσύνης Θείας,Drama,grc/tragica-adespota-divine-justice-gyu-ac.grc.md,176540,1996
upa,upa-aa,troilus-of-constantinople,troilus-constantinople-hermogenes-rhetoric,Introduction to Hermogenes' Art of Rhetoric,Εἰσαγωγὴ εἰς τὴν Ἑρμογένους Ῥητορικήν,Oratory,grc/troilus-constantinople-hermogenes-rhetoric-upa-aa.grc.md,42415,2059
cda,cda-aa,trophonius-the-oracle,trophonius-art-of-rhetoric,Introduction to the Art of Rhetoric,Εἰσαγωγὴ εἰς τὴν τέχνην τῆς ῥητορικῆς,Oratory,grc/trophonius-art-of-rhetoric-cda-aa.grc.md,36172,1388
uge,uge-aa,tryphiodorus-of-egypt,tryphiodorus-egypt-sack-of-ilium,Sack of Ilium,Ἅλωσις Ἰλίου,Epic,grc/tryphiodorus-egypt-sack-of-ilium-uge-aa.grc.md,67214,1837
nei,nei-aa,tryphon-grammarian,tryphon-grammarian-tropes,Gregory of Corinth-Tropes,Γρηγορίου τοῦ Κορινθίου περὶ τρόπων,Grammar,grc/tryphon-grammarian-tropes-nei-aa.grc.md,31916,2031
ncu,ncu-ab,tryphon-the-grammarian,tryphon-grammarian-accents-breathings,On Accents and Breathings,Ἀποσπάσματα,Grammar,grc/tryphon-grammarian-accents-breathings-ncu-ab.grc.md,99206,1888
ncu,ncu-aa,tryphon-the-grammarian,tryphon-grammarian-passions,On Passions,Περὶ παθῶν,Grammar,grc/tryphon-grammarian-passions-ncu-aa.grc.md,36901,1807
ncu,ncu-ac,tryphon-the-grammarian,tryphon-grammarian-tropes,On Tropes,Περὶ τρόπων,Grammar,grc/tryphon-grammarian-tropes-ncu-ac.grc.md,39917,2160
mai,mai-aa,tyrannion-of-amisus,tyrannion-amisus-homeric-prosody,Fragments on Homeric Prosody,Ἀποσπάσματα περὶ τῆς Ὁμηρικῆς Προσῳδίας,Grammar,grc/tyrannion-amisus-homeric-prosody-mai-aa.grc.md,60832,1813
nfw,nfw-aa,tyrannion-the-younger,tyrannion-younger-homeric-prosody,Scholia on Homeric Prosody,Ἀποσπάσματα,Grammar,grc/tyrannion-younger-homeric-prosody-nfw-aa.grc.md,5021,1774
ahi,ahi-aa,tyrtaeus-of-sparta,tyrtaeus-sparta-constitution,Spartan Constitution (Papyrus Fragments),Ἀποσπάσματα περὶ τῆς Λακωνικῆς Πολιτείας,Poetry,grc/tyrtaeus-sparta-constitution-ahi-aa.grc.md,20152,2275
ahi,ahi-ab,tyrtaeus-of-sparta,tyrtaeus-sparta-constitution,Spartan Constitution (Testimonies),Ἀποσπάσματα περὶ τῆς Λακωνικῆς Πολιτείας,Poetry,grc/tyrtaeus-sparta-constitution-ahi-ab.grc.md,12406,2264
rus,rus-aa,ulpian-the-grammarian,ulpian-demosthenes-orations,Introduction to Demosthenes' Olynthiac and Philippic Orations,Εἰσαγωγὴ εἰς τὰς Δημοσθένους Ὀλυνθιακὰς καὶ,Grammar,grc/ulpian-demosthenes-orations-rus-aa.grc.md,54541,2413
sfm,sfm-aa,uranius-the-historian,uranius-arabia,Fragments on Arabia,Ἀποσπάσματα περὶ Ἀραβίας,History,grc/uranius-arabia-sfm-aa.grc.md,12279,1565
ply,ply-aa,valentinus-the-gnostic,valentinus-hymn,Hymn of Valentinus,Ὕμνος Βαλεντίνου,Theology,grc/valentinus-hymn-ply-aa.grc.md,2720,2001
rlm,rlm-aa,valerius-apsines-of-gadara,valerius-apsines-gadara-formed-problems,On Formed Problems,Περὶ τῶν ἐσχηματισμένων προβλημάτων,Oratory,grc/valerius-apsines-gadara-formed-problems-rlm-aa.grc.md,26163,2678
rlm,rlm-ab,valerius-apsines-of-gadara,valerius-apsines-gadara-rhetoric,Rhetorical Art,Τέχνη Ῥητορική,Oratory,grc/valerius-apsines-gadara-rhetoric-rlm-ab.grc.md,235947,1795
pgo,pgo-aa,valerius-harpocration,valerius-harpocration-attic-orators,Lexicthe Ten Attic Orators,Λεξικὸν εἰς τοὺς Δέκα Ἀττικοὺς Ῥήτορας,Grammar,grc/valerius-harpocration-attic-orators-pgo-aa.grc.md,507980,2057
kwi,kwi-aa,vatican-paradoxographer,vatican-paradoxographer-marvels,Marvels,Θαύματα,History,grc/vatican-paradoxographer-marvels-kwi-aa.grc.md,22481,1580
pzu,pzu-aa,vettius-valens-of-antioch,vettius-valens-antioch-anthologies,Nine Books of Anthologies,Ἐννέα Βιβλία Ἀνθολογιῶν,Science,grc/vettius-valens-antioch-anthologies-pzu-aa.grc.md,1355906,2053
ens,ens-aa,voyage-of-hanno-the-navigator,hanno-navigator-periplus,Periplus of Hanno,Περίπλους Ἄννωνος,Geography,grc/hanno-navigator-periplus-ens-aa.grc.md,11069,2117
ojm,ojm-aa,voyage-round-the-euxine-sea,voyage-euxine-sea-black-sea,Voyage Around the Black Sea,Ἀνωνύμου Περίπλους τοῦ Εὐξείνου Πόντου,Geography,grc/voyage-euxine-sea-black-sea-ojm-aa.grc.md,69482,2016
csk,csk-aa,xanthus-the-lydian-historian,xanthus-lydia-history-origins,Lydian History and Origins,Ἀποσπάσματα,History,grc/xanthus-lydia-history-origins-csk-aa.grc.md,26636,1985
csk,csk-ab,xanthus-the-lydian-historian,xanthus-lydia-river-aryos,On the River Aryos,Ἀπόσπασμα,History,grc/xanthus-lydia-river-aryos-csk-ab.grc.md,2405,1626
mhg,mhg-aa,xenagoras-the-historian,xenagoras-chronological-fragments,Chronological Fragments,Ἀποσπάσματα,Geography,grc/xenagoras-chronological-fragments-mhg-aa.grc.md,7941,1985
lli,lli-aa,xenarchus-the-comic-poet,xenarchus-fate-fragments,Fragments on Fate,Ἀποσπάσματα περὶ Εἱμαρμένης,Comedy,grc/xenarchus-fate-fragments-lli-aa.grc.md,8954,2017
lli,lli-ab,xenarchus-the-comic-poet,xenarchus-fate-fragments,Fragments on Fate,Ἀποσπάσματα περὶ Εἱμαρμένης,Comedy,grc/xenarchus-fate-fragments-lli-ab.grc.md,8403,1537
cjo,cjo-aa,xeniades-of-corinth,xeniades-corinth-testimony,Testimony,Μαρτυρία,Oratory,grc/xeniades-corinth-testimony-cjo-aa.grc.md,2001,1192
lls,lls-aa,xenion-the-historian,xenion-cretan-cities,Fragments on Cretan Cities,Ἀποσπάσματα περὶ Κρητικῶν Πόλεων,History,grc/xenion-cretan-cities-lls-aa.grc.md,6162,1825
eba,eba-aa,xenocles-the-elder-of-athens,xenocles-elder-athens-alcmena-lament,Fragments on Alcmena's Lament,Ἀποσπάσματα περὶ τοῦ Ἀλκμήνης Θρήνου,Drama,grc/xenocles-elder-athens-alcmena-lament-eba-aa.grc.md,2598,1962
hda,hda-aa,xenocrates-of-chalcedon,xenocrates-chalcedon-plato-disciples,Fragments on Plato's Disciples,Ἀποσπάσματα περὶ τῶν Πλάτωνος Μαθητῶν,Philosophy,grc/xenocrates-chalcedon-plato-disciples-hda-aa.grc.md,211539,2116
csu,csu-aa,xenomedes-of-ceos,xenomedes-ceos-divine-names,Fragments on Divine Names,Ἀποσπάσματα περὶ Θείων Ὀνομάτων,History,grc/xenomedes-ceos-divine-names-csu-aa.grc.md,3061,1801
beu,beu-ae,xenophanes-of-colophon,xenophanes-colophon-epigram,Epigram,Ἐπίγραμμα,Philosophy,grc/xenophanes-colophon-epigram-beu-ae.grc.md,2286,1611
beu,beu-aa,xenophanes-of-colophon,xenophanes-colophon-silli-nature,Fragments Silli and-Nature,Ἀποσπάσματα Σίλλοι καὶ Περὶ φύσεως,Philosophy,grc/xenophanes-colophon-silli-nature-beu-aa.grc.md,8519,2871
beu,beu-ac,xenophanes-of-colophon,xenophanes-colophon-piety-festivity,On Piety and Festivity,Ἀποσπάσματα,Philosophy,grc/xenophanes-colophon-piety-festivity-beu-ac.grc.md,8273,1938
beu,beu-ad,xenophanes-of-colophon,xenophanes-colophon-symposium-piety,Symposium and Piety Fragments,Ἀποσπάσματα,Philosophy,grc/xenophanes-colophon-symposium-piety-beu-ad.grc.md,19197,1914
beu,beu-ab,xenophanes-of-colophon,xenophanes-colophon-testimonies,Testimonies,Μαρτυρίαι,Philosophy,grc/xenophanes-colophon-testimonies-beu-ab.grc.md,52597,2044
fwi,fwi-aa,xenophilus-the-pythagorean,xenophilus-pythagorean-testimonies,Testimonies,Μαρτυρίαι,Science,grc/xenophilus-pythagorean-testimonies-fwi-aa.grc.md,3376,1548
dlq,dlq-aa,xenophon-commentary,xenophon-comm-anabasis,Scholia-the Anabasis of Cyrus,Σχόλια εἰς Κύρου Ἀνάβασιν,Scholia,grc/xenophon-comm-anabasis-dlq-aa.grc.md,62812,2799
dqq,dqq-aa,xenophon-letters,xenophon-socrates-fragments,Fragments on Socrates,Ἀποσπάσματα περὶ Σωκράτους,Philosophy,grc/xenophon-socrates-fragments-dqq-aa.grc.md,16500,2093
ezq,ezq-ai,xenophon-of-athens,xenophon-athens-agesilaus,Agesilaus,Ἀγησίλαος,History,grc/xenophon-athens-agesilaus-ezq-ai.grc.md,96781,2146
ezq,ezq-am,xenophon-of-athens,xenophon-athens-anabasis,Anabasis,Ἀνάβασις,History,grc/xenophon-athens-anabasis-ezq-am.grc.md,730360,2383
ezq,ezq-an,xenophon-of-athens,xenophon-athens-apology,Apology,Ἀπολογία,History,grc/xenophon-athens-apology-ezq-an.grc.md,27325,1970
ezq,ezq-ab,xenophon-of-athens,xenophon-athens-constitution,Constitution of the Athenians,Ἀθηναίων Πολιτεία,History,grc/xenophon-athens-constitution-ezq-ab.grc.md,41552,2300
ezq,ezq-aa,xenophon-of-athens,xenophon-athens-constitution-lacedaemonians,Constitution of the Lacedaemonians,Λακεδαιμονίων Πολιτεία,History,grc/xenophon-athens-constitution-lacedaemonians-ezq-aa.grc.md,65942,2072
ezq,ezq-ag,xenophon-of-athens,xenophon-athens-cyropaedia,Cyropaedia,Κύρου Παιδεία,History,grc/xenophon-athens-cyropaedia-ezq-ag.grc.md,972775,1750
ezq,ezq-aj,xenophon-of-athens,xenophon-athens-economics,Economics,Οἰκονομικός,History,grc/xenophon-athens-economics-ezq-aj.grc.md,218714,1956
ezq,ezq-ak,xenophon-of-athens,xenophon-athens-hellenica,Hellenica,Ἑλληνικά,History,grc/xenophon-athens-hellenica-ezq-ak.grc.md,863354,1800
ezq,ezq-ao,xenophon-of-athens,xenophon-athens-hiero,Hiero,Ἱέρων,History,grc/xenophon-athens-hiero-ezq-ao.grc.md,76998,1903
ezq,ezq-af,xenophon-of-athens,xenophon-athens-memorabilia,Memorabilia,Κύρου Ἀνάβασις,History,grc/xenophon-athens-memorabilia-ezq-af.grc.md,442826,2001
ezq,ezq-ah,xenophon-of-athens,xenophon-athens-hunting,On Hunting,Κυνηγετικός,History,grc/xenophon-athens-hunting-ezq-ah.grc.md,114080,1756
ezq,ezq-ac,xenophon-of-athens,xenophon-athens-horsemanship,On the Art of Horsemanship,Περὶ Ἱππικῆς,History,grc/xenophon-athens-horsemanship-ezq-ac.grc.md,86612,1964
ezq,ezq-ad,xenophon-of-athens,xenophon-athens-cavalry-commander,On the Cavalry Commander,Περὶ Ἱππαρχίας,History,grc/xenophon-athens-cavalry-commander-ezq-ad.grc.md,75452,2203
ezq,ezq-al,xenophon-of-athens,xenophon-athens-symposium,Symposium,Συμπόσιον,History,grc/xenophon-athens-symposium-ezq-al.grc.md,116473,1963
ezq,ezq-ae,xenophon-of-athens,xenophon-athens-ways-means,Ways and Means,Πόροι ἢ Περὶ Προσόδων,History,grc/xenophon-athens-ways-means-ezq-ae.grc.md,50973,1902
rnk,rnk-aa,xenophon-of-ephesus,xenophon-ephesus-story-of-anthia-and-habrocomes,Story of Anthia and Habrocomes,Τὰ κατὰ Ἀνθίαν καὶ Ἁβροκόμην,Fiction,grc/xenophon-ephesus-story-of-anthia-and-habrocomes-rnk-aa.grc.md,209683,2386
cto,cto-af,xenophon-scholia,xenophon-scholia-rhesus-glosses,Glosses on Euripides' Rhesus (Long),Γλῶσσαι εἰς Εὐριπίδου Ῥῆσον,Scholia,grc/xenophon-scholia-rhesus-glosses-cto-af.grc.md,9432,1503
cto,cto-ag,xenophon-scholia,xenophon-scholia-rhesus-glosses,Glosses on Euripides' Rhesus (Short),Γλῶσσαι εἰς Εὐριπίδου Ῥῆσον,Scholia,grc/xenophon-scholia-rhesus-glosses-cto-ag.grc.md,3864,1614
cto,cto-ad,xenophon-scholia,xenophon-scholia-troades,Glosses-Euripides' Troades,Γλῶσσαι εἰς Εὐριπίδου Τρωάδας,Scholia,grc/xenophon-scholia-troades-cto-ad.grc.md,13308,1817
cto,cto-al,xenophon-scholia,xenophon-scholia-euripides,Lives of Euripides,Βίοι Εὐριπίδου,Scholia,grc/xenophon-scholia-euripides-cto-al.grc.md,49181,1978
cto,cto-aj,xenophon-scholia,xenophon-scholia-euripides,Scholia on Euripides,Σχόλια εἰς Εὐριπίδην,Scholia,grc/xenophon-scholia-euripides-cto-aj.grc.md,1954856,1878
cto,cto-ak,xenophon-scholia,xenophon-scholia-euripides,Scholia-Euripides,Σχόλια εἰς Εὐριπίδην,Scholia,grc/xenophon-scholia-euripides-cto-ak.grc.md,121308,1828
cto,cto-ah,xenophon-scholia,xenophon-scholia-hecuba,Scholia-Euripides' Hecuba,Σχόλια εἰς Εὐριπίδου Ἑκάβην,Scholia,grc/xenophon-scholia-hecuba-cto-ah.grc.md,2108968,1881
cto,cto-ab,xenophon-scholia,xenophon-scholia-hippolytus,Scholia-Euripides' Hippolytus,Σχόλια εἰς Εὐριπίδου Ἱππόλυτον,Scholia,grc/xenophon-scholia-hippolytus-cto-ab.grc.md,817946,2302
cto,cto-ae,xenophon-scholia,xenophon-scholia-orestes,Scholia-Euripides' Orestes,Σχόλια εἰς Εὐριπίδου Ὀρέστην,Scholia,grc/xenophon-scholia-orestes-cto-ae.grc.md,6826,1731
cto,cto-ac,xenophon-scholia,xenophon-scholia-phoenissae,Scholia-Euripides' Phoenissae,Σχόλια εἰς Εὐριπίδου Φοίνισσας,Scholia,grc/xenophon-scholia-phoenissae-cto-ac.grc.md,7018,1951
cto,cto-ai,xenophon-scholia,xenophon-scholia-rhesus,Scholia-Euripides' Rhesus,Σχόλια εἰς Εὐριπίδου Ῥῆσον,Scholia,grc/xenophon-scholia-rhesus-cto-ai.grc.md,144297,1844
cto,cto-aa,xenophon-scholia,xenophon-scholia-trojan-women,Scholia-Euripides' Trojan Women,Σχόλια εἰς Εὐριπίδου Τρωάδας,Scholia,grc/xenophon-scholia-trojan-women-cto-aa.grc.md,181146,1820
axc,axc-aa,xuthus-the-philosopher,xuthus-testimony,Testimony,Μαρτυρία,Philosophy,grc/xuthus-testimony-axc-aa.grc.md,2323,1283
aeg,aeg-aa,zaleucus-of-locri,zaleucus-locri-preamble-laws,Preamble to the Laws,Ἀποσπάσματα,Philosophy,grc/zaleucus-locri-preamble-laws-aeg-aa.grc.md,11349,2147
jfg,jfg-aa,zeno-letters,zeno-letters-king-antigonus,Letter to King Antigonus,Ἐπιστολή,Philosophy,grc/zeno-letters-king-antigonus-jfg-aa.grc.md,4004,2198
ies,ies-aa,zeno-of-citium,zeno-citium-testimonies-fragments,Testimonies and Fragments,Μαρτυρίαι καὶ Ἀποσπάσματα,Philosophy,grc/zeno-citium-testimonies-fragments-ies-aa.grc.md,216185,2176
bwc,bwc-aa,zeno-of-elea,zeno-elea-nature-plurality,On the Nature of Plurality,Ἀποσπάσματα,Philosophy,grc/zeno-elea-nature-plurality-bwc-aa.grc.md,6852,1845
lrw,lrw-aa,zeno-of-rhodes,zeno-rhodes-historical-fragments,Rhodian Historical Fragments,Ἀποσπάσματα,History,grc/zeno-rhodes-historical-fragments-lrw-aa.grc.md,42324,1789
kve,kve-aa,zeno-of-tarsus,zeno-tarsus-stoic-succession,Fragments on Stoic Succession,Ἀποσπάσματα περὶ Διαδοχῆς Στωικῆς,Philosophy,grc/zeno-tarsus-stoic-succession-kve-aa.grc.md,4701,2031
pxw,pxw-aa,zenobius-the-sophist,zenobius-proverbs-alphabetical,Summary of Proverbs by Tarraeus and Didymus Arranged Alphabetically,Ἐπιτομὴ ἐκ τῶν Ταρραίου καὶ Διδύμου παροιμιῶν,Grammar,grc/zenobius-proverbs-alphabetical-pxw-aa.grc.md,273080,2601
mee,mee-aa,zenodorus-the-grammarian,zenodorus-custom,On Custom,Περὶ συνηθείας,Grammar,grc/zenodorus-custom-mee-aa.grc.md,15497,1623
thy,thy-aa,zosimus-of-constantinople,zosimus-constantinople-new-history,New History,Νέα Ἱστορία,History,grc/zosimus-constantinople-new-history-thy-aa.grc.md,801113,2206
tyc,tyc-ak,zosimus-of-panopolis,zosimus-panopolis-advisory-practitioners,Advisory Recommendations for Practitioners of the Art,Παραινέσεις συστατικαὶ τῶν ἐγχειρούντων τὴν τέχνην,Science,grc/zosimus-panopolis-advisory-practitioners-tyc-ak.grc.md,6348,2582
tyc,tyc-cd,zosimus-of-panopolis,zosimus-panopolis-aerial-water,Aerial Water,Τὸ ἀέριον ὕδωρ,Science,grc/zosimus-panopolis-aerial-water-tyc-cd.grc.md,7447,1965
tyc,tyc-ca,zosimus-of-panopolis,zosimus-panopolis-alchemical-excerpt,Alchemical Excerpt,Ἀλχημικὸν ἀπόσπασμα,Science,grc/zosimus-panopolis-alchemical-excerpt-tyc-ca.grc.md,10552,2076
tyc,tyc-bz,zosimus-of-panopolis,zosimus-panopolis-alchemical-excerpt,Alchemical Excerpt,Ἀλχημικὸν ἀπόσπασμα,Science,grc/zosimus-panopolis-alchemical-excerpt-tyc-bz.grc.md,6135,2121
tyc,tyc-bt,zosimus-of-panopolis,zosimus-panopolis-mercury-creation,Creation of Mercury,Ὑδραργύρου ποίησις,Science,grc/zosimus-panopolis-mercury-creation-tyc-bt.grc.md,7399,1820
tyc,tyc-cn,zosimus-of-panopolis,zosimus-panopolis-diagram,Diagram,Διάγραμμα,Science,grc/zosimus-panopolis-diagram-tyc-cn.grc.md,2135,1545
tyc,tyc-br,zosimus-of-panopolis,zosimus-panopolis-bronze-men,Excerpt-Bronze Men,περὶ χαλκανθρώπων,Science,grc/zosimus-panopolis-bronze-men-tyc-br.grc.md,2469,1765
tyc,tyc-bg,zosimus-of-panopolis,zosimus-panopolis-alchemy-excerpt,Excerpt-Parts of Alchemy,Ἀπόσπασμα περὶ τῶν μερῶν τῆς ἀλχημείας,Science,grc/zosimus-panopolis-alchemy-excerpt-tyc-bg.grc.md,6393,2051
tyc,tyc-as,zosimus-of-panopolis,zosimus-panopolis-binding-virgin,Excerpt-the Binding of the Virgin,Ἀπόσπασμα περὶ τῆς δεσμεύσεως τῆς Παρθένου,Science,grc/zosimus-panopolis-binding-virgin-tyc-as.grc.md,3208,2157
tyc,tyc-bs,zosimus-of-panopolis,zosimus-panopolis-white-lead,Excerpt-White Lead,Ἀπόσπασμα περὶ τοῦ λευκοῦ μολύβδου,Science,grc/zosimus-panopolis-white-lead-tyc-bs.grc.md,3218,1928
tyc,tyc-ah,zosimus-of-panopolis,zosimus-panopolis-first-book-of-the-last-abstinence-of-zosimus-the-theban,First Book of the Last Abstinence of Zosimus the Theban,Τὸ πρῶτον βιβλίον τῆς τελευταίας ἀποχῆς Ζωσίμου,Science,grc/zosimus-panopolis-first-book-of-the-last-abstinence-of-zosimus-the-theban-tyc-ah.grc.md,23859,2381
tyc,tyc-al,zosimus-of-panopolis,zosimus-panopolis-interpretation-lights,InterpretatiEverything Simply and-Lights,Ἑρμηνεία περὶ πάντων ἁπλῶς καὶ περὶ τῶν φώτων,Science,grc/zosimus-panopolis-interpretation-lights-tyc-al.grc.md,6103,2296
tyc,tyc-bl,zosimus-of-panopolis,zosimus-panopolis-interpretations,InterpretatiLights,Ἑρμηνεία περὶ τῶν φώτων,Science,grc/zosimus-panopolis-interpretations-tyc-bl.grc.md,4126,1970
tyc,tyc-bh,zosimus-of-panopolis,zosimus-panopolis-silver-tutia,Making of Silver from Tutia,Ποίησις ἐκ τουτίας ἀργύρου,Science,grc/zosimus-panopolis-silver-tutia-tyc-bh.grc.md,2767,1788
tyc,tyc-ch,zosimus-of-panopolis,zosimus-panopolis-blondness,On Blondness,Περὶ ξανθώσεως,Science,grc/zosimus-panopolis-blondness-tyc-ch.grc.md,3570,2194
tyc,tyc-aq,zosimus-of-panopolis,zosimus-panopolis-bodies-nourishment-dyes,On Bodies Being the Nourishment of Dyes,Περὶ τοῦ τροφὴν εἶναι τὰ δ’ σώματα τῶν βαφῶν·,Science,grc/zosimus-panopolis-bodies-nourishment-dyes-tyc-aq.grc.md,5834,2158
tyc,tyc-cl,zosimus-of-panopolis,zosimus-panopolis-causes,On Causes,Περὶ αἰτιῶν,Science,grc/zosimus-panopolis-causes-tyc-cl.grc.md,2988,1945
tyc,tyc-cb,zosimus-of-panopolis,zosimus-panopolis-divine-matters,On Divine Matters,Περὶ θείων,Science,grc/zosimus-panopolis-divine-matters-tyc-cb.grc.md,10776,1783
tyc,tyc-cf,zosimus-of-panopolis,zosimus-panopolis-divine-water,On Divine Water,Περὶ τοῦ θείου ὕδατος,Science,grc/zosimus-panopolis-divine-water-tyc-cf.grc.md,11122,2718
tyc,tyc-ce,zosimus-of-panopolis,zosimus-panopolis-divine-water,On Divine Water,Περὶ θείου ὕδατος,Science,grc/zosimus-panopolis-divine-water-tyc-ce.grc.md,8920,2028
tyc,tyc-cm,zosimus-of-panopolis,zosimus-panopolis-dyeing,On Dyeing,Περὶ βαφῆς,Science,grc/zosimus-panopolis-dyeing-tyc-cm.grc.md,2852,1638
tyc,tyc-ad,zosimus-of-panopolis,zosimus-panopolis-instruments-furnaces-omega,"On Instruments and Furnaces, Genuine Notes-the Omega Element",Περὶ ὀργάνων καὶ καμίνων γνήσια ὑπομνήματα περὶ,Science,grc/zosimus-panopolis-instruments-furnaces-omega-tyc-ad.grc.md,21793,2220
tyc,tyc-co,zosimus-of-panopolis,zosimus-panopolis-rust,On Rust,Περὶ ἰοῦ,Science,grc/zosimus-panopolis-rust-tyc-co.grc.md,2744,1716
tyc,tyc-cp,zosimus-of-panopolis,zosimus-panopolis-soot,On Soot,Περὶ αἰθαλῶν,Science,grc/zosimus-panopolis-soot-tyc-cp.grc.md,8081,1757
tyc,tyc-an,zosimus-of-panopolis,zosimus-panopolis-liquids-divine-water,On That All Liquids Are Called Divine Water,Περὶ τοῦ ὅτι πάντων τῶν ὑγρῶν τὸ θεῖον ὕδωρ,Science,grc/zosimus-panopolis-liquids-divine-water-tyc-an.grc.md,6435,2493
tyc,tyc-ap,zosimus-of-panopolis,zosimus-panopolis-art-dye,On That the Art Has Spoken About One Dye,Περὶ τοῦ ὅτι πάντα περὶ μιᾶς βαφῆς ἡ τέχνη,Science,grc/zosimus-panopolis-art-dye-tyc-ap.grc.md,4787,2280
tyc,tyc-av,zosimus-of-panopolis,zosimus-panopolis-magnesia-economy,On the Body of Magnesia and Economy,Περὶ σώματος μαγνησίας καὶ οἰκονομίας,Science,grc/zosimus-panopolis-magnesia-economy-tyc-av.grc.md,20227,1998
tyc,tyc-bm,zosimus-of-panopolis,zosimus-panopolis-burning-bodies,On the Burning of Bodies,Περὶ καύσεως σωμάτων,Science,grc/zosimus-panopolis-burning-bodies-tyc-bm.grc.md,8409,2397
tyc,tyc-bd,zosimus-of-panopolis,zosimus-panopolis-causes-composition,On the Causes of Composition,Περὶ ἀφορμῶν συνθέσεως,Science,grc/zosimus-panopolis-causes-composition-tyc-bd.grc.md,3570,1903
tyc,tyc-ba,zosimus-of-panopolis,zosimus-panopolis-burnt-copper,On the Difference of Burnt Copper,Περὶ διαφορᾶς χαλκοῦ κεκαυμένου,Science,grc/zosimus-panopolis-burnt-copper-tyc-ba.grc.md,5813,2231
tyc,tyc-az,zosimus-of-panopolis,zosimus-panopolis-burnt-copper,On the Difference of Burnt Copper,Περὶ διαφορᾶς χαλκοῦ κεκαυμένου,Science,grc/zosimus-panopolis-burnt-copper-tyc-az.grc.md,3949,1977
tyc,tyc-bu,zosimus-of-panopolis,zosimus-panopolis-divine-water,On the Divine Water,Περὶ τοῦ θείου ὕδατος,Science,grc/zosimus-panopolis-divine-water-tyc-bu.grc.md,10080,1875
tyc,tyc-bv,zosimus-of-panopolis,zosimus-panopolis-divine-water,On the Divine Water,Περὶ τοῦ θείου ὕδατος (= Ζωσίμου τοῦ Πανοπολίτου,Science,grc/zosimus-panopolis-divine-water-tyc-bv.grc.md,3332,1838
tyc,tyc-bw,zosimus-of-panopolis,zosimus-panopolis-divine-water,On the Divine Water,Περὶ τοῦ θείου ὕδατος,Science,grc/zosimus-panopolis-divine-water-tyc-bw.grc.md,3506,2125
tyc,tyc-bx,zosimus-of-panopolis,zosimus-panopolis-drying-agent,On the Drying Agent,Περὶ ξηρίου,Science,grc/zosimus-panopolis-drying-agent-tyc-bx.grc.md,2966,1726
tyc,tyc-bb,zosimus-of-panopolis,zosimus-panopolis-magnet-body,On the Economy of the Magnet Body,Περὶ οἰκονομίας τοῦ τῆς μαγνησίας σώματος,Science,grc/zosimus-panopolis-magnet-body-tyc-bb.grc.md,12351,2301
tyc,tyc-ay,zosimus-of-panopolis,zosimus-panopolis-evaporation-divine-water,On the Evaporation of Divine Water,Περὶ τῆς ἐξατμίσεως ὕδατος θείου,Science,grc/zosimus-panopolis-evaporation-divine-water-tyc-ay.grc.md,9862,1886
tyc,tyc-ae,zosimus-of-panopolis,zosimus-panopolis-divine-water-mercury,On the Evaporation of the Divine Water that Coagulates Mercury,Περὶ τῆς ἐξατμίσεως τοῦ θείου ὕδατος τοῦ πήσσοντος,Science,grc/zosimus-panopolis-divine-water-mercury-tyc-ae.grc.md,8863,2299
tyc,tyc-at,zosimus-of-panopolis,zosimus-panopolis-extensive-edition,On the Extensive Edition of the Work,Περὶ τῆς κατὰ πλάτος ἐκδόσεως τὸ ἔργον,Science,grc/zosimus-panopolis-extensive-edition-tyc-at.grc.md,26351,2095
tyc,tyc-bj,zosimus-of-panopolis,zosimus-panopolis-philosophers-stone,On the Philosopher's Stone,Περὶ τοῦ λίθου τῆς φιλοσοφίας,Science,grc/zosimus-panopolis-philosophers-stone-tyc-bj.grc.md,17646,2149
tyc,tyc-bi,zosimus-of-panopolis,zosimus-panopolis-preparation-ochre,On the Preparation of Ochre,Περὶ σκευασίας ὤχρας,Science,grc/zosimus-panopolis-preparation-ochre-tyc-bi.grc.md,6366,2704
tyc,tyc-bk,zosimus-of-panopolis,zosimus-panopolis-scale-blondness,On the Scale of Blondness,Περὶ σταθμοῦ ξανθώσεως,Science,grc/zosimus-panopolis-scale-blondness-tyc-bk.grc.md,8914,1757
tyc,tyc-af,zosimus-of-panopolis,zosimus-panopolis-substances-four-bodies,On the Substances and the Four Bodies According to Democritus,Περὶ τῶν ὑποστάτων καὶ τῶν δʹ σωμάτων κατὰ τὸν,Science,grc/zosimus-panopolis-substances-four-bodies-tyc-af.grc.md,16197,2119
tyc,tyc-be,zosimus-of-panopolis,zosimus-panopolis-tribikos-tube,On the Tribikos and the Tube,Περὶ τοῦ τριβίκου καὶ τοῦ σωλῆνος,Science,grc/zosimus-panopolis-tribikos-tube-tyc-be.grc.md,10131,1888
tyc,tyc-bf,zosimus-of-panopolis,zosimus-panopolis-tribikos-tube,On the Tribikos and the Tube,Περὶ τοῦ τριβίκου καὶ τοῦ σωλῆνος,Science,grc/zosimus-panopolis-tribikos-tube-tyc-bf.grc.md,4990,2018
tyc,tyc-ao,zosimus-of-panopolis,zosimus-panopolis-round-alum-counterargument,"On the Use of Round Alum, Counterargument",Περὶ τοῦ χρηστέον στυπτηρίᾳ στρογγύλῃ ἀντίλογος,Science,grc/zosimus-panopolis-round-alum-counterargument-tyc-ao.grc.md,9632,1965
tyc,tyc-au,zosimus-of-panopolis,zosimus-panopolis-work-done,On the Work to be Done at Every Time,Περὶ τοῦ ἐν παντὶ καιρῷ ἀρκτέον τὸ ἔργον,Science,grc/zosimus-panopolis-work-done-tyc-au.grc.md,9710,2103
tyc,tyc-ck,zosimus-of-panopolis,zosimus-panopolis-weights,On Weights,Περὶ σταθμῶν,Science,grc/zosimus-panopolis-weights-tyc-ck.grc.md,5983,1875
tyc,tyc-ag,zosimus-of-panopolis,zosimus-panopolis-art-substance,"On What is According to the Art, Substance and NSubstance","Περὶ τοῦ τί ἐστιν κατὰ τὴν τέχνην, οὐσία καὶ",Science,grc/zosimus-panopolis-art-substance-tyc-ag.grc.md,5776,2193
tyc,tyc-cj,zosimus-of-panopolis,zosimus-panopolis-whitening,On Whitening,Περὶ λευκώσεως,Science,grc/zosimus-panopolis-whitening-tyc-cj.grc.md,3868,2033
tyc,tyc-ci,zosimus-of-panopolis,zosimus-panopolis-whitening,On Whitening,Περὶ λευκώσεως,Science,grc/zosimus-panopolis-whitening-tyc-ci.grc.md,2832,1629
tyc,tyc-bn,zosimus-of-panopolis,zosimus-panopolis-poem-act-3,"Poem of Zosimus, Act 3",Ποίημα Ζωσίμου (πρᾶξις γʹ),Science,grc/zosimus-panopolis-poem-act-3-tyc-bn.grc.md,4675,2049
tyc,tyc-bo,zosimus-of-panopolis,zosimus-panopolis-poem-act-3,"Poem of Zosimus, Act 3",Ποίημα τοῦ Ζωσίμου (πρᾶξις γʹ),Science,grc/zosimus-panopolis-poem-act-3-tyc-bo.grc.md,4953,2342
tyc,tyc-aa,zosimus-of-panopolis,zosimus-panopolis-true-book-sophos-egyptian,True Book of Sophos the Egyptian and the Divine Lord of the Hebrews Sabaoth,Βίβλος ἀληθὴς Σοφὲ Αἰγυπτίου καὶ θείου Ἑβραίων,Science,grc/zosimus-panopolis-true-book-sophos-egyptian-tyc-aa.grc.md,6893,2141
tyc,tyc-cc,zosimus-of-panopolis,zosimus-panopolis-washing-cadmia,Washing of Cadmia,Καδμίας πλύσις,Science,grc/zosimus-panopolis-washing-cadmia-tyc-cc.grc.md,3353,2351
tyc,tyc-aj,zosimus-of-panopolis,zosimus-panopolis-genuine-divine-art,"Zosimus of Panopolis, *Genuine Writing-the Divine Art*",Ζωσίμου τοῦ Πανοπολίτου γνησία γραφὴ περὶ τῆς,Science,grc/zosimus-panopolis-genuine-divine-art-tyc-aj.grc.md,9276,2152
tyc,tyc-bp,zosimus-of-panopolis,zosimus-panopolis-speaks-lime,Zosimus Speaks-Lime,Ζώσιμος λέγει περὶ τῆς ἀσβέστου,Science,grc/zosimus-panopolis-speaks-lime-tyc-bp.grc.md,6114,1978
tyc,tyc-bq,zosimus-of-panopolis,zosimus-panopolis-speaks-lime,Zosimus Speaks-Lime,Ζώσιμος λέγει περὶ τῆς ἀσβέστου,Science,grc/zosimus-panopolis-speaks-lime-tyc-bq.grc.md,6847,1865
tyc,tyc-am,zosimus-of-panopolis,zosimus-panopolis-divine-virtue-interpretation,Zosimus the Divine-Virtue and Interpretation,Ζωσίμου τοῦ θείου περὶ ἀρετῆς καὶ ἑρμηνείας,Science,grc/zosimus-panopolis-divine-virtue-interpretation-tyc-am.grc.md,50818,2520
tyc,tyc-ar,zosimus-of-panopolis,zosimus-panopolis-divine-virtue-practice,Zosimus the Divine-Virtue Practice A,Ζωσίμου τοῦ θείου περὶ ἀρετῆς 〈πρᾶξις αʹ〉,Science,grc/zosimus-panopolis-divine-virtue-practice-tyc-ar.grc.md,16559,2091
tyc,tyc-ac,zosimus-of-panopolis,zosimus-panopolis-composition-of-waters,"Zosimus the Divine-Virtue,-the Composition of Waters Practice A",Ζωσίμου τοῦ θείου περὶ ἀρετῆς·περὶ συνθέσεως,Science,grc/zosimus-panopolis-composition-of-waters-tyc-ac.grc.md,16973,2112
tyc,tyc-bc,zosimus-of-panopolis,zosimus-panopolis-theodorus,"Zosimus to Theodorus, Chapters",Ζωσίμου πρὸς Θεόδωρον κεφάλαια,Science,grc/zosimus-panopolis-theodorus-tyc-bc.grc.md,12866,2088
tyc,tyc-by,zosimus-of-panopolis,zosimus-panopolis-practice-b,Zosimus' Practice B,Ζωσίμου πρᾶξις βʹ,Science,grc/zosimus-panopolis-practice-b-tyc-by.grc.md,7386,2203
tyc,tyc-ai,zosimus-of-panopolis,zosimus-panopolis-true-book-egyptian-sabaoth,Zosimus's True Book of the Egyptian Sage and Divine Sabaoth,Βίβλος ἀληθὴς Σοφὲ Αἰγυπτίου καὶ θείου Ἑβραίων,Science,grc/zosimus-panopolis-true-book-egyptian-sabaoth-tyc-ai.grc.md,6893,2649
tyc,tyc-cg,zosimus-of-panopolis,zosimus-panopolis-act-ii,"Zosimus, Act II",Ζωσίμου πρᾶξις βʹ,Science,grc/zosimus-panopolis-act-ii-tyc-cg.grc.md,7122,1893
tyc,tyc-aw,zosimus-of-panopolis,zosimus-panopolis-instruments-furnaces,Zosimus-Instruments and Furnaces,Ζωσίμου περὶ ὀργάνων καὶ καμίνων,Science,grc/zosimus-panopolis-instruments-furnaces-tyc-aw.grc.md,13066,1957
tyc,tyc-ax,zosimus-of-panopolis,zosimus-panopolis-instruments-furnaces,Zosimus-Instruments and Furnaces,Ζωσίμου περὶ ὀργάνων καὶ καμίνων,Science,grc/zosimus-panopolis-instruments-furnaces-tyc-ax.grc.md,8270,2189
tyc,tyc-ab,zosimus-of-panopolis,zosimus-panopolis-instruments-furnaces-omega,"Zosimus-Instruments and Furnaces, Genuine Notes-the Omega Element",Ζωσίμου περὶ ὀργάνων καὶ καμίνων γνήσια ὑπομνήματα,Science,grc/zosimus-panopolis-instruments-furnaces-omega-tyc-ab.grc.md,25490,2270
